massCalib	rtApex	intensityApex	intensitySum	charge	nIsotopes	nScans	mz	rtStart	rtEnd	FAIMS	im	mono_hills_scan_lists	mono_hills_intensity_list	scanApex	isoerror	isoerror2	feature_idx
1743.77962	52.95659	1736872.125	62543992	3	7	102	582.26715	52.45331	53.28849	0	0	[0, 1, 2, 3, 4, 5, 6, 7, 8, 9, 10, 11, 12, 13, 14, 15, 16, 17, 18, 19, 20, 21, 22, 23, 24, 25, 26, 27, 28, 29, 30, 31, 32, 33, 34, 35, 36, 37, 38, 39, 40, 41, 42, 43, 44, 45, 46, 47, 48, 49, 50, 51, 52, 53, 54, 55, 56, 57, 58, 59, 60, 61, 62, 63, 64, 65, 66, 67, 68, 69, 70, 71, 72, 73, 74, 75, 76, 77, 78, 79, 80, 81, 82, 83, 84, 85, 86, 87, 88, 89, 90, 91, 92, 93, 94, 95, 96, 97, 98, 99, 100, 101]	[102617.32812, 42069.83984, 80817.13281, 79971.23438, 54352.50391, 117045.25781, 105495.04688, 91338.05469, 82241.03125, 87634.19531, 183282.21875, 156895.45312, 92051.125, 151610.95312, 235656.875, 208638.07812, 154308, 132508.25, 223852.1875, 230121.40625, 238581.79688, 334340.375, 323075.75, 262795.0625, 220795.26562, 391551.4375, 331959.3125, 299928.875, 411500.9375, 376091.40625, 351743.78125, 370613.8125, 417214.15625, 857113.3125, 479803.78125, 393608.15625, 688226.0625, 732884.1875, 578480.8125, 182707.70312, 695605.0625, 906808.125, 926876.4375, 755312.4375, 784624.5, 830049.9375, 1235070.375, 862526.8125, 1220916, 1094871, 1180192.625, 1417163.5, 1176508, 1363150.625, 1370854, 1268698.75, 1489992.375, 1268923.75, 1736872.125, 1267484.75, 1596129.25, 1354130.625, 1042348.4375, 1073147.125, 1360731.375, 1096312.75, 932189.125, 1501117.125, 1296755.75, 1285728.25, 651133.4375, 565917.4375, 1107037.5, 796234, 1028633.1875, 1009511.5625, 878045.625, 765323.875, 768965.75, 788220.4375, 789990, 782903.4375, 716016.5, 636230.5625, 477714.78125, 413026.8125, 378329.71875, 707154.0625, 475379.09375, 296406.0625, 327533.78125, 247238.14062, 221376.29688, 222313.84375, 211854.85938, 198946.59375, 204922.5625, 100995.14062, 207616.65625, 112177.22656, 87920.38281, 122313.59375]	58	-0.42526	-1.16847	1
3434.6625	52.70979	704392.5	18927892	3	7	62	1145.89478	52.45331	52.98166	0	0	[0, 1, 2, 3, 4, 5, 6, 7, 8, 9, 10, 11, 12, 13, 14, 15, 16, 17, 18, 19, 20, 21, 22, 23, 24, 25, 26, 27, 28, 29, 30, 31, 32, 33, 34, 35, 36, 37, 38, 39, 40, 41, 42, 43, 44, 45, 46, 47, 48, 49, 50, 51, 52, 53, 54, 55, 56, 57, 58, 59, 60, 61]	[73024.09375, 75299.90625, 105180.49219, 100247.3125, 195610.0625, 169980.01562, 134678.82812, 114751.50781, 177767.60938, 173165.15625, 183971.42188, 224944.64062, 209317.35938, 336117.65625, 253528.25, 284846.53125, 306328.59375, 413098.5, 440705.96875, 342839.75, 448877.90625, 411018, 526000.8125, 406748.25, 395356.625, 558541.8125, 443853.375, 537349.625, 643294.125, 661594.6875, 704392.5, 487472.71875, 690410.5625, 657978.375, 612165.3125, 464863.625, 490367.4375, 399290.78125, 437880.0625, 67853.64844, 368972.96875, 468865.75, 384560.4375, 299633.4375, 271892.0625, 252660.60938, 289793.03125, 227311.64062, 244739.34375, 178108.125, 144338.70312, 244272.60938, 145682.21875, 128657.9375, 229916.53125, 138883.90625, 154386.54688, 58376.32422, 110514.39062, 75004.44531, 86146.84375, 64464.53516]	30	-0.1541	-0.23105	2
1193.69333	52.59703	2521934	169151200	2	7	117	597.85394	52.45331	53.41626	0	0	[0, 1, 2, 3, 4, 5, 6, 7, 8, 9, 10, 11, 12, 13, 14, 15, 16, 17, 18, 19, 20, 21, 22, 23, 24, 25, 26, 27, 28, 29, 30, 31, 32, 33, 34, 35, 36, 37, 38, 39, 40, 41, 42, 43, 44, 45, 46, 47, 48, 49, 50, 51, 52, 53, 54, 55, 56, 57, 58, 59, 60, 61, 62, 63, 64, 65, 66, 67, 68, 69, 70, 71, 72, 73, 74, 75, 76, 77, 78, 79, 80, 81, 82, 83, 84, 85, 86, 87, 88, 89, 90, 91, 92, 93, 94, 95, 96, 97, 98, 99, 100, 101, 102, 103, 104, 105, 106, 107, 108, 109, 110, 111, 112, 113, 114, 115, 116]	[1918679.375, 1793633.375, 2261732.5, 1737720.25, 1976186, 2419878, 2173782.25, 1869686.25, 2053663.125, 1458025.75, 2111596.25, 2319887.5, 1901868.25, 2475637, 2467319.25, 2320236.75, 2179133.25, 2521934, 2445443.5, 2028722.75, 2072525.25, 2275072, 2479713.25, 2139263.25, 1941411.75, 2168774.75, 2283705.75, 1942105, 2138061.75, 2305802.75, 2024108.625, 1719327.375, 1843209, 2508562.5, 1788178.375, 1715820.75, 1867530.625, 1925854.5, 1822767.75, 574480.5625, 1708353.375, 1799302.25, 1907735.375, 1313676.875, 1563022.125, 1537332.125, 1888314.125, 1463165.375, 1892660.875, 1786555.25, 1651658.5, 1623330.625, 1416189.875, 1640409.75, 1450824, 1403372.25, 1534991, 1363169.625, 1625235.5, 1260525, 1611188.375, 1269298.75, 1118869.625, 1232398.5, 1552209.375, 1161163.25, 918559.0625, 1273025.125, 1232777, 1124998.125, 799883.1875, 670117, 959180.0625, 1078710.625, 1119947.625, 1229557.5, 1150947.5, 925145.9375, 998428.0625, 1106448.25, 1064274.625, 1177242.125, 1107745.75, 909884, 986506.5625, 875617.6875, 1067239.125, 1010464.9375, 1049375.375, 966653.0625, 928701.9375, 995984.8125, 937203.5625, 973712, 757390.3125, 945083.1875, 1060066.625, 922807.3125, 1058251.5, 698635.9375, 766940.4375, 1015004.0625, 749552.1875, 826047.4375, 958187.625, 1145853.375, 854497.8125, 631771.0625, 876168.4375, 527118.4375, 686372.375, 913665.25, 471863.6875, 752003.9375, 792456.75, 712593.875, 644505.25]	17	0.40858	-1.12218	3
1537.78806	52.95659	2945646.5	102369512	2	5	100	769.90131	52.51793	53.34312	0	0	[8, 9, 10, 11, 12, 13, 14, 15, 16, 17, 18, 19, 20, 21, 22, 23, 24, 25, 26, 27, 28, 29, 30, 31, 32, 33, 34, 35, 36, 37, 38, 39, 40, 41, 42, 43, 44, 45, 46, 47, 48, 49, 50, 51, 52, 53, 54, 55, 56, 57, 58, 59, 60, 61, 62, 63, 64, 65, 66, 67, 68, 69, 70, 71, 72, 73, 74, 75, 76, 77, 78, 79, 80, 81, 82, 83, 84, 85, 86, 87, 88, 89, 90, 91, 92, 93, 94, 95, 96, 97, 98, 99, 100, 101, 102, 103, 104, 105, 106, 107]	[23130.9707, 34024.65234, 71032.95312, 83652.78125, 43611.11719, 51056.15625, 89575.75, 67678.91406, 122129.38281, 156414.17188, 188104.875, 147909.03125, 234554.14062, 201607.64062, 316839, 255400.5, 391635.6875, 313920, 435623.8125, 497889.71875, 599800.6875, 717591.0625, 754623.5625, 790204.25, 877158.75, 1144835.25, 931388, 1057016.25, 1645723.75, 1530108.25, 1475058.75, 559594.5625, 1361365.5, 1695723.625, 2014979, 1446359.125, 1806836.875, 1834042.25, 2664493.25, 2125137, 2483019.75, 2621051.75, 2457672.5, 2676985.75, 2466909.75, 2881727.25, 2708189.75, 2187379.25, 2562090.75, 2183034.75, 2945646.5, 2279409.5, 2809035.5, 2195086.5, 1814067.875, 2058818, 2388052.25, 1824765, 1847248.75, 2010404.25, 2085247, 1555181.75, 1137483, 998960.5, 1354768.25, 1275891, 1175455, 1358108.125, 1158906.375, 879304.6875, 1116599, 871359.875, 932569.875, 737557.375, 760071.5, 756883.1875, 717984.625, 465055.84375, 514638.34375, 595565.125, 451465.28125, 410088.21875, 267855.40625, 457166.90625, 219888.51562, 267441.9375, 223915, 190171.04688, 222418.71875, 142552.09375, 175857.79688, 83206.45312, 81342.5625, 106148.5625, 63113.33203, 89877.03125, 79705.45312, 65793.63281, 107476.71875, 58005.73828]	58	-0.20975	-0.34924	4
1437.84444	52.87779	4005814.75	107032624	3	5	107	480.28876	52.53982	53.41626	0	0	[10, 11, 12, 13, 14, 15, 16, 17, 18, 19, 20, 21, 22, 23, 24, 25, 26, 27, 28, 29, 30, 31, 32, 33, 34, 35, 36, 37, 38, 39, 40, 41, 42, 43, 44, 45, 46, 47, 48, 49, 50, 51, 52, 53, 54, 55, 56, 57, 58, 59, 60, 61, 62, 63, 64, 65, 66, 67, 68, 69, 70, 71, 72, 73, 74, 75, 76, 77, 78, 79, 80, 81, 82, 83, 84, 85, 86, 87, 88, 89, 90, 91, 92, 93, 94, 95, 96, 97, 98, 99, 100, 101, 102, 103, 104, 105, 106, 107, 108, 109, 110, 111, 112, 113, 114, 115, 116]	[56189.19141, 21103.05664, 16076.70312, 60468.41797, 64709.29297, 110679.71094, 68796.71875, 133635.26562, 126776.28906, 196489.85938, 232378.95312, 290845.21875, 290014.3125, 470294.59375, 607511.8125, 824476.1875, 761983.875, 823076, 1210177.625, 1551866.875, 1943961.125, 1661773, 2275179, 2290824.5, 1726146, 2888436.75, 3417799, 3565582.5, 2997617.5, 2975885.75, 2936646.5, 3827065.75, 2958383.5, 2679819, 2664888.25, 3309404.25, 3470543.75, 3008341.25, 4005814.75, 3145330.5, 2349628, 3339252.75, 2566529.25, 2890603, 2832585.75, 2432958.25, 2028231.5, 1675685.625, 2257976, 1299426, 1682233.375, 1313445.5, 989167.0625, 1010633.75, 1149132, 785284.4375, 677939.625, 908097, 619304.5, 458034.21875, 468740.09375, 449073.6875, 499529.0625, 441768.09375, 436977.75, 378514.375, 346112.5625, 327360.8125, 274529.5, 213046.67188, 288187.125, 358419.6875, 290990.96875, 184084.59375, 162792.59375, 127042.96094, 161281.03125, 89900.375, 154130.6875, 138104.70312, 50205.83203, 141094.10938, 158417.29688, 84953.25781, 99702.26562, 65084.73047, 98859.59375, 74588.55469, 87547.50781, 57539.08594, 105167.97656, 90022.78906, 130730.85938, 95726.69531, 63285.125, 102767.57031, 50918.09766, 53008.67969, 99058.86719, 73890.26562, 87721.71094, 61626.32422, 85774.21094, 64809.41406, 70160.42188, 81193.0625, 75063.25]	48	-0.49661	-1.9135	5
1570.82505	53.37916	4535333.5	94182824	2	5	54	786.4198	53.0009	53.41626	0	0	[63, 64, 65, 66, 67, 68, 69, 70, 71, 72, 73, 74, 75, 76, 77, 78, 79, 80, 81, 82, 83, 84, 85, 86, 87, 88, 89, 90, 91, 92, 93, 94, 95, 96, 97, 98, 99, 100, 101, 102, 103, 104, 105, 106, 107, 108, 109, 110, 111, 112, 113, 114, 115, 116]	[88416.36719, 59206.77344, 91159.04688, 157112.5625, 198153.375, 170856.54688, 190790.10938, 144183.29688, 145459.76562, 293917.09375, 253050.79688, 355949.5, 520114.15625, 476843.4375, 379107.46875, 555701.5, 565774.8125, 712169.3125, 749384.1875, 689493.25, 810680.8125, 1027189.875, 793671.125, 915282.1875, 1546311.125, 1587683.625, 1517561.25, 1333251, 1879847.75, 1701350, 2109079.75, 2102868.25, 2343717.5, 2366734, 2448499.75, 3094405, 1904298.25, 2302137.25, 3365902.25, 2232813.75, 4024536, 3592894.25, 4433822, 3289507.25, 2870843.25, 3862169.75, 2399956.25, 3267378.75, 4535333.5, 2902277, 3879469, 3802744.25, 3163228.5, 3978518.75]	111	-0.40636	-0.67662	6
1197.70153	52.70083	3855334.25	288687936	3	5	117	400.24112	52.45331	53.41626	0	0	[0, 1, 2, 3, 4, 5, 6, 7, 8, 9, 10, 11, 12, 13, 14, 15, 16, 17, 18, 19, 20, 21, 22, 23, 24, 25, 26, 27, 28, 29, 30, 31, 32, 33, 34, 35, 36, 37, 38, 39, 40, 41, 42, 43, 44, 45, 46, 47, 48, 49, 50, 51, 52, 53, 54, 55, 56, 57, 58, 59, 60, 61, 62, 63, 64, 65, 66, 67, 68, 69, 70, 71, 72, 73, 74, 75, 76, 77, 78, 79, 80, 81, 82, 83, 84, 85, 86, 87, 88, 89, 90, 91, 92, 93, 94, 95, 96, 97, 98, 99, 100, 101, 102, 103, 104, 105, 106, 107, 108, 109, 110, 111, 112, 113, 114, 115, 116]	[2853363, 3049806, 3571531.75, 2685132.75, 3010365.25, 3593943.75, 3149846.5, 2666495.25, 3093780, 2228366.25, 3292209.25, 3330430.75, 2719272.25, 3177807.75, 3089731.75, 2939944, 2881358, 3070101.25, 3028146, 2578213.25, 3181330.5, 3142360, 3200437.5, 3268849.5, 2920571.5, 3503327.75, 3101485.75, 2721294.25, 3037652.75, 3855334.25, 3108638.75, 2552537.75, 2454785, 3257357.25, 2317146.25, 2384793, 3136596.75, 2729571, 2808629.75, 806653.5625, 2436938.75, 2860644.5, 2978974, 1745698.625, 2058791.25, 1977836, 3007545.5, 2379916, 2941054, 2733386, 2411533.75, 2646263.25, 2204390.75, 2527553.75, 2769799, 2131562, 2369586, 2067305.125, 2601985.5, 2000175.875, 2694978.75, 2583697, 2060424, 2400338, 2880527.75, 2440082, 1784809, 2793152.25, 2340023.75, 2292580.5, 1509193, 1454272.875, 2139106.5, 2041351.5, 1835910.125, 2078967.625, 2197014.75, 1956295.75, 2018806.625, 2031062.375, 2246946, 2269016.75, 2343763.5, 2254271, 2200768.5, 1648071, 1805545.75, 2197534.25, 2149585.75, 1724107.75, 2095127.5, 2419603.25, 2016530.75, 2096009.125, 2036309.625, 2064443.5, 2127101.25, 2062521.125, 2745341.25, 1851431.875, 2262839.25, 2659293.5, 1885985.875, 2076055, 2426938.5, 2637837.5, 2095376.5, 1717345.5, 2235796.25, 1528608.25, 1851776.125, 2348447, 1605786.25, 2422824.5, 2284518.25, 1888084.5, 2523683.25]	29	-0.93239	5.02862	7
1547.91793	53.14284	1919911.125	65238776	3	5	76	516.97992	52.81844	53.41626	0	0	[41, 42, 43, 44, 45, 46, 47, 48, 49, 50, 51, 52, 53, 54, 55, 56, 57, 58, 59, 60, 61, 62, 63, 64, 65, 66, 67, 68, 69, 70, 71, 72, 73, 74, 75, 76, 77, 78, 79, 80, 81, 82, 83, 84, 85, 86, 87, 88, 89, 90, 91, 92, 93, 94, 95, 96, 97, 98, 99, 100, 101, 102, 103, 104, 105, 106, 107, 108, 109, 110, 111, 112, 113, 114, 115, 116]	[28812.42383, 33132.58203, 41580.58203, 24475.54297, 79360.99219, 52815.5, 92734.67969, 70242.82812, 109519.51562, 127057.51562, 193375.45312, 184570.39062, 254947.09375, 279581, 369066.6875, 373252.21875, 319564.25, 487827.8125, 486696.9375, 827689.75, 649425.625, 646859.6875, 872021.6875, 826737.8125, 965495.25, 1075239.625, 1051676.625, 1261379.25, 1383116.375, 1101321.625, 1326059.375, 1606449.25, 1859800.5, 1687298.375, 1521709.75, 1672415.5, 1716658.75, 1874905.75, 1719453.5, 1740936.625, 1905154.625, 1919911.125, 1761773, 1854825, 1649114.375, 1670544.875, 1793627.75, 1783567.75, 1282195, 1455046.875, 1711200.875, 1536062.125, 1346895.125, 1331002.625, 1258170.75, 967580.6875, 1150391, 1208610, 643025.375, 795515.125, 873368.5625, 641290.75, 488038.375, 635994.625, 517091.0625, 452280.03125, 300062.65625, 385867.5625, 178696.04688, 126876.1875, 143385.71875, 135021.375, 100111.99219, 109061.54688, 46363.97266, 85780.96875]	82	0	-1.39635	8
1252.45702	53.32662	981798.3125	29369360	3	5	63	418.49295	52.92554	53.41626	0	0	[54, 55, 56, 57, 58, 59, 60, 61, 62, 63, 64, 65, 66, 67, 68, 69, 70, 71, 72, 73, 74, 75, 76, 77, 78, 79, 80, 81, 82, 83, 84, 85, 86, 87, 88, 89, 90, 91, 92, 93, 94, 95, 96, 97, 98, 99, 100, 101, 102, 103, 104, 105, 106, 107, 108, 109, 110, 111, 112, 113, 114, 115, 116]	[24652.77539, 29693.35742, 54253.90625, 55571.26953, 83535.64844, 77641.23438, 127648.82812, 97693.67188, 39960.71094, 75044.05469, 134374.9375, 200196.85938, 139042.8125, 254448.875, 174977.48438, 311858.09375, 210895.5625, 127994.59375, 352924.0625, 353176.3125, 469781.34375, 480747.78125, 421311.4375, 509949.03125, 556958.5, 562909.375, 504097.84375, 566852.4375, 620787.0625, 826383.6875, 675847.8125, 510783.03125, 619093.9375, 785086.875, 812130.8125, 629026.375, 608892.625, 970724.375, 929390.75, 798601.5, 782919, 864905.4375, 810398.8125, 753126.5625, 840941.6875, 688489.8125, 630723.5625, 964567.375, 444438.09375, 494228.53125, 820211.4375, 981798.3125, 629847.75, 447739.3125, 576148, 334557.375, 348166.90625, 612504.4375, 312263.46875, 367662.84375, 360400.625, 294460.15625, 223919.85938]	105	-0.87211	-5.31353	9
533.30589	53.0379	16814962	532254400	1	4	107	534.31317	52.53982	53.41626	0	0	[10, 11, 12, 13, 14, 15, 16, 17, 18, 19, 20, 21, 22, 23, 24, 25, 26, 27, 28, 29, 30, 31, 32, 33, 34, 35, 36, 37, 38, 39, 40, 41, 42, 43, 44, 45, 46, 47, 48, 49, 50, 51, 52, 53, 54, 55, 56, 57, 58, 59, 60, 61, 62, 63, 64, 65, 66, 67, 68, 69, 70, 71, 72, 73, 74, 75, 76, 77, 78, 79, 80, 81, 82, 83, 84, 85, 86, 87, 88, 89, 90, 91, 92, 93, 94, 95, 96, 97, 98, 99, 100, 101, 102, 103, 104, 105, 106, 107, 108, 109, 110, 111, 112, 113, 114, 115, 116]	[162160.17188, 191275.71875, 124650.19531, 153509.90625, 204046.51562, 148590.875, 143120.60938, 170126.51562, 224053.625, 190503.5, 223426.90625, 226021.375, 314091.25, 313499.09375, 313975.96875, 509346.28125, 498492.0625, 546000.9375, 1060656.375, 1279084.875, 1346186.125, 1183676, 1626394.375, 2439732.75, 1614359.75, 2318363, 3401014.5, 3520752.5, 4634588, 1390442.5, 4768909.5, 6062535, 7943302.5, 4699968, 6091733, 6322982, 9907009, 7917736.5, 10551523, 10401353, 11237841, 12591387, 10387070, 15844405, 14854171, 12192658, 14615919, 10075825, 16248474, 11113937, 15313836, 13941635, 11250192, 12278503, 16695309, 11209838, 9198027, 16814962, 15276848, 10843691, 7407059, 7739749.5, 9019412, 8227085, 8737176, 9231493, 8632357, 6093748, 9394085, 6692768, 8122215.5, 6586810.5, 6285864.5, 5068393, 5253172, 4400078.5, 3667572.5, 5011815.5, 4504666, 3451564.75, 2387875, 2815996, 2207843.75, 1985340.375, 1813456.25, 1786496.375, 1704321.75, 1814024.625, 2033979.25, 1003191.3125, 937145.6875, 1421678.25, 809940.25, 894997.8125, 874358.8125, 1136528.625, 615733.4375, 547349.9375, 701953.125, 372469.5625, 539916.5625, 619007.375, 422748, 547060, 575178.1875, 437609.71875, 597367.4375]	67	-0.24142	-3.00926	10
579.34783	52.48818	11537950	280535456	1	4	117	580.3551	52.45331	53.41626	0	0	[0, 1, 2, 3, 4, 5, 6, 7, 8, 9, 10, 11, 12, 13, 14, 15, 16, 17, 18, 19, 20, 21, 22, 23, 24, 25, 26, 27, 28, 29, 30, 31, 32, 33, 34, 35, 36, 37, 38, 39, 40, 41, 42, 43, 44, 45, 46, 47, 48, 49, 50, 51, 52, 53, 54, 55, 56, 57, 58, 59, 60, 61, 62, 63, 64, 65, 66, 67, 68, 69, 70, 71, 72, 73, 74, 75, 76, 77, 78, 79, 80, 81, 82, 83, 84, 85, 86, 87, 88, 89, 90, 91, 92, 93, 94, 95, 96, 97, 98, 99, 100, 101, 102, 103, 104, 105, 106, 107, 108, 109, 110, 111, 112, 113, 114, 115, 116]	[8295129.5, 8472141, 9948058, 9815438, 11537950, 10281156, 8435480, 7016701.5, 7109165, 5871181.5, 7204502, 8302219, 6661507.5, 8982370, 8536340, 6545543, 4864519.5, 5959597.5, 6118414, 5031911, 5233476, 4467971.5, 5434247.5, 4219471.5, 3940171.25, 4770436.5, 3802524.5, 3762948, 4203201.5, 5196747, 4335849.5, 2480460.75, 2907722.75, 3255822.5, 2122384.25, 2329809, 2497192.5, 2545647, 2582222.5, 642136.8125, 1868987.375, 1870290.875, 2337262.25, 1175928.125, 1379465.375, 1185335.25, 1687572.75, 1340338.125, 1538073.25, 1436646.625, 1486983.375, 1367105.375, 992343.125, 1462968.75, 1353520, 970720.625, 1109497.375, 735697.5625, 1045972.0625, 738985.625, 963222.8125, 928517.25, 626243, 681348.1875, 977444.375, 602980.625, 531108.5625, 988976, 828485, 591666.4375, 412259.46875, 566819, 548838.625, 546475.875, 518634.75, 554739.875, 625928.125, 464127.78125, 760400.5, 462398.9375, 609045.8125, 566587.8125, 599845.75, 448640.46875, 536809.875, 508789.90625, 426293.09375, 601115.75, 556566.6875, 519325.34375, 413357.5625, 451848.96875, 414956.8125, 406373.15625, 385117.96875, 356542.625, 419113.15625, 418249.09375, 485104.71875, 281538.84375, 280231.84375, 398932.875, 335829.21875, 395741.46875, 284935.5, 356680.0625, 295687.25, 258247.5625, 324210.4375, 260124, 254438.39062, 397797.3125, 203605.125, 257041.53125, 363623.59375, 199485.82812, 279548.21875]	4	0.53329	-1.91487	11
2145.28266	52.70083	481659.125	15531892	4	4	50	537.32794	52.45331	52.8854	0	0	[0, 1, 2, 3, 4, 5, 6, 7, 8, 9, 10, 11, 12, 13, 14, 15, 16, 17, 18, 19, 20, 21, 22, 23, 24, 25, 26, 27, 28, 29, 30, 31, 32, 33, 34, 35, 36, 37, 38, 39, 40, 41, 42, 43, 44, 45, 46, 47, 48, 49]	[191240.5, 241665.79688, 240347.25, 312159.78125, 275860.28125, 352688.15625, 361923.03125, 272171.21875, 273124, 280010.90625, 389864.4375, 366676.59375, 233901.875, 327926.6875, 250553.0625, 384326.75, 299082.40625, 332907.25, 394082.65625, 324391.5625, 268626.96875, 374369.28125, 327095.125, 392208.15625, 344241.25, 381179.40625, 415823.53125, 379269.3125, 346838.59375, 481659.125, 395667.625, 307649.1875, 427353.96875, 354921.53125, 369567.53125, 215346.92188, 376352.09375, 380326, 310393.84375, 123719.69531, 336929.96875, 205307.57812, 231278.76562, 254524.40625, 166460, 241069.28125, 250309.17188, 217884.70312, 313611.53125, 236999.92188]	29	-0.47979	-0.95891	12
1515.85982	52.79515	1178999.75	25908436	3	4	62	506.29388	52.59703	53.1127	0	0	[17, 18, 19, 20, 21, 22, 23, 24, 25, 26, 27, 28, 29, 30, 31, 32, 33, 34, 35, 36, 37, 38, 39, 40, 41, 42, 43, 44, 45, 46, 47, 48, 49, 50, 51, 52, 53, 54, 55, 56, 57, 58, 59, 60, 61, 62, 63, 64, 65, 66, 67, 68, 69, 70, 71, 72, 73, 74, 75, 76, 77, 78]	[24428.21484, 84344.99219, 58242.93359, 25891.63477, 51582.25, 113369.52344, 164114.875, 112937.25781, 206158.125, 168460.23438, 179255.48438, 215145.32812, 428113.0625, 331935, 424568.46875, 539824.625, 563329.0625, 474703.9375, 753203.4375, 832189.3125, 933365.5, 908502.4375, 1178999.75, 709036.875, 805512.1875, 617290.0625, 804729.25, 630090.5, 899604.625, 672646.8125, 941752.5, 1008157.3125, 832917.5625, 450282.625, 892908.625, 858144.875, 499263.40625, 564656.875, 596654.3125, 423806.4375, 484258.90625, 518454.75, 423741.8125, 624892.375, 257680.26562, 341794.125, 306459.375, 263705.96875, 218729.75, 150727.25, 74692.375, 154516.6875, 183083.54688, 83465.89844, 113257.57812, 53104.84375, 109747.39062, 177496.75, 129722.75, 70789.42188, 124652.54688, 63346.58594]	39	-1.37661	-1.89915	13
1437.84421	52.79515	4016052.75	35016888	2	4	65	719.92938	52.60733	53.14284	0	0	[18, 19, 20, 21, 22, 23, 24, 25, 26, 27, 28, 29, 30, 31, 32, 33, 34, 35, 36, 37, 38, 39, 40, 41, 42, 43, 44, 45, 46, 47, 48, 49, 50, 51, 52, 53, 54, 55, 56, 57, 58, 59, 60, 61, 62, 63, 64, 65, 66, 67, 68, 69, 70, 71, 72, 73, 74, 75, 76, 77, 78, 79, 80, 81, 82]	[59407.66406, 57611.54297, 67486.80469, 54691.12109, 127141.40625, 155470.09375, 154071.60938, 184748.60938, 211385.125, 269095.1875, 535707.875, 481719.0625, 614990.5625, 470768.75, 716447.875, 624964.125, 528118.25, 795248.5, 945588.5625, 1146289.125, 996310.5625, 4016052.75, 920420.75, 985292.4375, 977250.6875, 764463.3125, 717911.8125, 857912.5625, 1214366, 912773.625, 1206289.5, 1079290, 805740.375, 1095744, 771222.8125, 886097.9375, 861910.875, 737695.25, 728845.25, 386216.9375, 724886.9375, 455027.53125, 565896.8125, 386099.5, 396179.4375, 280682.4375, 377621.5, 199787.89062, 187843.39062, 321731.75, 307169.59375, 206311.1875, 123538.19531, 93132.63281, 171562.53125, 148340.82812, 135120.17188, 103048.42969, 86151.21094, 113531.35938, 58011.25391, 82535.3125, 66291.73438, 118415.85156, 185203.625]	39	-0.07732	-0.84958	14
1190.71642	52.70083	1545398.125	29248568	3	4	57	397.91275	52.45331	52.94309	0	0	[0, 1, 2, 3, 4, 5, 6, 7, 8, 9, 10, 11, 12, 13, 14, 15, 16, 17, 18, 19, 20, 21, 22, 23, 24, 25, 26, 27, 28, 29, 30, 31, 32, 33, 34, 35, 36, 37, 38, 39, 40, 41, 42, 43, 44, 45, 46, 47, 48, 49, 50, 51, 52, 53, 54, 55, 56]	[98126.25, 69093.14844, 137143.35938, 104607.24219, 75865.17188, 196289.28125, 129983.27344, 171480.875, 306151.09375, 199922.89062, 446134.5, 395459.09375, 533058.1875, 452162.71875, 327652.46875, 655511.625, 711323.6875, 649385.9375, 954789.625, 703575.875, 857638.1875, 765565.1875, 930342.8125, 1109510.125, 942292.1875, 1243696.25, 1250377, 979673.3125, 1102687.75, 1545398.125, 1079460.25, 1051628.625, 987707.375, 690255.375, 762853.1875, 682950.875, 822716.75, 836219.875, 651289.375, 351763.1875, 394555.625, 431007.4375, 276957.6875, 325218.40625, 245518.34375, 227283.82812, 238848.76562, 161243.03125, 122615.65625, 152989.5625, 146522.125, 173121.95312, 126994.96875, 39685.69531, 60251.80078, 89004.34375, 75004.59375]	29	0.37623	-0.56364	15
1547.91843	53.17936	1130108.25	30103542	2	4	69	774.96649	52.86425	53.40141	0	0	[46, 47, 48, 49, 50, 51, 52, 53, 54, 55, 56, 57, 58, 59, 60, 61, 62, 63, 64, 65, 66, 67, 68, 69, 70, 71, 72, 73, 74, 75, 76, 77, 78, 79, 80, 81, 82, 83, 84, 85, 86, 87, 88, 89, 90, 91, 92, 93, 94, 95, 96, 97, 98, 99, 100, 101, 102, 103, 104, 105, 106, 107, 108, 109, 110, 111, 112, 113, 114]	[66442.83594, 24303.80664, 32429.56641, 28723.33984, 94696.82031, 87118.8125, 43607.42578, 89475.65625, 127038.82812, 53310.89844, 200909.90625, 159186.89062, 180161.32812, 212549.79688, 309242.9375, 242713.73438, 325955.8125, 362069.53125, 504954.96875, 351988.34375, 333469.5, 779192.5, 754592.125, 591478.3125, 449706.6875, 398288.25, 675708.75, 744182.1875, 618629.875, 751444.1875, 928848.375, 675238.375, 969221, 796724.3125, 1089019.25, 795635, 803027.3125, 789687.1875, 799596.875, 786353.3125, 842865.125, 1130108.25, 934355.875, 785017.4375, 704250.375, 756640.25, 627488.3125, 554614.3125, 655457.8125, 637094.5, 438681.53125, 495373.875, 590755, 358205.3125, 301138.03125, 477819.6875, 229351.73438, 387656.15625, 242153.53125, 246775.03125, 154651.71875, 68434.32031, 120912.96875, 56288.52734, 81470.73438, 66248.35938, 42789.27734, 32316.50195, 57706.94141]	87	-0.41539	-0.89915	16
1713.90525	53.32662	890680.5	17321720	2	4	48	857.9599	53.05422	53.41626	0	0	[69, 70, 71, 72, 73, 74, 75, 76, 77, 78, 79, 80, 81, 82, 83, 84, 85, 86, 87, 88, 89, 90, 91, 92, 93, 94, 95, 96, 97, 98, 99, 100, 101, 102, 103, 104, 105, 106, 107, 108, 109, 110, 111, 112, 113, 114, 115, 116]	[68882.91406, 39351.30859, 34259.45703, 51749.26953, 60203.43359, 46126.05078, 110556.10938, 90331.41406, 48942.05859, 111938.28125, 142764.89062, 111507.96094, 168193.07812, 132138.89062, 112313.26562, 211063.53125, 182212.28125, 191821.75, 253149.79688, 272031, 299787.96875, 310926.375, 334338.46875, 367889.71875, 398326.875, 463196.875, 429368.375, 414109.78125, 496837.5625, 586652.5, 383288.875, 431299.34375, 706108.4375, 417952.34375, 776304, 693101.9375, 890680.5, 672485.8125, 512130.5, 767714.5625, 462506.03125, 591939.0625, 747280.1875, 521168.46875, 670620.6875, 638126.5, 422290.53125, 475750.75]	105	-0.11888	-0.77204	17
2257.23794	53.1127	291618.375	7115063.5	3	4	49	753.41992	52.92554	53.29732	0	0	[54, 55, 56, 57, 58, 59, 60, 61, 62, 63, 64, 65, 66, 67, 68, 69, 70, 71, 72, 73, 74, 75, 76, 77, 78, 79, 80, 81, 82, 83, 84, 85, 86, 87, 88, 89, 90, 91, 92, 93, 94, 95, 96, 97, 98, 99, 100, 101, 102]	[76606.88281, 24343.18359, 45353.32422, 81398.61719, 56706.85156, 73216.46875, 75825.10156, 118178.77344, 133345.78125, 113158.625, 143464.32812, 111509.57031, 120891.15625, 231412.90625, 137603.90625, 120482.79688, 184475.3125, 91380.89062, 165751.51562, 214179.73438, 155853.85938, 225820.9375, 178006.53125, 191437.4375, 291618.375, 200099.96875, 199209.70312, 229145.3125, 171961.28125, 198537.20312, 160104.54688, 154660.60938, 209610.17188, 132246.82812, 202423.60938, 91851.35938, 121285.88281, 188410.53125, 156058.60938, 172668.67188, 185453.15625, 104943.39844, 118647.4375, 160309.625, 192097.6875, 71047.33594, 124246.625, 129481.34375, 78540.125]	78	-0.21674	-0.79417	18
1315.69443	52.74168	1195163.5	32366328	2	4	68	658.85449	52.46841	53.05422	0	0	[2, 3, 4, 5, 6, 7, 8, 9, 10, 11, 12, 13, 14, 15, 16, 17, 18, 19, 20, 21, 22, 23, 24, 25, 26, 27, 28, 29, 30, 31, 32, 33, 34, 35, 36, 37, 38, 39, 40, 41, 42, 43, 44, 45, 46, 47, 48, 49, 50, 51, 52, 53, 54, 55, 56, 57, 58, 59, 60, 61, 62, 63, 64, 65, 66, 67, 68, 69]	[44209.14844, 65838.20312, 100354.32031, 146496.92188, 83951.69531, 98320.96875, 133717.10938, 113714.04688, 199928.04688, 245451.20312, 196240.82812, 319388.125, 297113.125, 360709.46875, 363464.375, 448554.59375, 513120.28125, 453402.53125, 544062.5, 579326.5, 692085.5, 677411.25, 706470.9375, 695964.125, 879541.0625, 733993.875, 1051160.75, 1027965.625, 982404.125, 842366.8125, 1090178.5, 1195163.5, 886617.875, 744757.5, 1040879.5, 1124685.875, 1020462.6875, 313772.4375, 811218.6875, 957909.4375, 930794.25, 663828.3125, 541234.875, 603330.8125, 718062.0625, 453082.40625, 571502.0625, 498064.125, 533562.125, 454848.40625, 307981.125, 411783.5, 353179.1875, 397480.0625, 421727.625, 194225.53125, 267891.375, 169341.125, 228275.5625, 138764.04688, 101126.53125, 112304.17969, 164445.04688, 104409.91406, 73553.71094, 34037.78125, 76777.35156, 58338.41016]	33	-0.17661	-1.23483	19
1764.90195	53.18824	1333616.25	39512116	2	4	68	883.45825	52.8854	53.41626	0	0	[49, 50, 51, 52, 53, 54, 55, 56, 57, 58, 59, 60, 61, 62, 63, 64, 65, 66, 67, 68, 69, 70, 71, 72, 73, 74, 75, 76, 77, 78, 79, 80, 81, 82, 83, 84, 85, 86, 87, 88, 89, 90, 91, 92, 93, 94, 95, 96, 97, 98, 99, 100, 101, 102, 103, 104, 105, 106, 107, 108, 109, 110, 111, 112, 113, 114, 115, 116]	[28290.16016, 46463.52344, 82277.5, 72941.60156, 116490.3125, 133297.32812, 112443.05469, 206259.75, 113060.39062, 209737.32812, 174650.42188, 272602.34375, 251213.92188, 252925.03125, 273209.375, 364597.6875, 333669.53125, 383317.1875, 476059.59375, 663700.0625, 419957.6875, 297137.15625, 350124.15625, 566001.75, 494228.59375, 473620.71875, 667285.8125, 692346.375, 633768.375, 892290.125, 658515.625, 691575.125, 819437.8125, 835478.6875, 761554.125, 760386.0625, 627420.5, 590776.75, 1111034.625, 1333616.25, 954171.1875, 804421.5625, 1061210.5, 990392.375, 898495, 929289.6875, 861352.3125, 820143.9375, 1028754.25, 1049439.875, 753085.625, 730024.9375, 1169078, 652261.875, 1295418, 781720, 896593.75, 626641.4375, 549171.375, 767830, 366903.8125, 517996.8125, 621199.5, 430923.375, 494689.3125, 465945.5625, 307188.21875, 444016.09375]	88	-0.28443	-0.56838	20
1901.0187	53.17936	675527.25	22270076	3	4	78	634.68018	52.79515	53.41626	0	0	[39, 40, 41, 42, 43, 44, 45, 46, 47, 48, 49, 50, 51, 52, 53, 54, 55, 56, 57, 58, 59, 60, 61, 62, 63, 64, 65, 66, 67, 68, 69, 70, 71, 72, 73, 74, 75, 76, 77, 78, 79, 80, 81, 82, 83, 84, 85, 86, 87, 88, 89, 90, 91, 92, 93, 94, 95, 96, 97, 98, 99, 100, 101, 102, 103, 104, 105, 106, 107, 108, 109, 110, 111, 112, 113, 114, 115, 116]	[17678.10156, 68632.92969, 62353.22266, 77191.59375, 71750.57812, 101716.57812, 72237.25781, 97513.1875, 101115.47656, 120440.46094, 96087.10938, 83897.33594, 141264.90625, 174516.90625, 191277.78125, 205162.48438, 205473.20312, 158443.85938, 156721.8125, 231411.35938, 264615.90625, 271171.625, 211755.25, 284490.875, 346010.03125, 482587.84375, 328513.46875, 261061.34375, 503236.8125, 395358.46875, 479124.40625, 323738.96875, 283352.1875, 500856.5625, 473124.875, 557671.9375, 447237.96875, 524658.125, 503275.8125, 560958, 571883.1875, 459575.5625, 527555.75, 543858.3125, 483329.59375, 431824.03125, 415102.5625, 469547.40625, 675527.25, 638422.6875, 435617.5625, 497334.84375, 431496.09375, 371256.46875, 432150.65625, 390586.34375, 395044.25, 270128.59375, 379804.34375, 285655.84375, 166033.96875, 274793.5625, 380567.21875, 218969.35938, 208635.14062, 246986.46875, 265434.96875, 163998.5625, 146670.07812, 137975.54688, 78085.82031, 92763.5625, 124473.6875, 39316.23828, 28212.0332, 30364.70312, 61451.98828, 61954.76953]	87	-0.09343	-0.93355	21
1302.67771	52.70083	753615.5	22934368	2	4	62	652.34613	52.45331	52.98166	0	0	[0, 1, 2, 3, 4, 5, 6, 7, 8, 9, 10, 11, 12, 13, 14, 15, 16, 17, 18, 19, 20, 21, 22, 23, 24, 25, 26, 27, 28, 29, 30, 31, 32, 33, 34, 35, 36, 37, 38, 39, 40, 41, 42, 43, 44, 45, 46, 47, 48, 49, 50, 51, 52, 53, 54, 55, 56, 57, 58, 59, 60, 61]	[324870.40625, 393597.3125, 392228.28125, 339086.28125, 374415.8125, 480041.125, 496407.59375, 373652.21875, 395569.40625, 373672.25, 464593.1875, 524459.6875, 493180.375, 684449.0625, 620410.375, 549128.125, 587312.0625, 605086.5, 673497.875, 515320.5625, 652052.875, 656247.25, 664633.5625, 662399.1875, 517374.375, 514958.28125, 581902.8125, 540077.1875, 560910.625, 753615.5, 543769.9375, 373589.625, 384014.875, 611664.5625, 385394.375, 349845.375, 369134.65625, 457631.75, 325096.40625, 100116.71094, 270942.84375, 302528.40625, 285346.9375, 174337.60938, 258364.96875, 151635.15625, 260353.8125, 195815.95312, 192969.85938, 117947.3125, 160842.57812, 129926.61719, 107480.90625, 69397.71094, 104410.0625, 106473.07812, 53516.32031, 95363.85938, 79260.44531, 26370.17578, 61775.44141, 63903.48047]	29	0.35851	-0.44762	22
1252.45688	53.26325	885342.75	23760068	2	4	58	627.23572	52.96548	53.41626	0	0	[59, 60, 61, 62, 63, 64, 65, 66, 67, 68, 69, 70, 71, 72, 73, 74, 75, 76, 77, 78, 79, 80, 81, 82, 83, 84, 85, 86, 87, 88, 89, 90, 91, 92, 93, 94, 95, 96, 97, 98, 99, 100, 101, 102, 103, 104, 105, 106, 107, 108, 109, 110, 111, 112, 113, 114, 115, 116]	[78639.71875, 83671.29688, 63706.33594, 47719.82031, 82872.27344, 171436.21875, 170024.32812, 100197.75, 195117.96875, 187195.53125, 173126.60938, 179324.67188, 144314.17188, 243068.40625, 191067.84375, 275961.96875, 331274, 382768.34375, 408686.40625, 467146.46875, 366387.34375, 491783.375, 479834.46875, 490408.875, 512446.8125, 384312.8125, 438447.3125, 518832.46875, 812114.75, 661919.5, 574395.75, 520050.4375, 698996.0625, 670745.5625, 689904.375, 632969.1875, 691453.6875, 836888.1875, 793542.875, 885342.75, 464003.15625, 547459.625, 688151.1875, 340214.1875, 685762.625, 711035.125, 654092.4375, 513535.40625, 410469.40625, 417318.875, 195272.21875, 323001.1875, 386828.59375, 244321.875, 335870.84375, 212860.57812, 230401.75, 271371.3125]	98	-0.19012	-3.32305	23
1696.87075	52.45944	464209.1875	6230423	3	4	29	566.63086	52.45331	52.69494	0	0	[0, 1, 2, 3, 4, 5, 6, 7, 8, 9, 10, 11, 12, 13, 14, 15, 16, 17, 18, 19, 20, 21, 22, 23, 24, 25, 26, 27, 28]	[452658.65625, 464209.1875, 439081.40625, 417242.28125, 399297.71875, 336838.65625, 432992.21875, 260955, 191719.51562, 133877.40625, 315183.84375, 344660.15625, 188356.625, 206781.09375, 164028.29688, 214899.60938, 123640.27344, 197993.67188, 90625.52344, 125597.50781, 112000.40625, 88578.99219, 121014.625, 30080.5625, 74795.49219, 107424.01562, 87477.26562, 52989.37109, 55422.94531]	1	-0.66447	-2.10228	24
1796.88827	53.3955	408363.03125	5122421	3	4	28	599.97003	53.1942	53.41626	0	0	[89, 90, 91, 92, 93, 94, 95, 96, 97, 98, 99, 100, 101, 102, 103, 104, 105, 106, 107, 108, 109, 110, 111, 112, 113, 114, 115, 116]	[61370.67188, 78988.96875, 68311.58594, 21789.11133, 85741.20312, 83438.69531, 53287.80469, 92358.21094, 75752.77344, 158260.73438, 112646.76562, 101486.61719, 188487.76562, 166124.76562, 148443.625, 237641.0625, 271361.78125, 230190.35938, 193058.67188, 252922.35938, 190685.29688, 305635.4375, 352870.4375, 253934.1875, 408363.03125, 379017.90625, 276078.65625, 274173.15625]	113	-0.10165	-1.9297	25
1491.83382	52.74168	956427.5625	37850412	3	4	82	498.28522	52.45331	53.1339	0	0	[0, 1, 2, 3, 4, 5, 6, 7, 8, 9, 10, 11, 12, 13, 14, 15, 16, 17, 18, 19, 20, 21, 22, 23, 24, 25, 26, 27, 28, 29, 30, 31, 32, 33, 34, 35, 36, 37, 38, 39, 40, 41, 42, 43, 44, 45, 46, 47, 48, 49, 50, 51, 52, 53, 54, 55, 56, 57, 58, 59, 60, 61, 62, 63, 64, 65, 66, 67, 68, 69, 70, 71, 72, 73, 74, 75, 76, 77, 78, 79, 80, 81]	[419454, 344301.25, 599005.6875, 446767.90625, 444778.96875, 696694.125, 508092.59375, 355356.59375, 554827.75, 415563.84375, 571507.5625, 487205.0625, 608081.125, 716533.4375, 511380.40625, 629161.6875, 635131.1875, 693091.25, 748293.875, 542749.375, 517138.96875, 666980.625, 671334.9375, 708949.5, 525973.625, 805472.125, 879099.625, 681543.3125, 738198.625, 813904.0625, 918417.6875, 673293, 665694.75, 956427.5625, 717495, 567575.9375, 686344.5625, 639384, 877443.1875, 190516.8125, 604429.3125, 649720.4375, 776274.9375, 453599.9375, 561620.0625, 434999.0625, 604514.1875, 431872.25, 514187.875, 549206.75, 452202.71875, 482933.5625, 398639.09375, 505729.59375, 464312.5, 420516.9375, 277134.28125, 250868.51562, 295166.0625, 233752.45312, 295078.90625, 270485.46875, 266152.0625, 223919.375, 336774, 162981.4375, 109481.91406, 253818.09375, 199894.625, 237355.84375, 141490.71875, 119217.39844, 111612.75, 150574.07812, 123580.84375, 114899.46875, 78402.05469, 65865.5625, 115264.14062, 102580.99219, 82720.75781, 97417.03906]	33	-0.53711	-2.21334	26
1474.89035	52.4941	497353.25	8159290.5	2	4	33	738.45245	52.45331	52.73576	0	0	[0, 1, 2, 3, 4, 5, 6, 7, 8, 9, 10, 11, 12, 13, 14, 15, 16, 17, 18, 19, 20, 21, 22, 23, 24, 25, 26, 27, 28, 29, 30, 31, 32]	[321362, 318412.40625, 390105.9375, 387497.46875, 470351.96875, 497353.25, 427248.5625, 277752.875, 334498.5, 269825.78125, 345482.0625, 371602.65625, 323035.25, 329447.9375, 269013.25, 369956.03125, 281803.125, 258440.98438, 303010.28125, 202682.8125, 190072.85938, 131219.89062, 131802.90625, 143959.01562, 113940.86719, 135668.875, 147000.54688, 97743.85156, 96677.46875, 72915.4375, 44720.63281, 78420.61719, 26263.68359]	5	-0.44656	-0.89221	27
1905.98415	52.72279	423447.40625	8513328	3	4	36	636.33533	52.58212	52.89437	0	0	[15, 16, 17, 18, 19, 20, 21, 22, 23, 24, 25, 26, 27, 28, 29, 30, 31, 32, 33, 34, 35, 36, 37, 38, 39, 40, 41, 42, 43, 44, 45, 46, 47, 48, 49, 50]	[116203.6875, 47829.00781, 173758.67188, 178074.92188, 211649.53125, 164902.0625, 173895.375, 194246.45312, 227441.67188, 236231.6875, 203777.5625, 305839.15625, 209862.39062, 409127.71875, 391221, 402815.625, 423447.40625, 381285, 311733.3125, 354769.375, 285483.78125, 389212.5625, 330025.1875, 396915.4375, 113861.98438, 226442.17188, 242301.3125, 257641.59375, 128936.92969, 183604.89062, 174462.25, 162182.04688, 113176.44531, 173161.375, 118714.53125, 99093.01562]	31	1.3029	0.83692	28
1275.7149	52.70083	1679220.25	51218996	3	4	43	426.24557	52.45331	52.82727	0	0	[0, 1, 2, 3, 4, 5, 6, 7, 8, 9, 10, 11, 12, 13, 14, 15, 16, 17, 18, 19, 20, 21, 22, 23, 24, 25, 26, 27, 28, 29, 30, 31, 32, 33, 34, 35, 36, 37, 38, 39, 40, 41, 42]	[1449928.75, 1206020.375, 1240130.75, 996924.5, 1356859.375, 1365592.625, 1273432.375, 1191041.625, 1291433.5, 839176.75, 1157280.625, 1257127.625, 1060857.875, 1347443.375, 1153675.125, 1309626.625, 1099760.125, 1633915.5, 1360888.875, 1118584.125, 1161225.125, 1456783.875, 1217194.875, 1431086.125, 1151779.25, 1548201, 1232825.75, 1103719.5, 1318158.375, 1679220.25, 1340157.25, 984839.0625, 1158838.25, 1200055.125, 1161583.25, 996904.75, 1027646.6875, 971594.875, 1153367.625, 314696.15625, 823395.375, 938974.375, 1137040.625]	29	0.25453	-0.76271	29
429.23668	52.48818	7999047	132353696	1	3	70	430.24396	52.45331	53.05422	0	0	[0, 1, 2, 3, 4, 5, 6, 7, 8, 9, 10, 11, 12, 13, 14, 15, 16, 17, 18, 19, 20, 21, 22, 23, 24, 25, 26, 27, 28, 29, 30, 31, 32, 33, 34, 35, 36, 37, 38, 39, 40, 41, 42, 43, 44, 45, 46, 47, 48, 49, 50, 51, 52, 53, 54, 55, 56, 57, 58, 59, 60, 61, 62, 63, 64, 65, 66, 67, 68, 69]	[6267032, 6066038, 7573908.5, 6854602.5, 7999047, 7283209.5, 6105830.5, 5020787, 5301454.5, 3893262, 5122824, 5171409.5, 4274844.5, 5200582.5, 5036091.5, 4070079, 2824668, 3540039, 3337124, 2603856.5, 2812771.75, 2559445, 2246234.75, 1984411.25, 1648156.125, 1843674.375, 1624126.875, 1364497.5, 1468038.75, 1653635.125, 1194157.875, 688572.75, 687713.3125, 701105.625, 521259.1875, 522306.78125, 466006.34375, 395013, 463809.65625, 114873.24219, 253156.78125, 307752.875, 329582.09375, 145292.375, 163953.98438, 149901.09375, 159507.96875, 144558.76562, 177637.26562, 150705.28125, 150593.82812, 88958.10156, 129078.91406, 144679.10938, 88324.11719, 75068.0625, 67881.32812, 64663.33594, 92872.35938, 55666.49609, 81342.25781, 114795.6875, 107047.42969, 83890.6875, 134493.23438, 66770.21094, 55490.82812, 79522.75781, 130297.64062, 53702.17969]	4	0.5843	-0.91499	30
444.30751	53.41626	16440206	1076102912	1	3	117	445.31479	52.45331	53.41626	0	0	[0, 1, 2, 3, 4, 5, 6, 7, 8, 9, 10, 11, 12, 13, 14, 15, 16, 17, 18, 19, 20, 21, 22, 23, 24, 25, 26, 27, 28, 29, 30, 31, 32, 33, 34, 35, 36, 37, 38, 39, 40, 41, 42, 43, 44, 45, 46, 47, 48, 49, 50, 51, 52, 53, 54, 55, 56, 57, 58, 59, 60, 61, 62, 63, 64, 65, 66, 67, 68, 69, 70, 71, 72, 73, 74, 75, 76, 77, 78, 79, 80, 81, 82, 83, 84, 85, 86, 87, 88, 89, 90, 91, 92, 93, 94, 95, 96, 97, 98, 99, 100, 101, 102, 103, 104, 105, 106, 107, 108, 109, 110, 111, 112, 113, 114, 115, 116]	[5919612.5, 5662812.5, 7119430, 6334524.5, 7669482, 8102643.5, 6814557, 5527149, 6590658, 5266868, 7032702, 7446952, 6314288.5, 8220533.5, 8092981, 7812051.5, 6251306, 7682893.5, 7394092, 6311580, 7456681, 7500790, 7268788.5, 7499400.5, 6706999.5, 8234741, 7910141.5, 6925600.5, 8310243, 9580134, 8410879, 6963750, 7133521.5, 8896863, 6920765.5, 6772008.5, 7979242, 8373860.5, 8202175.5, 2997002.5, 7436377.5, 8140723.5, 8769822, 5945017, 7468139.5, 6731934.5, 8387905, 7309853, 9002245, 8803473, 8334021.5, 9021319, 7930928, 10442767, 9637402, 8567909, 9263943, 7600375.5, 10256302, 7534472.5, 10080980, 8985446, 7573952.5, 8708130, 10354727, 8613659, 7404524, 11058953, 10383068, 8755979, 6724604, 6453395, 8697445, 9066514, 9183589, 10255876, 9983526, 8154802.5, 10999145, 10523206, 10717266, 10756903, 10372385, 9418804, 10270875, 9228950, 9038956, 12493744, 12472787, 10794910, 10182554, 12332505, 11108855, 10937239, 10904250, 10934120, 11493650, 11928278, 14547661, 9507360, 9825407, 13411625, 10028647, 14505561, 12772994, 15513182, 11878897, 10973643, 13609621, 9096242, 11984075, 16047614, 10310374, 15469635, 15338099, 13297949, 16440206]	116	0.15856	-0.55309	31
519.32628	52.56754	2213922.25	148843472	1	3	117	520.33356	52.45331	53.41626	0	0	[0, 1, 2, 3, 4, 5, 6, 7, 8, 9, 10, 11, 12, 13, 14, 15, 16, 17, 18, 19, 20, 21, 22, 23, 24, 25, 26, 27, 28, 29, 30, 31, 32, 33, 34, 35, 36, 37, 38, 39, 40, 41, 42, 43, 44, 45, 46, 47, 48, 49, 50, 51, 52, 53, 54, 55, 56, 57, 58, 59, 60, 61, 62, 63, 64, 65, 66, 67, 68, 69, 70, 71, 72, 73, 74, 75, 76, 77, 78, 79, 80, 81, 82, 83, 84, 85, 86, 87, 88, 89, 90, 91, 92, 93, 94, 95, 96, 97, 98, 99, 100, 101, 102, 103, 104, 105, 106, 107, 108, 109, 110, 111, 112, 113, 114, 115, 116]	[1428126.25, 1481473.375, 1780087.5, 1758982.125, 2067070.5, 1886204.25, 1544189.875, 1330030, 1522358.5, 1240447.125, 1578608.875, 1857751.125, 1551365.25, 2213922.25, 2138961.25, 1597691.375, 1219747.625, 1692450.625, 1772076.875, 1428696.75, 1582913.875, 1346081.75, 1664182.25, 1359707.75, 1462254.375, 1640111.375, 1437798.5, 1479080, 1739693.125, 2203349.75, 1845688.625, 1201850.5, 1306196.375, 1684081.25, 1030578.4375, 1295490.75, 1397202.875, 1379359, 1521653.75, 384611.90625, 1320668.625, 1340943.25, 1818199.75, 950395.25, 1041773.6875, 1054192.5, 1449893.375, 1158366.375, 1247486, 1274375.875, 1369532.75, 1454649.25, 1107281.5, 1395610.375, 1325721.625, 1080250.625, 1392999.75, 879004.5625, 1389377.75, 856292.25, 1336324.75, 1348085.875, 1051871.5, 1076499, 1468630.625, 1051741.25, 846669.1875, 1617037, 1273649.5, 1015177.5, 693135.6875, 837596.4375, 969548.5625, 1002789.375, 1036393.5625, 1106092.875, 1265413.375, 866055.1875, 1455725.25, 982310.8125, 1390629.75, 1158958.375, 1185921.75, 1009400.3125, 1213715.875, 1042585.8125, 933127.4375, 1369336, 1261709.25, 1198252.625, 940455.25, 1193747.5, 995875.8125, 1032862.75, 1012863.9375, 1073871.75, 1119956.125, 1343885, 1559485.25, 853388, 854192.875, 1210047.625, 996624.375, 1102302.625, 961726.625, 1369494.25, 895932.6875, 723834.5625, 983086.5625, 698886.375, 823373.4375, 1217628, 695890.0625, 1046062.625, 1141895.375, 893007.0625, 1079513.25]	13	0.50239	-1.87852	32
426.29613	53.41626	22641740	1681554304	1	3	117	427.30341	52.45331	53.41626	0	0	[0, 1, 2, 3, 4, 5, 6, 7, 8, 9, 10, 11, 12, 13, 14, 15, 16, 17, 18, 19, 20, 21, 22, 23, 24, 25, 26, 27, 28, 29, 30, 31, 32, 33, 34, 35, 36, 37, 38, 39, 40, 41, 42, 43, 44, 45, 46, 47, 48, 49, 50, 51, 52, 53, 54, 55, 56, 57, 58, 59, 60, 61, 62, 63, 64, 65, 66, 67, 68, 69, 70, 71, 72, 73, 74, 75, 76, 77, 78, 79, 80, 81, 82, 83, 84, 85, 86, 87, 88, 89, 90, 91, 92, 93, 94, 95, 96, 97, 98, 99, 100, 101, 102, 103, 104, 105, 106, 107, 108, 109, 110, 111, 112, 113, 114, 115, 116]	[11277258, 10685197, 13816423, 12394178, 14128627, 14701169, 12597346, 10454853, 11752951, 9514881, 12954973, 13446716, 11710125, 14627346, 15275166, 14563298, 10790639, 13820646, 13575373, 11228525, 13808069, 12561612, 12677805, 13119660, 11980132, 14592430, 13110562, 12001309, 13949388, 17217482, 14574984, 11702151, 12407293, 15576402, 11427214, 11561568, 13488329, 13528890, 14291900, 5067595.5, 12301086, 13650016, 14988673, 9511232, 12150948, 10642636, 14042440, 11930328, 14454783, 13937535, 13538181, 15082033, 12647303, 16151546, 14785292, 13060122, 14619937, 11829412, 15957219, 11828325, 15649599, 14098321, 11557573, 13513079, 15432621, 12610834, 11025651, 16942046, 15811862, 13799903, 10261544, 9645703, 13014414, 13657484, 13700410, 15426852, 15400286, 12457074, 16597568, 14929507, 16498398, 16019631, 15090347, 13939169, 15371872, 13773541, 13329788, 18223768, 18177252, 15237748, 14258917, 17802870, 16464253, 15336008, 15527912, 15809703, 15985965, 17719980, 20877484, 13569405, 13721004, 19480924, 15177712, 19181130, 17931972, 22548854, 16636190, 14553766, 18620156, 12946360, 16570185, 22198830, 14196332, 22056480, 21296390, 18180532, 22641740]	116	-0.33733	-1.68073	33
798.49765	53.41626	2476495.25	121090448	2	3	108	400.2561	52.52826	53.41626	0	0	[9, 10, 11, 12, 13, 14, 15, 16, 17, 18, 19, 20, 21, 22, 23, 24, 25, 26, 27, 28, 29, 30, 31, 32, 33, 34, 35, 36, 37, 38, 39, 40, 41, 42, 43, 44, 45, 46, 47, 48, 49, 50, 51, 52, 53, 54, 55, 56, 57, 58, 59, 60, 61, 62, 63, 64, 65, 66, 67, 68, 69, 70, 71, 72, 73, 74, 75, 76, 77, 78, 79, 80, 81, 82, 83, 84, 85, 86, 87, 88, 89, 90, 91, 92, 93, 94, 95, 96, 97, 98, 99, 100, 101, 102, 103, 104, 105, 106, 107, 108, 109, 110, 111, 112, 113, 114, 115, 116]	[56811.78516, 126428.35156, 81253.02344, 65125.99609, 113137.07031, 119786.38281, 154318.98438, 60468.66016, 152706.9375, 166379.04688, 169349.46875, 171184.0625, 153860.5625, 206576.48438, 252169.0625, 193809.4375, 251720.14062, 293472.6875, 230251.17188, 278877.25, 472426.4375, 369028.40625, 390757.71875, 405868.21875, 480631.6875, 341675.84375, 541993.875, 568985.5625, 591530.875, 608449.4375, 206961.53125, 619407.4375, 870930.75, 819164.5625, 603698.75, 682418.375, 720677.4375, 825026.9375, 851099.5625, 1039064.875, 1082233.875, 1039827.6875, 1212216.25, 1041999, 1302206.625, 1220665.875, 971244.9375, 1232736, 933606.625, 1405583.5, 1153701.125, 1405805.375, 1391236.875, 1127718.875, 1349637.875, 1432219.75, 1351991.875, 1272722.75, 1622457.75, 1575320.875, 1577935, 1041865.5625, 1087886, 1385665.375, 1646148.5, 1429973.5, 1442005.125, 1560831.75, 1394383.125, 1477587.375, 1540338.5, 1547398.5, 1727375.5, 1489628.75, 1431299.25, 1633243.75, 1435420.875, 1331667, 1952826, 1821552.75, 1228452.25, 1546009.375, 1651839.875, 1638041.25, 1602956.75, 1592011.25, 1558913.5, 1568737.375, 1796149.75, 1838906.375, 1388879.125, 1459213.875, 2045538.5, 1398028, 1975894.25, 1925777.625, 2286653.75, 1791407.375, 1782714.375, 2228893.25, 1464501.375, 1864082.625, 2250518.75, 1554415, 2384100.25, 2317498.25, 2086161.625, 2476495.25]	116	0	-0.65101	34
2296.40986	52.78476	179081.40625	2634424.25	4	3	29	575.10974	52.57346	52.82727	0	0	[14, 15, 16, 17, 18, 19, 20, 21, 22, 23, 24, 25, 26, 27, 28, 29, 30, 31, 32, 33, 34, 35, 36, 37, 38, 39, 40, 41, 42]	[62701.31641, 29719.10742, 67453.50781, 154831.95312, 77287.3125, 50262.03516, 88916.94531, 135254.79688, 145590.9375, 108167.53906, 76797.99219, 150019.125, 124287.94531, 64980.99609, 109743.05469, 68211.88281, 61112.32812, 105653.03906, 89827.24219, 132001.6875, 98348.03125, 79507, 91911.83594, 120957.90625, 179081.40625, 40151.3125, 21941.56836, 70185.1875, 29519.23828]	38	0.43332	0.97433	35
2304.25459	53.00682	278810.25	6198142.5	4	3	58	577.07092	52.86425	53.30325	0	0	[46, 47, 48, 49, 50, 51, 52, 53, 54, 55, 56, 57, 58, 59, 60, 61, 62, 63, 64, 65, 66, 67, 68, 69, 70, 71, 72, 73, 74, 75, 76, 77, 78, 79, 80, 81, 82, 83, 84, 85, 86, 87, 88, 89, 90, 91, 92, 93, 94, 95, 96, 97, 98, 99, 100, 101, 102, 103]	[30657.27344, 40847.86719, 157502.53125, 74581.57031, 66655.6875, 124386.0625, 150889.95312, 100848.91406, 212520.20312, 149252.0625, 102140.08594, 108724.10156, 130299.59375, 78284.89062, 222913, 89280.66406, 127431.64062, 127393.30469, 278810.25, 185032.14062, 143460.3125, 91155.41406, 173823.42188, 164265.03125, 84603.33594, 118621.92188, 168538.53125, 153765.82812, 94267.65625, 200620.46875, 102394.60938, 89757.21094, 73730.17188, 141806.73438, 75477.28906, 68501.46875, 73260.61719, 118880.57031, 75576.76562, 75577.08594, 78888.33594, 120455.29688, 109323.01562, 116494.55469, 54637.73047, 120729.28125, 80535.97656, 29561.53516, 97832.44531, 64780.41406, 85199.77344, 52657.27344, 32934.98047, 23353.65625, 72085.99219, 77596, 71979.3125, 62560.10156]	64	-1.83222	0.10771	36
680.3958	52.48818	920297.8125	15461781	1	3	36	681.40308	52.45331	52.75836	0	0	[0, 1, 2, 3, 4, 5, 6, 7, 8, 9, 10, 11, 12, 13, 14, 15, 16, 17, 18, 19, 20, 21, 22, 23, 24, 25, 26, 27, 28, 29, 30, 31, 32, 33, 34, 35]	[580102.3125, 707269.0625, 733669.8125, 731293.125, 920297.8125, 752579.25, 706279.625, 565897.0625, 587473.8125, 574874.6875, 613769.9375, 811492.75, 506762.625, 762917.6875, 714756.625, 591445.0625, 398946.8125, 510530.875, 467626.1875, 342959.90625, 356255.375, 350457.6875, 332544.0625, 209195.14062, 270049.53125, 213445.79688, 187295.53125, 179896.75, 228886.28125, 173981.92188, 116011.90625, 48804.08203, 68064.91406, 65607.67188, 53808.39844, 26529.24023]	4	-0.16773	-2.8452	37
1743.77903	52.95659	627760.875	21043734	2	3	89	872.89679	52.54578	53.27224	0	0	[11, 12, 13, 14, 15, 16, 17, 18, 19, 20, 21, 22, 23, 24, 25, 26, 27, 28, 29, 30, 31, 32, 33, 34, 35, 36, 37, 38, 39, 40, 41, 42, 43, 44, 45, 46, 47, 48, 49, 50, 51, 52, 53, 54, 55, 56, 57, 58, 59, 60, 61, 62, 63, 64, 65, 66, 67, 68, 69, 70, 71, 72, 73, 74, 75, 76, 77, 78, 79, 80, 81, 82, 83, 84, 85, 86, 87, 88, 89, 90, 91, 92, 93, 94, 95, 96, 97, 98, 99]	[92365.28906, 21542.95312, 87117.32812, 104673.19531, 62218.44141, 69513.50781, 70964.60938, 104128.96094, 86539, 146031.3125, 96422.60938, 110400.28125, 127600.64844, 52777.62109, 113550.67969, 116053.86719, 145410.5, 155849.79688, 175187.21875, 211787.85938, 106141.70312, 115896.71875, 227108.70312, 129152.53125, 164487.98438, 259417.01562, 261214.92188, 216253.75, 51832.07812, 309295.8125, 302759.78125, 343189.59375, 221060.95312, 266130.40625, 291684.96875, 355680.53125, 272587.5625, 359635.8125, 404642, 310855.34375, 485133.0625, 313240, 421000.4375, 465804.25, 373088.9375, 495431.53125, 382927.09375, 627760.875, 344798.90625, 513255.59375, 434738.25, 392455.5, 437883.4375, 570854.5, 374702, 407757.03125, 521228.6875, 489345.40625, 353146.4375, 203131.0625, 232704.35938, 363663.5625, 251567.17188, 358012.0625, 320545.84375, 269025.0625, 174003.73438, 341483.625, 274697.125, 290460.21875, 258965.21875, 200684.95312, 222583.39062, 179871.125, 252298.54688, 163924.45312, 177662.53125, 150559.71875, 142033.51562, 114551.88281, 76974.47656, 70342.10938, 71538.03906, 58840, 74793.4375, 61741.08203, 47429.9375, 65175.99219, 50747.68359]	58	0.23168	-0.4051	38
1392.71775	53.0379	691942.1875	20316926	2	3	69	697.36615	52.80812	53.34909	0	0	[40, 41, 42, 43, 44, 45, 46, 47, 48, 49, 50, 51, 52, 53, 54, 55, 56, 57, 58, 59, 60, 61, 62, 63, 64, 65, 66, 67, 68, 69, 70, 71, 72, 73, 74, 75, 76, 77, 78, 79, 80, 81, 82, 83, 84, 85, 86, 87, 88, 89, 90, 91, 92, 93, 94, 95, 96, 97, 98, 99, 100, 101, 102, 103, 104, 105, 106, 107, 108]	[31012.79297, 46425.63281, 69488.45312, 68272.28906, 65053.95703, 132728.07812, 169495.875, 196828.20312, 187509.95312, 217146.98438, 204745.10938, 226888.20312, 300025.625, 415263.875, 317254.15625, 294545.03125, 301091.75, 353008.46875, 461912.84375, 351957.90625, 410094.4375, 495309.3125, 400702.3125, 419636.46875, 513864.25, 498605.125, 437406, 691942.1875, 619536.125, 514930, 310254.03125, 306915.28125, 493448.0625, 441767.8125, 398760.21875, 465130.625, 458135.96875, 391303, 474115.40625, 452911.65625, 431591.0625, 452952.375, 422110.03125, 363808.625, 506620.4375, 310476.40625, 276920.59375, 463341.1875, 278512.03125, 309555.1875, 344215.5, 342451.5, 151795.79688, 227749.6875, 235298.125, 176901.5, 166871.01562, 117194.20312, 234875.76562, 127967.46875, 139742.26562, 107895.77344, 82086.21875, 101026.28125, 27526.39062, 100565.29688, 71953.19531, 60441.12891, 79051.09375]	67	0.0811	-0.64806	39
1832.06953	52.87779	490978.75	15502397	4	3	81	459.02466	52.59703	53.25744	0	0	[17, 18, 19, 20, 21, 22, 23, 24, 25, 26, 27, 28, 29, 30, 31, 32, 33, 34, 35, 36, 37, 38, 39, 40, 41, 42, 43, 44, 45, 46, 47, 48, 49, 50, 51, 52, 53, 54, 55, 56, 57, 58, 59, 60, 61, 62, 63, 64, 65, 66, 67, 68, 69, 70, 71, 72, 73, 74, 75, 76, 77, 78, 79, 80, 81, 82, 83, 84, 85, 86, 87, 88, 89, 90, 91, 92, 93, 94, 95, 96, 97]	[23789.02539, 50267.24219, 54975.63281, 48475, 49778.02344, 48897.20703, 24651.4707, 50656.09766, 35193.55078, 69681.05469, 97769.07031, 88183.78906, 154145.28125, 171490.9375, 177538.625, 125457.63281, 217286.17188, 168195.03125, 113962.84375, 223453.65625, 234989.70312, 227036.26562, 118171.47656, 156529.32812, 262251.65625, 326352.59375, 169264.71875, 336808.125, 255470.07812, 312047.4375, 323061.1875, 490978.75, 374040.6875, 359416.90625, 350959.71875, 358068.40625, 233947.5, 360936, 322438.1875, 262466, 277653.75, 418002.96875, 257995.76562, 355389.21875, 247156.28125, 330921.40625, 232129.46875, 257733.4375, 198355.59375, 349826.28125, 359665.78125, 228516.32812, 247017.48438, 160708.75, 155251.39062, 167732.21875, 163850.54688, 211552.34375, 249780.59375, 268049.6875, 179051.53125, 252788.125, 221300.15625, 149116.95312, 159067.40625, 123252.53906, 131453.3125, 134370.89062, 101981.22656, 61468.45703, 185493.29688, 157052.28125, 101975.35156, 58469.49609, 89044.90625, 118696.46875, 84998.78906, 52990.55078, 67660.63281, 42037.03906, 63760.48047]	48	1.29111	0.45531	40
1522.77829	53.41626	265250.75	1597443.625	2	3	12	762.39642	53.32662	53.41626	0	0	[105, 106, 107, 108, 109, 110, 111, 112, 113, 114, 115, 116]	[120426.09375, 63515.81641, 70269.1875, 130538.63281, 76447.60938, 143875.82812, 149811.95312, 133148.46875, 123655.5625, 190940.5625, 129563.22656, 265250.75]	116	-1.48996	-3.89844	41
1696.92495	52.45331	126327.82031	653687.125	3	3	9	566.64893	52.45331	52.51793	0	0	[0, 1, 2, 3, 4, 5, 6, 7, 8]	[126327.82031, 72236.1875, 89186.20312, 60449.48047, 52531.37891, 56348.42969, 49846.67188, 61768.20312, 84992.79688]	0	-0.44296	-1.54897	42
1810.42695	53.16907	51379.49219	99388.07031	4	3	3	453.61401	53.16907	53.18824	0	0	[86, 87, 88]	[51379.49219, 28444.67773, 19563.89648]	86	-4.6386	-7.87909	43
2028.03281	53.30325	464932.125	9355766	2	3	53	1015.02368	53.00682	53.41626	0	0	[64, 65, 66, 67, 68, 69, 70, 71, 72, 73, 74, 75, 76, 77, 78, 79, 80, 81, 82, 83, 84, 85, 86, 87, 88, 89, 90, 91, 92, 93, 94, 95, 96, 97, 98, 99, 100, 101, 102, 103, 104, 105, 106, 107, 108, 109, 110, 111, 112, 113, 114, 115, 116]	[62781.47656, 62902.40234, 51676.53516, 100318.53125, 69583.85938, 88102.11719, 54653.96484, 61309.42578, 82654.95312, 111236.46094, 98036.41406, 94333.27344, 116070.22656, 111901.82812, 157198.375, 195429.875, 159741.65625, 213834.73438, 152614.28125, 197224.54688, 224872.0625, 160723.65625, 186310.59375, 202511.54688, 312342.71875, 209630.79688, 200860.3125, 250134.20312, 267023.75, 318759.65625, 231802.9375, 192776.75, 216119.53125, 203870.57812, 365593.90625, 233726.85938, 167834.0625, 248783.32812, 188157.8125, 464932.125, 242080.1875, 326166.125, 238412.85938, 144588.78125, 185197.89062, 95342.04688, 157637.48438, 206340.85938, 148913.92188, 110722.19531, 124479.65625, 126924.42188, 160586.53125]	103	0	-0.60012	44
1662.8915	52.4941	222664.04688	2704461.25	3	3	24	555.30444	52.45331	52.65047	0	0	[0, 1, 2, 3, 4, 5, 6, 7, 8, 9, 10, 11, 12, 13, 14, 15, 16, 17, 18, 19, 20, 21, 22, 23]	[179757.48438, 196268.32812, 190440.15625, 140872.29688, 134598.42188, 222664.04688, 142878.95312, 104796.11719, 142535.1875, 81059.78906, 133726.59375, 188807.0625, 94397.99219, 97036.38281, 63950.95703, 57573.35156, 76928.35938, 57831.71094, 126768.625, 64474.55078, 72832.46875, 22624.88867, 64547.72266, 47090.10938]	5	-0.2283	-1.48258	45
1002.56229	53.41626	570014.3125	6352355	2	3	29	502.28842	53.18824	53.41626	0	0	[88, 89, 90, 91, 92, 93, 94, 95, 96, 97, 98, 99, 100, 101, 102, 103, 104, 105, 106, 107, 108, 109, 110, 111, 112, 113, 114, 115, 116]	[31640.2793, 23422.27148, 44022.26953, 26233.92773, 67933.03906, 66486.17969, 123449.28125, 63109.44922, 108828.5625, 101872.88281, 125383.02344, 99043.42188, 134076.3125, 248778.82812, 158540.375, 173536.98438, 196975.59375, 307288.46875, 233374.6875, 260493.84375, 324385.3125, 230599.51562, 290282.96875, 469094.9375, 327864.28125, 496172.71875, 543062.8125, 506388.03125, 570014.3125]	116	-0.0663	-0.92688	46
1474.8897	52.4941	550107.75	8670923	3	3	28	492.63718	52.45331	52.68333	0	0	[0, 1, 2, 3, 4, 5, 6, 7, 8, 9, 10, 11, 12, 13, 14, 15, 16, 17, 18, 19, 20, 21, 22, 23, 24, 25, 26, 27]	[347569.6875, 401747.34375, 405065.6875, 408759.21875, 410806.03125, 550107.75, 415461.71875, 351839.28125, 459054, 285624.5625, 416166.40625, 349379.6875, 403684.0625, 354387.75, 247480.90625, 338420.34375, 365995.46875, 321135.90625, 342244.84375, 185009.96875, 243093.76562, 269840.375, 170050.375, 195294.85938, 140657.0625, 65488.97266, 143420.875, 83134.61719]	5	-0.34148	-1.09162	47
1707.89402	52.92554	483143.0625	21754432	2	3	113	854.95428	52.45331	53.38512	0	0	[0, 1, 2, 3, 4, 5, 6, 7, 8, 9, 10, 11, 12, 13, 14, 15, 16, 17, 18, 19, 20, 21, 22, 23, 24, 25, 26, 27, 28, 29, 30, 31, 32, 33, 34, 35, 36, 37, 38, 39, 40, 41, 42, 43, 44, 45, 46, 47, 48, 49, 50, 51, 52, 53, 54, 55, 56, 57, 58, 59, 60, 61, 62, 63, 64, 65, 66, 67, 68, 69, 70, 71, 72, 73, 74, 75, 76, 77, 78, 79, 80, 81, 82, 83, 84, 85, 86, 87, 88, 89, 90, 91, 92, 93, 94, 95, 96, 97, 98, 99, 100, 101, 102, 103, 104, 105, 106, 107, 108, 109, 110, 111, 112]	[43208.66797, 38547.69922, 70003.63281, 96790.24219, 47603.95312, 47175.81641, 57827.69922, 50945.34766, 84381.32031, 52563.55078, 56920.27734, 84375.57031, 87463.05469, 112690.38281, 71665.90625, 131305.10938, 67175.64844, 93095.9375, 123132.22656, 78493.6875, 100580.24219, 85982.41406, 84206.02344, 139769.26562, 104821.74219, 90831.77344, 134161.98438, 157221, 161112.82812, 116250.38281, 168876.5625, 118614.34375, 172729.4375, 191542.21875, 152516.54688, 183217.57812, 197587.95312, 265159.625, 172013.51562, 142882.375, 228765.65625, 273079.0625, 253447.70312, 202041.79688, 302881.71875, 195914.82812, 315628, 289037.375, 348823.71875, 319245.75, 400279.75, 447807.875, 420296.8125, 397710.53125, 483143.0625, 374121.5, 470060.5, 396126.875, 443243.28125, 417874.03125, 400239.53125, 459406.9375, 389933.21875, 455605.28125, 431752.03125, 371864.28125, 295800.21875, 367328.46875, 356504.53125, 427145.875, 306832.84375, 222399.65625, 305638.03125, 209056.32812, 293993.09375, 315749.59375, 261424.40625, 163677.70312, 253794.03125, 220585.1875, 202069.73438, 209492.5625, 251644.64062, 197669.04688, 200052.48438, 95552.96094, 211727.29688, 195382.8125, 125463.6875, 174618.20312, 136417.125, 95759.49219, 100029.96094, 123689.60938, 96822.27344, 119027.89844, 91206.73438, 53752.30078, 115887.70312, 72487.92188, 88167.83594, 123666.76562, 76672.29688, 86417.3125, 85678.01562, 98384.08594, 43776.67188, 47258.53125, 59353.64062, 50609.59375, 55305.04688, 76999.42969, 69682.14062]	54	0.11951	0.2985	48
2587.25387	53.38512	181955.53125	1685769	3	3	18	863.42523	53.27224	53.41626	0	0	[99, 100, 101, 102, 103, 104, 105, 106, 107, 108, 109, 110, 111, 112, 113, 114, 115, 116]	[47358.98047, 62336.34375, 88000.47656, 74831.16406, 86561.88281, 67223.90625, 100668.53125, 93461.0625, 80551.60938, 128717.08594, 65960.71875, 100858.80469, 85933.0625, 181955.53125, 113047.41406, 146247.90625, 58571.46875, 103483.17969]	112	-0.64783	-0.17658	49
1445.89806	53.28849	230431.10938	2365434	3	3	20	482.9733	53.25744	53.41626	0	0	[97, 98, 99, 100, 101, 102, 103, 104, 105, 106, 107, 108, 109, 110, 111, 112, 113, 114, 115, 116]	[78985.375, 104646.85156, 93022.54688, 127788.375, 230431.10938, 125403.53125, 92271.46094, 153020.29688, 142281.39062, 163694.01562, 101889.19531, 107809.86719, 82754.75781, 183962.1875, 64725.12891, 111527.20312, 80320.42188, 83759.8125, 133938.35938, 103202.15625]	101	-0.28142	-0.56225	50
1725.86074	53.04385	349785.875	6968842	3	3	35	576.29419	52.77719	53.06523	0	0	[37, 38, 39, 40, 41, 42, 43, 44, 45, 46, 47, 48, 49, 50, 51, 52, 53, 54, 55, 56, 57, 58, 59, 60, 61, 62, 63, 64, 65, 66, 67, 68, 69, 70, 71]	[137159.98438, 100917.01562, 80630.50781, 128022.71094, 144944.35938, 147363.1875, 86844.08594, 141676.10938, 155909.48438, 221796.35938, 176167.5625, 274575.78125, 170961.01562, 196616.71875, 213303.67188, 229806.57812, 240834.26562, 233981.51562, 188637.25, 173406.04688, 229039.39062, 187686.96875, 268444.96875, 272158.0625, 206509.875, 213779.96875, 201822.28125, 308342, 222160.95312, 182718.375, 334115.53125, 349785.875, 246708.79688, 157893.84375, 144120.1875]	68	-0.32392	-1.29454	51
966.5734	53.12135	1140380	51568936	2	3	92	484.29398	52.66554	53.41626	0	0	[25, 26, 27, 28, 29, 30, 31, 32, 33, 34, 35, 36, 37, 38, 39, 40, 41, 42, 43, 44, 45, 46, 47, 48, 49, 50, 51, 52, 53, 54, 55, 56, 57, 58, 59, 60, 61, 62, 63, 64, 65, 66, 67, 68, 69, 70, 71, 72, 73, 74, 75, 76, 77, 78, 79, 80, 81, 82, 83, 84, 85, 86, 87, 88, 89, 90, 91, 92, 93, 94, 95, 96, 97, 98, 99, 100, 101, 102, 103, 104, 105, 106, 107, 108, 109, 110, 111, 112, 113, 114, 115, 116]	[65891.89844, 69260.23438, 61401.53125, 57731.50781, 135307.70312, 83441.67969, 91471.32031, 89282.34375, 151000.09375, 149414.9375, 208600.48438, 202645.875, 160343.29688, 198040.85938, 90190.78906, 225435.3125, 293203.84375, 291206.21875, 233992.29688, 355326.65625, 276864.71875, 400682.96875, 446148.75, 507623.5, 490086.75, 492357.1875, 591629.125, 454963.625, 694197.875, 635924.9375, 657924.5, 641832.875, 571377.75, 879612.6875, 698774.5, 929692.875, 741181.5625, 651598.75, 836625.9375, 967870.3125, 764586.125, 710220.625, 924975.5, 1054204.125, 1005854.3125, 615385, 626732.3125, 912023.25, 976280.4375, 841529.6875, 960462.1875, 804175.375, 863606.5625, 1051012.625, 1140380, 907883.125, 912602.3125, 941728.625, 880971.6875, 991184.625, 824987.5, 774278.0625, 920441.6875, 1026656.9375, 789708.125, 729878.5625, 915179.4375, 878191.3125, 742046.75, 890096.8125, 645738.625, 633092.0625, 699411.0625, 723448.5625, 465095.03125, 503012.875, 632312.0625, 503424.03125, 481617.1875, 621317.0625, 550665.875, 410337.5625, 338223.21875, 456702.59375, 233204.64062, 335888.03125, 260551.35938, 254251.98438, 275068.9375, 153330.85938, 122600.45312, 112220.61719]	79	-0.35015	-2.37735	52
2099.08462	52.90324	178279.92188	2504150.25	3	3	33	700.70215	52.83323	53.09276	0	0	[43, 44, 45, 46, 47, 48, 49, 50, 51, 52, 53, 54, 55, 56, 57, 58, 59, 60, 61, 62, 63, 64, 65, 66, 67, 68, 69, 70, 71, 72, 73, 74, 75]	[40290.41797, 31070.28125, 60533.78516, 77770.34375, 67076.9375, 102507.67969, 87494.5, 74151.24219, 178279.92188, 75651.11719, 85709.04688, 31688.76562, 102661.76562, 94440.04688, 73003.75781, 123451.45312, 107528.44531, 66863.22656, 76344.5, 21177.05664, 124959.38281, 64794.60156, 62343.43359, 76138.10938, 70538.66406, 87167.75781, 91320.22656, 61964.4375, 38917.51172, 83172.1875, 64433.46484, 61365.13281, 39340.78516]	51	-0.72492	-0.96586	53
1686.04189	52.87779	308268.5	5915180	3	3	43	563.02124	52.66554	53.0379	0	0	[25, 26, 27, 28, 29, 30, 31, 32, 33, 34, 35, 36, 37, 38, 39, 40, 41, 42, 43, 44, 45, 46, 47, 48, 49, 50, 51, 52, 53, 54, 55, 56, 57, 58, 59, 60, 61, 62, 63, 64, 65, 66, 67]	[63430.03516, 27471.59766, 75198.02344, 26816.93555, 78775.625, 95768.85156, 73124.76562, 185437.71875, 117856.29688, 138330.6875, 182064.125, 148360.48438, 224663.75, 258875.8125, 50214.79297, 277621.71875, 187499.3125, 153950.6875, 207865.46875, 162501.5625, 262233, 207419.25, 239052.98438, 308268.5, 219588.03125, 130247.5, 250742.84375, 228122.125, 166942.85938, 96527.96094, 137320.92188, 158800.79688, 85927.78125, 118714.9375, 65100.59375, 91863.57031, 26275.33789, 44900.73047, 84073.22656, 85383.91406, 48238.80469, 17189.29883, 106415.91406]	48	1.22991	0.67026	54
922.56076	52.4941	1011168.625	18350844	2	3	39	462.28766	52.45331	52.78476	0	0	[0, 1, 2, 3, 4, 5, 6, 7, 8, 9, 10, 11, 12, 13, 14, 15, 16, 17, 18, 19, 20, 21, 22, 23, 24, 25, 26, 27, 28, 29, 30, 31, 32, 33, 34, 35, 36, 37, 38]	[727942.125, 624864.3125, 793768, 646468.375, 748320.9375, 1011168.625, 864831.6875, 666134.3125, 774475, 618941.25, 828336.4375, 801289.875, 611769, 751919.4375, 785107, 742365.4375, 580021.9375, 656262.375, 587526.3125, 465216.5625, 415876.78125, 518803.09375, 401672.78125, 330050.46875, 330451.625, 271971.3125, 234849.59375, 219525.73438, 222688.23438, 259345.90625, 191949.34375, 115285, 137297.32812, 106571.40625, 68891.67969, 77683.07031, 35698.72266, 62116.41016, 63384.16406]	5	-0.67576	-2.02399	55
935.59305	53.3955	425762.8125	5824393.5	2	3	28	468.8038	53.1942	53.41626	0	0	[89, 90, 91, 92, 93, 94, 95, 96, 97, 98, 99, 100, 101, 102, 103, 104, 105, 106, 107, 108, 109, 110, 111, 112, 113, 114, 115, 116]	[53148.61719, 56136.27344, 56809.62891, 86396.39062, 52010.91797, 103177.80469, 81934.28906, 142935.84375, 108669.10156, 156529.98438, 133589.8125, 167761.57812, 204663.35938, 180235.48438, 278723.53125, 355024.375, 318195.03125, 202026, 234706.51562, 263292.65625, 175825.40625, 260403.1875, 409302.21875, 324266.125, 425762.8125, 368452.90625, 337222, 287190.875]	113	-0.07353	-1.6884	56
1317.73357	52.4941	65397.50391	91103.0625	3	3	2	440.2518	52.4941	52.50173	0	0	[5, 6]	[65397.50391, 25705.55469]	5	-6.06234	-4.76362	57
1199.54607	53.30325	1038573.5	17955338	1	3	58	1200.55334	52.96548	53.41626	0	0	[59, 60, 61, 62, 63, 64, 65, 66, 67, 68, 69, 70, 71, 72, 73, 74, 75, 76, 77, 78, 79, 80, 81, 82, 83, 84, 85, 86, 87, 88, 89, 90, 91, 92, 93, 94, 95, 96, 97, 98, 99, 100, 101, 102, 103, 104, 105, 106, 107, 108, 109, 110, 111, 112, 113, 114, 115, 116]	[25321.40039, 67688.51562, 54504.76172, 47693.48047, 46065.32812, 117767.8125, 83326.60938, 87652.26562, 115186.42969, 166571.89062, 112452.89062, 121579.64062, 109029.19531, 141903.04688, 198085.21875, 186317.8125, 265058.65625, 259918.92188, 208358.17188, 347687.84375, 309901.625, 334898.75, 317755.4375, 304244.1875, 453127.9375, 371112.375, 334421.25, 395090.65625, 420345.21875, 583612.25, 503139.5625, 355424.875, 582340.25, 481936.46875, 519710.5625, 483250.34375, 471437.78125, 560871.75, 485989.15625, 568109, 388086.34375, 405214.03125, 519613.53125, 301074.71875, 1038573.5, 450683.28125, 462493.0625, 364340.25, 276760, 377757.5625, 174731.39062, 275040.0625, 297915.46875, 178011.53125, 239604.9375, 243145.40625, 155004.92188, 208399.84375]	103	-0.21537	-2.43784	58
1972.03867	53.18824	287162.9375	6845783	2	3	45	987.02661	53.01995	53.36084	0	0	[65, 66, 67, 68, 69, 70, 71, 72, 73, 74, 75, 76, 77, 78, 79, 80, 81, 82, 83, 84, 85, 86, 87, 88, 89, 90, 91, 92, 93, 94, 95, 96, 97, 98, 99, 100, 101, 102, 103, 104, 105, 106, 107, 108, 109]	[73368.89844, 61614.35547, 132954.09375, 137363.73438, 82872.46875, 70421.60938, 68061.6875, 96605.72656, 150318.57812, 108883.24219, 164796.4375, 156131.39062, 185187.95312, 148509.34375, 176241.8125, 175040.09375, 188763.75, 142640.1875, 215735.60938, 201953.84375, 243461.15625, 182924.4375, 268691.6875, 287162.9375, 184946.89062, 214517.48438, 245770.65625, 222578.46875, 185659.54688, 192177, 250466.07812, 190478.07812, 185381.51562, 191403.3125, 89179.11719, 103936.3125, 192396.8125, 87762.14844, 177450.42188, 88266.10156, 81385.57031, 98531.39062, 52827.16797, 50673.74219, 40290.66797]	88	-0.1927	-0.33698	59
2189.21064	52.45944	189784.375	1581285.75	4	3	19	548.30994	52.45331	52.60733	0	0	[0, 1, 2, 3, 4, 5, 6, 7, 8, 9, 10, 11, 12, 13, 14, 15, 16, 17, 18]	[93956.10156, 189784.375, 130454.875, 61726.97266, 45263.80859, 66709.13281, 155622.17188, 93207.50781, 83575.375, 39789.90625, 56956.41406, 72273.58594, 52108.64453, 77558.50781, 58603.07812, 65357.71094, 64841.41016, 78976.21875, 94519.85938]	1	0	-0.69771	60
1275.6865	52.8854	594613.6875	18497512	2	3	72	638.85052	52.65658	53.24254	0	0	[24, 25, 26, 27, 28, 29, 30, 31, 32, 33, 34, 35, 36, 37, 38, 39, 40, 41, 42, 43, 44, 45, 46, 47, 48, 49, 50, 51, 52, 53, 54, 55, 56, 57, 58, 59, 60, 61, 62, 63, 64, 65, 66, 67, 68, 69, 70, 71, 72, 73, 74, 75, 76, 77, 78, 79, 80, 81, 82, 83, 84, 85, 86, 87, 88, 89, 90, 91, 92, 93, 94, 95]	[24104.19727, 82313.91406, 131672.90625, 57182.67969, 64889.58594, 170269.95312, 115875.57812, 133113.54688, 111189.84375, 221107.89062, 139642.625, 152682.17188, 244710.73438, 261273.65625, 278988.5625, 66252.09375, 324048.90625, 372723.65625, 346987.03125, 229178.98438, 290345.8125, 338881.53125, 535551, 359900.71875, 547529.1875, 594613.6875, 542766.3125, 540300.375, 416965.84375, 518038.0625, 538702.0625, 469459.875, 510242.875, 288543.9375, 430989.46875, 389224.9375, 524357.625, 456551.75, 313946.28125, 338761.5625, 464399.375, 387299.3125, 334300.9375, 417043.28125, 363102.71875, 333392.65625, 281076.4375, 150336.46875, 261869.95312, 250373.67188, 230172.14062, 214646.65625, 167606.6875, 180284.89062, 178898.23438, 178310.625, 207670.78125, 143732.60938, 102886.09375, 153220.125, 162752.39062, 120858.90625, 80470.54688, 98721.34375, 116764.82812, 76406.52344, 59756.05078, 79268.36719, 56218.16797, 27114.30664, 76168.74219, 68512.21875]	49	-0.64736	-2.12453	61
1234.78213	52.45331	473643.875	5569861.5	3	3	29	412.60132	52.45331	52.69494	0	0	[0, 1, 2, 3, 4, 5, 6, 7, 8, 9, 10, 11, 12, 13, 14, 15, 16, 17, 18, 19, 20, 21, 22, 23, 24, 25, 26, 27, 28]	[473643.875, 369192.4375, 366260.28125, 326821.34375, 387439, 417588.25, 378177.09375, 268951.65625, 381764.21875, 140737.375, 216473.57812, 209880.375, 109993.96094, 189760.125, 137047.73438, 130084.35938, 115657.64062, 170655.42188, 185382.65625, 78231.27344, 77054.71875, 97611.30469, 82459.02344, 28786.84375, 73946.02344, 62183.52734, 15334.90234, 47356.07422, 31386.27539]	0	-1.78169	-1.33464	62
2145.28315	53.22899	197578.1875	1756075.875	4	3	22	537.32806	53.21347	53.38512	0	0	[91, 92, 93, 94, 95, 96, 97, 98, 99, 100, 101, 102, 103, 104, 105, 106, 107, 108, 109, 110, 111, 112]	[103817.97656, 54423.9375, 197578.1875, 106245.85938, 83295.75, 54852.51953, 102731.64844, 37310.17188, 83114.47656, 90122.36719, 73476.92969, 29730.51172, 78244.96875, 53666.19531, 89726.29688, 58879.27344, 79141.92188, 56515.66797, 72823.25, 92985.125, 126209.20312, 31183.74805]	93	0.59974	-1.79796	63
1348.44553	53.17936	248327.89062	5670866	2	3	43	675.23004	53.04385	53.36751	0	0	[68, 69, 70, 71, 72, 73, 74, 75, 76, 77, 78, 79, 80, 81, 82, 83, 84, 85, 86, 87, 88, 89, 90, 91, 92, 93, 94, 95, 96, 97, 98, 99, 100, 101, 102, 103, 104, 105, 106, 107, 108, 109, 110]	[24090.88086, 71818.40625, 52142.63672, 17914.07617, 77961.25, 67264.44531, 65368.05469, 115501.57031, 78276.30469, 114979.57812, 179516.51562, 121893.22656, 103322.14062, 123263.67188, 100719.52344, 117406.21094, 113502.0625, 81447.11719, 166582.09375, 248327.89062, 226833.90625, 181205.03125, 173866.34375, 199219.5, 151846.57812, 197561.96875, 182444.5, 179685.3125, 164354.78125, 197913.3125, 247891.57812, 116269.40625, 108695.38281, 190468.125, 110344.35156, 184379.85938, 153120.23438, 160046.21875, 108343.85938, 119662.54688, 129234.27344, 50253.30859, 95927.91406]	87	-0.6809	-5.27111	64
943.52488	53.41626	645821.9375	3563092.5	2	3	15	472.76971	53.29732	53.41626	0	0	[102, 103, 104, 105, 106, 107, 108, 109, 110, 111, 112, 113, 114, 115, 116]	[19074.26562, 53762.26953, 49241.92969, 116458.47656, 98124.03906, 87299.41406, 125696.94531, 94507.90625, 191710.8125, 376623.71875, 255562.09375, 400067.09375, 471537.875, 577603.375, 645821.9375]	116	0.79864	-0.86986	65
1788.79758	53.00682	260780.8125	6503392.5	2	3	52	895.40607	52.80812	53.21347	0	0	[40, 41, 42, 43, 44, 45, 46, 47, 48, 49, 50, 51, 52, 53, 54, 55, 56, 57, 58, 59, 60, 61, 62, 63, 64, 65, 66, 67, 68, 69, 70, 71, 72, 73, 74, 75, 76, 77, 78, 79, 80, 81, 82, 83, 84, 85, 86, 87, 88, 89, 90, 91]	[89543.95312, 97899.15625, 141282.09375, 50983.10156, 106851.25, 96399.34375, 156940.28125, 109627.28125, 114874.97656, 117574.23438, 184407.625, 144102.04688, 210646.03125, 217025.64062, 205116.21875, 172618.01562, 197821.57812, 132196.07812, 229522.03125, 187599.375, 122613.63281, 120426.57812, 152316.375, 182430.45312, 260780.8125, 142539.25, 133373.48438, 145702.01562, 205240.34375, 121582.72656, 117020.01562, 81127.89062, 120173.38281, 124899.39062, 138559.5, 176174.84375, 128391.79688, 84429.41406, 146873.34375, 83995.59375, 67385.05469, 97104.8125, 87888.60938, 46980.80469, 70758.25, 101327.15625, 20654.89453, 60077.89453, 64165.94922, 48717.69141, 27418.79102, 59231.10547]	64	-0.1115	-1.28122	66
1384.78135	52.46841	623323.5625	7037859	2	3	27	693.39795	52.45331	52.67161	0	0	[0, 1, 2, 3, 4, 5, 6, 7, 8, 9, 10, 11, 12, 13, 14, 15, 16, 17, 18, 19, 20, 21, 22, 23, 24, 25, 26]	[499049.46875, 584162.8125, 623323.5625, 534120.9375, 571851.1875, 592414.875, 394412.28125, 367746.15625, 393102.8125, 264342.71875, 258550.82812, 312080.84375, 227330.57812, 223720.40625, 173866.375, 125412.13281, 140204.26562, 151941.35938, 158135.90625, 95898.46875, 81883.125, 76181.55469, 61022.68359, 28174.0957, 38744.98047, 31854.14062, 28329.88281]	2	-0.32717	-1.22555	67
1269.74277	52.92554	776681.125	26642810	2	3	74	635.87866	52.69494	53.28849	0	0	[28, 29, 30, 31, 32, 33, 34, 35, 36, 37, 38, 39, 40, 41, 42, 43, 44, 45, 46, 47, 48, 49, 50, 51, 52, 53, 54, 55, 56, 57, 58, 59, 60, 61, 62, 63, 64, 65, 66, 67, 68, 69, 70, 71, 72, 73, 74, 75, 76, 77, 78, 79, 80, 81, 82, 83, 84, 85, 86, 87, 88, 89, 90, 91, 92, 93, 94, 95, 96, 97, 98, 99, 100, 101]	[95112.55469, 86539.51562, 124574.92188, 100123.04688, 79511.49219, 196764.75, 120134.71094, 150294.5625, 269492.96875, 270137.84375, 240470.45312, 119999.48438, 226675.28125, 307631.28125, 271672.6875, 288815.3125, 334260.75, 352108.375, 471352, 457400.46875, 556494, 696147, 621529.9375, 579241.5625, 546876.375, 651679.625, 776681.125, 580956.0625, 731661.1875, 437265.03125, 756884.0625, 598312.3125, 632387.6875, 625408.75, 606068.3125, 634661.6875, 678904.4375, 571829.8125, 513333.75, 686471, 675149.5, 624893.9375, 382567.78125, 301000.09375, 522852.84375, 438664.15625, 535365.75, 403476.3125, 458819.84375, 399930.4375, 444093.78125, 465031.375, 432178.5625, 370967.5, 326744.25, 249798.70312, 253677.28125, 233601.60938, 210604.96875, 298857.09375, 204572.96875, 188627.07812, 130189.30469, 114095.20312, 131693.125, 122491.33594, 94921.8125, 153451.26562, 106098.5, 60808.47656, 90714.03125, 56241.17188, 55123.87891, 59636.55859]	54	-0.74502	-0.18604	68
1600.81985	52.70083	259428.57812	4482620	3	3	31	534.61389	52.51793	52.78476	0	0	[8, 9, 10, 11, 12, 13, 14, 15, 16, 17, 18, 19, 20, 21, 22, 23, 24, 25, 26, 27, 28, 29, 30, 31, 32, 33, 34, 35, 36, 37, 38]	[68971.70312, 64567.26953, 86761.55469, 85399.71875, 163652.9375, 115984.54688, 61849.77344, 193812.82812, 88800.29688, 163307.51562, 138235.01562, 170469.84375, 124375.86719, 240902.6875, 143982, 180295.10938, 192858.67188, 200733.28125, 180025.17188, 106343.08594, 169972.10938, 259428.57812, 153492.14062, 145149.21875, 184457.20312, 140731.3125, 128210.52344, 180118.48438, 111087.4375, 121342.48438, 117302.07812]	29	-3.50418	-1.56937	69
2093.11684	52.45944	83459.78906	313905.1875	3	3	5	698.71289	52.45331	52.48818	0	0	[0, 1, 2, 3, 4]	[64989.05469, 83459.78906, 54399.65625, 47755.83594, 63300.82812]	1	-0.64712	-0.64666	70
2099.0848	53.31494	108071.89844	803513.375	3	3	12	700.70221	53.27819	53.37916	0	0	[100, 101, 102, 103, 104, 105, 106, 107, 108, 109, 110, 111]	[51995.25, 32471.49023, 64663.30078, 78412.875, 108071.89844, 44582.84766, 84231.92969, 53445.95312, 90276.32812, 54714.63281, 41926.51953, 98720.35156]	104	-0.24164	-0.16098	71
1355.81328	53.37916	520210.28125	9761638	3	3	38	452.94504	53.12135	53.41626	0	0	[79, 80, 81, 82, 83, 84, 85, 86, 87, 88, 89, 90, 91, 92, 93, 94, 95, 96, 97, 98, 99, 100, 101, 102, 103, 104, 105, 106, 107, 108, 109, 110, 111, 112, 113, 114, 115, 116]	[80468.83594, 105540.14844, 132949.90625, 141826.01562, 98066.40625, 145342.84375, 107137.57031, 160902.14062, 155820.59375, 207503.84375, 105260.99219, 170698.89062, 174921.57812, 274879.4375, 187954.14062, 156790.75, 211568.59375, 130172.66406, 379647.4375, 286889.15625, 222474.5625, 316519.78125, 403023.46875, 251473.10938, 246958.64062, 427348.0625, 357959.875, 296749.25, 334978.0625, 364993.25, 281217.25, 363516.78125, 520210.28125, 291504.59375, 453127.90625, 440463, 307655.03125, 467123.34375]	111	-1.5492	-0.07737	72
1712.86629	52.45944	122779.15625	713061	3	3	9	571.96271	52.45331	52.51793	0	0	[0, 1, 2, 3, 4, 5, 6, 7, 8]	[79508.92969, 122779.15625, 83785.67188, 65195.78125, 118905.21875, 73988.27344, 63398.14844, 65274.12109, 40225.77344]	1	-2.5116	-1.74567	73
1781.94649	52.58212	313447.9375	7868152	3	3	45	594.98944	52.4941	52.8854	0	0	[5, 6, 7, 8, 9, 10, 11, 12, 13, 14, 15, 16, 17, 18, 19, 20, 21, 22, 23, 24, 25, 26, 27, 28, 29, 30, 31, 32, 33, 34, 35, 36, 37, 38, 39, 40, 41, 42, 43, 44, 45, 46, 47, 48, 49]	[140719.73438, 198373.48438, 80688.5, 144913.25, 123350.00781, 152978.71875, 209842.70312, 202621.75, 207523.125, 141523.35938, 313447.9375, 216290.28125, 146176.46875, 277135.40625, 227652.29688, 219552.17188, 206525.125, 176369.39062, 221257.625, 194504.5, 265432.59375, 182723.53125, 186612.34375, 209389.65625, 309056.15625, 248507.21875, 212965.03125, 277092.90625, 257717.04688, 150200.59375, 160322.03125, 210158.54688, 182538.89062, 160446.64062, 297279.46875, 106127.14062, 30654.79297, 129957.14062, 67216.42969, 94304.74219, 49384.01172, 76434.32031, 50133.79297, 93797.8125, 58253.57812]	15	-2.05852	-0.92556	74
1294.75667	52.8854	475389.625	15731405	3	3	74	432.59283	52.60733	53.21347	0	0	[18, 19, 20, 21, 22, 23, 24, 25, 26, 27, 28, 29, 30, 31, 32, 33, 34, 35, 36, 37, 38, 39, 40, 41, 42, 43, 44, 45, 46, 47, 48, 49, 50, 51, 52, 53, 54, 55, 56, 57, 58, 59, 60, 61, 62, 63, 64, 65, 66, 67, 68, 69, 70, 71, 72, 73, 74, 75, 76, 77, 78, 79, 80, 81, 82, 83, 84, 85, 86, 87, 88, 89, 90, 91]	[112501.57031, 108937.86719, 128506.71094, 102538.22656, 118436.13281, 171932.0625, 155979.9375, 133943.14062, 250196.95312, 184743.29688, 224469.48438, 177928.79688, 208829.92188, 291029.15625, 262229.65625, 287243.71875, 263199.65625, 347859.8125, 391165.125, 332081.28125, 444352.34375, 182946, 323735.375, 435688.09375, 422694.4375, 232801.84375, 409518.65625, 331147.875, 362527.09375, 388086.125, 331662.9375, 475389.625, 366407.28125, 439153.0625, 411275.375, 259878.48438, 387387, 286844.8125, 320155.25, 249185.45312, 354621.28125, 269419.59375, 311760.96875, 261899.9375, 192870.29688, 236630.90625, 266466.53125, 137500.21875, 127404.38281, 163330.82812, 224001.21875, 176766.29688, 114780.07812, 133880.60938, 89440.45312, 148346.125, 141995.07812, 89458.45312, 93988.65625, 62526.25781, 98186.79688, 79361.73438, 54067.50781, 57998.55469, 26521.20508, 45434.53906, 47749.38281, 86457.5625, 49063.53906, 76056.8125, 59127.85156, 64047.375, 18283.89258, 57369.78906]	49	-1.99166	-2.90114	75
2361.36811	53.40141	71091.875	174855.92188	4	3	3	591.3493	53.40141	53.41626	0	0	[114, 115, 116]	[71091.875, 46191.77344, 57572.27344]	114	-1.76629	-0.20767	76
2280.38789	52.45944	55505.89453	89162.83594	4	3	3	571.10425	52.45331	52.46841	0	0	[0, 1, 2]	[14270.9541, 55505.89453, 19385.98242]	1	0.87576	0.1094	77
3031.54609	53.36751	80336.51562	331114	4	3	6	758.8938	53.34909	53.3955	0	0	[108, 109, 110, 111, 112, 113]	[49838.95312, 46701.61328, 80336.51562, 62143.29297, 20327.125, 71766.5]	110	0.35739	-1.50028	78
1676.71921	52.65658	147871.03125	3277526.75	2	3	35	839.36688	52.48818	52.78476	0	0	[4, 5, 6, 7, 8, 9, 10, 11, 12, 13, 14, 15, 16, 17, 18, 19, 20, 21, 22, 23, 24, 25, 26, 27, 28, 29, 30, 31, 32, 33, 34, 35, 36, 37, 38]	[68597.92969, 97874.6875, 54870.82031, 65141.66797, 70990.85938, 35909.89844, 74846.48438, 74453.52344, 71049.30469, 92750.51562, 55224.18359, 88552.39062, 99378.39844, 88878.09375, 62039.35938, 103643.76562, 144434.25, 88248.21875, 105169.77344, 119523.47656, 147871.03125, 141715.21875, 132226.01562, 97306.15625, 96120.07031, 142140.0625, 100239.375, 146106.1875, 114077.53125, 104360.10156, 99012.53906, 51296.37109, 62653.24219, 101955.09375, 78870.38281]	24	-0.92136	-1.84107	79
1268.73382	52.66554	374589.28125	5627541.5	3	3	35	423.91855	52.52826	52.83323	0	0	[9, 10, 11, 12, 13, 14, 15, 16, 17, 18, 19, 20, 21, 22, 23, 24, 25, 26, 27, 28, 29, 30, 31, 32, 33, 34, 35, 36, 37, 38, 39, 40, 41, 42, 43]	[37460.69922, 113562.29688, 85054.67969, 148606.39062, 117621.6875, 107516.14062, 104906.10938, 179503.98438, 222458.75, 241847.96875, 131583.04688, 129817.00781, 116033.48438, 261681.85938, 207419.10938, 231413.65625, 374589.28125, 188793.85938, 297734.15625, 147339.40625, 328602.9375, 242938.64062, 222183.25, 157857.1875, 213360.76562, 214655.35938, 146692.35938, 94383.99219, 85059.33594, 129155.20312, 127691.90625, 116182.00781, 35228.48828, 35891.67578, 32714.2207]	25	-4.61936	-6.74997	80
1330.47423	53.17936	405871.09375	10017576	3	3	55	444.49869	52.992	53.41626	0	0	[62, 63, 64, 65, 66, 67, 68, 69, 70, 71, 72, 73, 74, 75, 76, 77, 78, 79, 80, 81, 82, 83, 84, 85, 86, 87, 88, 89, 90, 91, 92, 93, 94, 95, 96, 97, 98, 99, 100, 101, 102, 103, 104, 105, 106, 107, 108, 109, 110, 111, 112, 113, 114, 115, 116]	[23063.88086, 28917.73633, 79312.10938, 65660.875, 83511.625, 81124.67969, 77170.5625, 98799.92969, 48487.66797, 60881.77734, 95862.25, 82288.99219, 103092.75781, 118433.57812, 168718.64062, 152401.75, 109349.54688, 208007.92188, 148679.48438, 244975.54688, 164495.39062, 246069.25, 179117.17188, 212899.6875, 260317.75, 405871.09375, 287156.15625, 187737.98438, 199834.71875, 374701.78125, 310795.84375, 377670.8125, 260069.6875, 304334.40625, 240211.64062, 321359.8125, 366290.34375, 246020.84375, 212917.9375, 253351.28125, 182202.78125, 248092.42188, 360024.90625, 227112.60938, 258360.09375, 156164.20312, 186369.59375, 96818.05469, 187880.96875, 193585.45312, 91227.85938, 60551.24219, 99894.28125, 106823.85938, 72501.96875]	87	-1.03579	-3.34264	81
1190.71592	52.70083	1644200.75	35545896	2	3	62	596.36523	52.45331	52.98166	0	0	[0, 1, 2, 3, 4, 5, 6, 7, 8, 9, 10, 11, 12, 13, 14, 15, 16, 17, 18, 19, 20, 21, 22, 23, 24, 25, 26, 27, 28, 29, 30, 31, 32, 33, 34, 35, 36, 37, 38, 39, 40, 41, 42, 43, 44, 45, 46, 47, 48, 49, 50, 51, 52, 53, 54, 55, 56, 57, 58, 59, 60, 61]	[85815.125, 119622.5, 126749.47656, 182540.39062, 142546.3125, 228594.875, 261037.40625, 278426.09375, 316844, 310691.75, 491714.0625, 455730.71875, 552900.875, 523203.28125, 498992.53125, 759012, 868540.6875, 730516.875, 1210219.25, 859721.75, 979935.5625, 1108546.875, 1180058, 1263425, 1340320.25, 1368997.875, 1313418.125, 1210128, 1412235.75, 1644200.75, 1437707.625, 1088400.75, 1200652.75, 969968.0625, 814604.6875, 828503.25, 871266.125, 967758.5625, 700372.5625, 514327.8125, 507006.21875, 486075.40625, 480208.3125, 363187.03125, 256760.78125, 217607.75, 302856.96875, 191388.75, 205853.51562, 169237.07812, 159331.67188, 192186.53125, 115348.57812, 113341.67969, 172006.53125, 65412.19922, 70384.75, 89462.75, 60621.59375, 41971.12109, 40969.43359, 26436.18164]	29	-2.05055	-0.2048	82
1676.09089	53.08517	80977.51562	466327.75	4	3	10	420.03	53.04385	53.10769	0	0	[68, 69, 70, 71, 72, 73, 74, 75, 76, 77]	[28081.31445, 18450.7793, 50119.79297, 38220.58203, 14489.87793, 80794.90625, 80977.51562, 51595.40234, 59506.00391, 44091.60547]	74	0.08676	-3.64063	83
1433.82747	53.40141	373700.34375	7473070.5	3	3	35	478.94977	53.14284	53.41626	0	0	[82, 83, 84, 85, 86, 87, 88, 89, 90, 91, 92, 93, 94, 95, 96, 97, 98, 99, 100, 101, 102, 103, 104, 105, 106, 107, 108, 109, 110, 111, 112, 113, 114, 115, 116]	[129008.38281, 131605.51562, 149510.48438, 58354.70312, 92811.46094, 32401.74023, 233165.85938, 86675.32812, 78916.40625, 219178.51562, 202468.82812, 116051.44531, 153093.1875, 191464.125, 193332.14062, 252717.48438, 190921.1875, 144099.15625, 179481.8125, 256775.4375, 226875.8125, 266406.125, 251267.625, 313031.34375, 256680.26562, 302604.96875, 224826.53125, 213657.26562, 327985.09375, 322758.375, 346357.96875, 367716.3125, 373700.34375, 256593.375, 330574.8125]	114	2.7072	-0.71167	84
1643.90732	53.18824	173778.14062	2844530.5	2	3	34	822.96094	53.04385	53.28849	0	0	[68, 69, 70, 71, 72, 73, 74, 75, 76, 77, 78, 79, 80, 81, 82, 83, 84, 85, 86, 87, 88, 89, 90, 91, 92, 93, 94, 95, 96, 97, 98, 99, 100, 101]	[112702.24219, 47049.32031, 54715.3125, 35796.46875, 49321.66016, 79657.53906, 54464.25, 75095.84375, 86457, 88288.35156, 169402.76562, 64085.48047, 137292.79688, 141896.03125, 111628.82812, 75865.46875, 148268.42188, 96550.32812, 82562.67188, 98202.64062, 173778.14062, 121171.70312, 48514.51562, 75492.54688, 84383.625, 49724.99609, 121949.57812, 28753.31836, 26659.58594, 83707.625, 99770.10156, 42612.88281, 18286.90234, 60421.40234]	88	-1.20211	-2.14918	85
2351.28493	52.56754	149424.51562	1699732.5	3	3	15	784.76892	52.52826	52.65047	0	0	[9, 10, 11, 12, 13, 14, 15, 16, 17, 18, 19, 20, 21, 22, 23]	[74395.59375, 105664.11719, 107407.63281, 101838.94531, 149424.51562, 100176.15625, 100183.44531, 141261.51562, 124799.71875, 142095.125, 64901.55469, 130200.07031, 132671.79688, 114858.79688, 109853.58594]	13	-0.40777	-1.42629	86
1126.66237	52.4941	141022.01562	751348.3125	3	3	9	376.5614	52.45331	52.51793	0	0	[0, 1, 2, 3, 4, 5, 6, 7, 8]	[56923.69922, 71449.73438, 105013.42969, 96014.57031, 93405.82031, 141022.01562, 97398.0625, 22175.97656, 67944.98438]	5	-3.98436	-3.67298	87
1690.86814	52.94309	494008.28125	18358862	2	3	83	846.44135	52.58808	53.26325	0	0	[16, 17, 18, 19, 20, 21, 22, 23, 24, 25, 26, 27, 28, 29, 30, 31, 32, 33, 34, 35, 36, 37, 38, 39, 40, 41, 42, 43, 44, 45, 46, 47, 48, 49, 50, 51, 52, 53, 54, 55, 56, 57, 58, 59, 60, 61, 62, 63, 64, 65, 66, 67, 68, 69, 70, 71, 72, 73, 74, 75, 76, 77, 78, 79, 80, 81, 82, 83, 84, 85, 86, 87, 88, 89, 90, 91, 92, 93, 94, 95, 96, 97, 98]	[38843.41797, 63589.24609, 80652.8125, 95613.25, 51822.26953, 74136.39844, 93903.47656, 69122.09375, 118955.82031, 130834.96875, 123749.35156, 89096.15625, 149556.54688, 223452.5625, 221781.23438, 155204.125, 102413.42969, 239411.6875, 95736.00781, 143631.60938, 222330.21875, 186952.82812, 193320.17188, 161298.46875, 141793.5625, 271441.125, 286508, 189810.3125, 233444.14062, 251196.15625, 279742.15625, 289794.71875, 383458.59375, 372676.625, 374444.34375, 462944.4375, 443627.0625, 474448.9375, 353742.09375, 421338.375, 494008.28125, 269828.28125, 377186.75, 430949.625, 456768.1875, 333611.0625, 332518.25, 273426.09375, 480040.375, 319118.3125, 293645.125, 407478.09375, 343698.71875, 256784.1875, 241932.39062, 150798.85938, 198290.32812, 261571.78125, 280860.84375, 313137.96875, 287666.65625, 219243.09375, 287014.78125, 245698.4375, 248147.03125, 243997, 198669.48438, 140403.9375, 155486.26562, 153832.6875, 160458.17188, 158017.34375, 152576.42188, 122530.66406, 105990.54688, 121094, 67946.46875, 87677.42188, 49440.41406, 79179.44531, 54738.74219, 57759.25, 89825.58594]	56	-0.48525	-1.15144	88
2189.30585	53.22899	30288.96289	80146.82031	4	3	3	548.33374	53.22899	53.24254	0	0	[93, 94, 95]	[30288.96289, 19874.42188, 29983.43945]	93	0.11636	-2.79064	89
1840.00722	53.04385	105857.44531	539065.0625	3	3	10	614.34302	53.0379	53.10174	0	0	[67, 68, 69, 70, 71, 72, 73, 74, 75, 76]	[74495.25, 105857.44531, 76343.80469, 22271.61914, 52589.97656, 20137.04102, 25665.94922, 69559.39062, 61897.36328, 30247.27539]	68	-1.76586	-2.64664	90
3488.57476	52.70979	65760.14844	224513.25	5	3	5	698.72223	52.70979	52.74671	0	0	[30, 31, 32, 33, 34]	[65760.14844, 45935.63672, 61897.48828, 28927.24805, 21992.73047]	30	-1.05185	0.48526	91
2301.24825	52.94309	192260.5625	2246760.25	3	3	25	768.09003	52.80812	53.00682	0	0	[40, 41, 42, 43, 44, 45, 46, 47, 48, 49, 50, 51, 52, 53, 54, 55, 56, 57, 58, 59, 60, 61, 62, 63, 64]	[24677.30078, 53340.95312, 62829.02734, 22215.84375, 31099.99023, 76714.84375, 80678.67969, 98194.17188, 128835.78906, 94125.03906, 116368.32812, 132530.23438, 73314.03906, 127087.42188, 76421.64062, 151776.34375, 192260.5625, 88847.26562, 92858.6875, 77857.125, 135814.20312, 106518.4375, 81256.5625, 47557.29688, 73580.58594]	56	0	-0.14028	92
2103.31831	53.37916	210015.28125	3066940	4	3	23	526.83685	53.23493	53.41626	0	0	[94, 95, 96, 97, 98, 99, 100, 101, 102, 103, 104, 105, 106, 107, 108, 109, 110, 111, 112, 113, 114, 115, 116]	[62067.92969, 83732.98438, 79275.75781, 105565.89844, 66563.96875, 75198.48438, 126833.64844, 131135.5625, 71482.07812, 176228.90625, 169023.3125, 140041.15625, 171008.21875, 187497.34375, 182377.35938, 56957.96484, 175867.03125, 210015.28125, 98242.22656, 142944.46875, 171435.29688, 209854.39062, 173590.48438]	111	-0.24709	1.60496	93
2015.06687	52.48818	201776.4375	4208504	2	3	39	1008.54071	52.45331	52.78476	0	0	[0, 1, 2, 3, 4, 5, 6, 7, 8, 9, 10, 11, 12, 13, 14, 15, 16, 17, 18, 19, 20, 21, 22, 23, 24, 25, 26, 27, 28, 29, 30, 31, 32, 33, 34, 35, 36, 37, 38]	[123913.46875, 149435.59375, 148524.125, 99325.4375, 201776.4375, 160514, 185100.39062, 120396.32812, 130724.94531, 108606.8125, 85298.75, 143620.71875, 122366.39062, 133560.54688, 191941.32812, 66878.3125, 107588.89062, 138166.0625, 124531.75781, 81798.01562, 105949.35938, 94696.63281, 104043.9375, 91288.17188, 89634.00781, 115549.78906, 90177.54688, 98492.03906, 109158.22656, 91567.82812, 53829.96094, 49727.5625, 54661.35938, 88756.29688, 50221.90625, 58089.26953, 72115.67969, 106685.30469, 59790.96875]	4	0.13993	-0.88557	94
1781.99666	53.40141	177193.25	2397694	3	3	25	595.00616	53.22235	53.41626	0	0	[92, 93, 94, 95, 96, 97, 98, 99, 100, 101, 102, 103, 104, 105, 106, 107, 108, 109, 110, 111, 112, 113, 114, 115, 116]	[60336.41797, 28400.72461, 65717.85938, 41495.36719, 81214.16406, 55524.86719, 120441.89062, 114634.30469, 88041.85156, 58770.69922, 86556.875, 101155.79688, 70401.35156, 164228.59375, 61392.84766, 133036.125, 140487.1875, 75115.3125, 71029.03125, 125539.78906, 134911.82812, 114164.92969, 177193.25, 55655.28125, 172247.84375]	114	-1.95551	-2.98222	95
400.95326	53.26325	562294.75	42740820	1	3	117	401.96054	52.45331	53.41626	0	0	[0, 1, 2, 3, 4, 5, 6, 7, 8, 9, 10, 11, 12, 13, 14, 15, 16, 17, 18, 19, 20, 21, 22, 23, 24, 25, 26, 27, 28, 29, 30, 31, 32, 33, 34, 35, 36, 37, 38, 39, 40, 41, 42, 43, 44, 45, 46, 47, 48, 49, 50, 51, 52, 53, 54, 55, 56, 57, 58, 59, 60, 61, 62, 63, 64, 65, 66, 67, 68, 69, 70, 71, 72, 73, 74, 75, 76, 77, 78, 79, 80, 81, 82, 83, 84, 85, 86, 87, 88, 89, 90, 91, 92, 93, 94, 95, 96, 97, 98, 99, 100, 101, 102, 103, 104, 105, 106, 107, 108, 109, 110, 111, 112, 113, 114, 115, 116]	[340672.6875, 203478.46875, 308979.28125, 293847.0625, 392635.96875, 393082.5, 365679, 298135.46875, 299591.875, 219261.42188, 480972.375, 368397.5, 334766.09375, 348229.84375, 535025.3125, 415993.75, 312177.5, 461658.53125, 377886.125, 319360.84375, 419750.03125, 430096.15625, 394730.9375, 353558.28125, 353806.0625, 504450.53125, 441566.34375, 387763.53125, 352308.125, 469314.1875, 446460.78125, 321267.90625, 373377.34375, 474634.375, 305925.90625, 304751.15625, 353857.78125, 420290.96875, 395085.40625, 131052.57031, 374324.03125, 289767.78125, 456242.03125, 257936.34375, 376881.59375, 338918.5, 330623.5625, 340376.125, 392996.71875, 388529.8125, 369291.96875, 489071.65625, 372462.46875, 427673.84375, 372936.59375, 424495.21875, 329481.71875, 410743, 429592.28125, 332673.5, 348707.9375, 384407.40625, 355625.875, 316850.46875, 407946.125, 317370.875, 348505.3125, 432583.71875, 485525.5, 322651.71875, 293923.25, 204323.57812, 341935.84375, 370603.28125, 341591.4375, 418164.0625, 357308.09375, 299049.71875, 448657.34375, 367527.59375, 469513.90625, 390314.84375, 405176.125, 363676.34375, 372989.34375, 330167.3125, 317908.46875, 482413.625, 462819.96875, 382182.53125, 366251.59375, 390545.84375, 394540.9375, 396355.375, 320238.375, 332607.03125, 375152.9375, 353488.9375, 562294.75, 243384.04688, 257748.95312, 406723.90625, 338042.15625, 353076.03125, 305552.40625, 429897.25, 352991.8125, 243752.01562, 317481.375, 205332.95312, 286156.9375, 301815.28125, 278702.46875, 395293.625, 349762.65625, 404581.25, 429728.625]	98	-6.28399	4.97165	96
2289.44892	52.68333	57902.01953	82099	4	3	2	573.36951	52.67161	52.68333	0	0	[26, 27]	[24196.97656, 57902.01953]	27	0.43529	-1.30501	97
3032.54926	53.16907	147158.9375	1691073.25	4	3	21	759.14459	53.0276	53.16907	0	0	[66, 67, 68, 69, 70, 71, 72, 73, 74, 75, 76, 77, 78, 79, 80, 81, 82, 83, 84, 85, 86]	[23294.16797, 68774.49219, 27456.39648, 118359.89062, 44136.26953, 87292.63281, 74040.625, 86071.39844, 99417.51562, 29525.83203, 127144.8125, 73628.8125, 72815.15625, 69862.82031, 84352.99219, 77719.25, 110509.0625, 49519.17578, 134002.17188, 85990.9375, 147158.9375]	86	-0.57154	-0.57125	98
1230.77404	52.92554	162803.54688	2679178.25	3	3	30	411.26529	52.75836	53.00682	0	0	[35, 36, 37, 38, 39, 40, 41, 42, 43, 44, 45, 46, 47, 48, 49, 50, 51, 52, 53, 54, 55, 56, 57, 58, 59, 60, 61, 62, 63, 64]	[81938.94531, 63916.6875, 64241.84375, 88725.25781, 15788.27148, 54403.92188, 74968.60156, 29251.0918, 69674.03125, 82191.58594, 143925.10938, 143054.8125, 128520.99219, 130267.59375, 86867.80469, 24265.60352, 97096.54688, 132680.70312, 76930.48438, 162803.54688, 117114.34375, 86801.24219, 111332.23438, 155475.25, 125530.375, 77238.10938, 111867.125, 49259.86719, 49421.80469, 43624.84375]	54	1.25326	1.16232	99
1668.75376	53.28849	75475.6875	149123.59375	2	3	3	835.38416	53.28849	53.30325	0	0	[101, 102, 103]	[75475.6875, 46326.17188, 27321.74219]	101	-0.30932	-1.73062	100
2232.3664	53.41034	125161.28906	660187.25	4	3	8	559.09888	53.36084	53.41626	0	0	[109, 110, 111, 112, 113, 114, 115, 116]	[48736.66016, 52991.29297, 110488.21875, 64075.97266, 67648.72656, 101952.89844, 125161.28906, 89132.15625]	115	0.45205	-0.9035	101
1297.47348	53.24847	255222.90625	6956287	2	3	49	649.74402	53.04385	53.41626	0	0	[68, 69, 70, 71, 72, 73, 74, 75, 76, 77, 78, 79, 80, 81, 82, 83, 84, 85, 86, 87, 88, 89, 90, 91, 92, 93, 94, 95, 96, 97, 98, 99, 100, 101, 102, 103, 104, 105, 106, 107, 108, 109, 110, 111, 112, 113, 114, 115, 116]	[59294.5, 103819.50781, 56661.61719, 64976.98828, 78612.375, 29739.90234, 58511.22266, 114219.35156, 81692.45312, 69580.625, 104674.89844, 100639.34375, 91883.8125, 188769.25, 146924.51562, 164422.45312, 169196.98438, 115420.46094, 185713.85938, 214612.89062, 185715.48438, 227922.57812, 171736.96875, 218912.45312, 236411.3125, 214736.875, 252823.90625, 229930.34375, 255222.90625, 204983.79688, 226596.25, 159539.51562, 179570.09375, 149492.4375, 93073.3125, 144442.39062, 222346.76562, 164637.09375, 153510.14062, 127593.11719, 190860.28125, 52211.48047, 151839.89062, 103844.92969, 95250.34375, 77464.64844, 82815.14062, 92973.46094, 90461.41406]	96	-0.45083	-2.88195	102
420.90312	52.69494	136885.82812	1021634.125	1	2	17	421.9104	52.58808	52.73576	0	0	[16, 17, 18, 19, 20, 21, 22, 23, 24, 25, 26, 27, 28, 29, 30, 31, 32]	[34183.62109, 25465.81836, 53315.03906, 69441.88281, 83265.32812, 85097.625, 20591.8457, 19678.86328, 80090.95312, 18521.22266, 85470.625, 74275.21875, 136885.82812, 77154.0625, 62638.30859, 36008.46094, 59549.39844]	28	-6.87603	-100	103
1592.87893	53.41626	209795.89062	1558150.25	3	3	15	531.96692	53.29732	53.41626	0	0	[102, 103, 104, 105, 106, 107, 108, 109, 110, 111, 112, 113, 114, 115, 116]	[19954.12109, 76591.35938, 62551.56641, 68330.89062, 94395.28125, 126699.5625, 120380.45312, 42309.50781, 99613.58594, 107482.94531, 80867.05469, 162758.79688, 156944.625, 129474.60156, 209795.89062]	116	-0.73042	1.82432	104
2589.26034	53.32662	102688.25	407599.875	3	3	6	864.09406	53.30325	53.34909	0	0	[103, 104, 105, 106, 107, 108]	[60380.02734, 29053.57227, 102688.25, 66872.55469, 86773.03906, 61832.42969]	105	0.9412	-0.17637	105
1261.72434	53.40141	74288.5625	129774.55469	2	3	3	631.86945	53.40141	53.41626	0	0	[114, 115, 116]	[74288.5625, 25074.8418, 30411.14648]	114	-1.31621	-0.37561	106
1811.98934	53.07922	71411.78125	199409.875	3	3	4	605.00372	53.06523	53.08517	0	0	[71, 72, 73, 74]	[18420.81055, 55202, 71411.78125, 54375.27734]	73	-0.6023	-0.1003	107
2274.45087	52.52826	57947.09766	211557.3125	4	3	4	569.62	52.50173	52.52826	0	0	[6, 7, 8, 9]	[49173.48828, 55347.89844, 49088.82812, 57947.09766]	9	0.65939	1.86704	108
369.03743	53.37916	28045.20703	139268.71875	1	3	6	370.04471	53.37916	53.41626	0	0	[111, 112, 113, 114, 115, 116]	[28045.20703, 12700.6416, 22757.76758, 27881.20703, 20023.61133, 27860.28125]	111	5.22938	5.72907	109
999.68241	52.74168	175705.375	4660329	2	3	37	500.84848	52.45331	52.77126	0	0	[0, 1, 2, 3, 4, 5, 6, 7, 8, 9, 10, 11, 12, 13, 14, 15, 16, 17, 18, 19, 20, 21, 22, 23, 24, 25, 26, 27, 28, 29, 30, 31, 32, 33, 34, 35, 36]	[117946.25, 118618.92969, 137332.07812, 102390.38281, 108505.24219, 152733.20312, 87501.6875, 76717.75, 137536.09375, 98199.03906, 157425.1875, 126957.25781, 122492.57031, 82090.19531, 123564.64844, 159968.48438, 135933.39062, 123849.74219, 124668.10156, 103231.9375, 170752.32812, 112106.42969, 133281.95312, 109786.61719, 124079.21094, 126276.60156, 99718.60156, 106475.5, 162490.60938, 169865.45312, 170799.89062, 130314.33594, 140711.25, 175705.375, 103815.82812, 98008.1875, 128478.92969]	33	2.33068	-7.71295	110
1675.08881	53.3955	129244.1875	982025.625	4	3	14	419.77948	53.30325	53.41626	0	0	[103, 104, 105, 106, 107, 108, 109, 110, 111, 112, 113, 114, 115, 116]	[25727.95117, 50201.49219, 76917.57812, 22671.55078, 51191.96875, 75256.29688, 46777.13281, 72061.54688, 115525.77344, 59461.83203, 129244.1875, 78937.91406, 114048.19531, 64002.22656]	113	-1.47623	0	111
1256.46026	53.05422	18388.07422	33608.07812	3	3	2	419.82736	53.04385	53.05422	0	0	[68, 69]	[15220.00391, 18388.07422]	69	-1.73592	-4.42133	112
1257.72304	52.67161	230583.65625	9133033	3	3	79	420.24829	52.45331	53.1127	0	0	[0, 1, 2, 3, 4, 5, 6, 7, 8, 9, 10, 11, 12, 13, 14, 15, 16, 17, 18, 19, 20, 21, 22, 23, 24, 25, 26, 27, 28, 29, 30, 31, 32, 33, 34, 35, 36, 37, 38, 39, 40, 41, 42, 43, 44, 45, 46, 47, 48, 49, 50, 51, 52, 53, 54, 55, 56, 57, 58, 59, 60, 61, 62, 63, 64, 65, 66, 67, 68, 69, 70, 71, 72, 73, 74, 75, 76, 77, 78]	[121858.96875, 126575.45312, 175875.53125, 138517.125, 166424.04688, 176105.23438, 105830.03125, 165880.95312, 157462.71875, 167742.20312, 190177.15625, 191919.92188, 134603.73438, 176635.84375, 150874.67188, 169569.67188, 154767.625, 218608.85938, 132053.14062, 99873.40625, 170574.26562, 120647.02344, 173702.5625, 155850.60938, 122018.47656, 184305.73438, 230583.65625, 118525.47656, 134326.875, 177882.5625, 177289.39062, 99948.25, 113662.07031, 144636.79688, 135402.03125, 162012.5625, 136057.40625, 101820.00781, 174418.70312, 62444.87891, 99076.72656, 134204.20312, 99405.10938, 64773.13281, 112422, 100472.09375, 81993.28125, 95127.625, 149739.57812, 123195.84375, 132881.125, 66330.15625, 62030.94531, 105039.47656, 92968.30469, 93465.375, 80106.03125, 83615.25, 136190.92188, 90667.76562, 90888.48438, 83722.07812, 55537.63281, 117885.98438, 79697.65625, 59446.03516, 80296.45312, 75197.65625, 20559.13867, 85873.14844, 45939.65234, 18101.25391, 56379.29688, 74553.60156, 17221.05664, 66349.60938, 30699.29102, 24001.15234, 29513.68555]	26	-0.95333	3.54907	113
2632.54716	53.07922	73322.29688	516196.8125	6	3	13	439.76514	53.01995	53.10769	0	0	[65, 66, 67, 68, 69, 70, 71, 72, 73, 74, 75, 76, 77]	[54293.27734, 46723.71484, 27700.625, 53886.04688, 20739.47852, 16500.8418, 11850.88281, 21688.05469, 73322.29688, 48193.91016, 62119.12109, 62538.23047, 16640.31445]	73	-0.81012	-2.26703	114
2465.56358	52.46841	22609.22656	79457.97656	6	3	4	411.93454	52.45944	52.48818	0	0	[1, 2, 3, 4]	[15753.56055, 22609.22656, 19643.14062, 21452.04688]	2	2.32323	-3.03622	115
511.92504	53.04385	54044.23438	198959.75	1	3	5	512.93231	53.0379	53.06523	0	0	[67, 68, 69, 70, 71]	[42221.94922, 54044.23438, 18728.01953, 45850.65625, 38114.89844]	68	-7.44253	0.51178	116
402.89284	52.62862	83343.63281	328643.5625	1	3	5	403.90012	52.61341	52.65047	0	0	[19, 20, 21, 22, 23]	[71328.98438, 73708.91406, 83343.63281, 51296.21484, 48965.82812]	21	4.77092	4.2962	117
2573.40666	52.56754	632642.4375	16480730	6	2	37	429.90839	52.45331	52.77126	0	0	[0, 1, 2, 3, 4, 5, 6, 7, 8, 9, 10, 11, 12, 13, 14, 15, 16, 17, 18, 19, 20, 21, 22, 23, 24, 25, 26, 27, 28, 29, 30, 31, 32, 33, 34, 35, 36]	[350607.21875, 325327, 444342.3125, 428972.84375, 514496.0625, 529851.5, 488975.4375, 354517.9375, 393046.21875, 328894.5625, 386553, 436797.46875, 376669.75, 632642.4375, 531531.625, 483696.0625, 390760.875, 519293, 526423.1875, 340868.90625, 473455.03125, 415639, 442168, 447418.03125, 365015.75, 459784.3125, 460742.65625, 412146.15625, 538175.125, 588479.3125, 529521.5, 360360.75, 433881.375, 612026.25, 420821.15625, 297531.03125, 439298]	13	6.53737	-100	118
691.35582	52.48153	44340.50781	145299.09375	1	3	4	692.3631	52.45331	52.48153	0	0	[0, 1, 2, 3]	[33412.00781, 43583.47656, 23963.10547, 44340.50781]	3	2.70225	5.06595	119
420.07814	52.56754	26994.84375	56346.24609	1	3	3	421.08542	52.54578	52.56754	0	0	[11, 12, 13]	[12873.14648, 16478.25586, 26994.84375]	13	-3.70671	-4.55249	120
493.89717	52.86425	69300.74219	406623.53125	1	3	10	494.90445	52.80812	52.8854	0	0	[40, 41, 42, 43, 44, 45, 46, 47, 48, 49]	[27633.66602, 26556.88672, 33866.03125, 41219.54688, 24497.42188, 35662.93359, 69300.74219, 55269.90234, 66385.55469, 26230.82031]	46	6.83669	2.83437	121
371.98717	52.58212	51777.41797	484606.09375	1	3	19	372.99445	52.53982	52.69494	0	0	[10, 11, 12, 13, 14, 15, 16, 17, 18, 19, 20, 21, 22, 23, 24, 25, 26, 27, 28]	[17742.5293, 42563.94531, 34786.40625, 23613.61523, 21010.41406, 51777.41797, 16460.62305, 28128.78516, 18746.29883, 14441.59473, 21705.75977, 22687.46289, 43667.67188, 14690.69922, 19250.8418, 21877.82227, 42888.5, 12251.20312, 16314.51758]	15	-1.86035	1.54407	122
2201.40428	52.60733	19010.80078	36385.71875	6	2	2	367.90799	52.60733	52.61341	0	0	[18, 19]	[19010.80078, 17374.91602]	18	1.58786	-100	123
2507.35337	53.25744	42373.32422	232864.32812	6	2	8	418.89951	53.24254	53.29732	0	0	[95, 96, 97, 98, 99, 100, 101, 102]	[24060.51953, 32647.2168, 42373.32422, 37563.29297, 18343.38672, 17339.80469, 33380, 27156.75977]	97	1.91701	-100	124
1603.95077	53.33276	139191.89062	1330475.125	3	2	17	535.65753	53.24847	53.38512	0	0	[96, 97, 98, 99, 100, 101, 102, 103, 104, 105, 106, 107, 108, 109, 110, 111, 112]	[69217.10156, 122930.54688, 115764.0625, 46320.23047, 59355.50781, 100459.25, 37906.09375, 70014.14062, 119487.33594, 44395.71875, 139191.89062, 73138.96875, 63836.78516, 65858.14844, 80060.08594, 73964.8125, 48574.60547]	106	-1.68673	-100	125
2414.41674	52.90324	33596.75781	79690.83594	5	2	3	483.89062	52.90324	52.91945	0	0	[51, 52, 53]	[33596.75781, 17713.27539, 28380.80664]	51	-4.70229	-100	126
1314.77138	53.10174	238815.39062	6724691	3	2	65	439.2644	52.90917	53.41626	0	0	[52, 53, 54, 55, 56, 57, 58, 59, 60, 61, 62, 63, 64, 65, 66, 67, 68, 69, 70, 71, 72, 73, 74, 75, 76, 77, 78, 79, 80, 81, 82, 83, 84, 85, 86, 87, 88, 89, 90, 91, 92, 93, 94, 95, 96, 97, 98, 99, 100, 101, 102, 103, 104, 105, 106, 107, 108, 109, 110, 111, 112, 113, 114, 115, 116]	[73198.125, 31813.03711, 85983.86719, 86727.35156, 59573.50781, 94073.42188, 89292.36719, 77008.35156, 125351.5, 97281.875, 116565.82812, 158775.125, 122095.23438, 147747.39062, 73171.30469, 197034.10938, 147648.71875, 189267.9375, 83332.61719, 139769.98438, 110523.92969, 134973.32812, 139695.82812, 137333.5, 238815.39062, 162336.57812, 166553.46875, 99832.11719, 135461.34375, 182646.79688, 115499.32031, 163398.90625, 119898.99219, 147515.40625, 156358.07812, 117947.95312, 158619.03125, 112370.35938, 80388.48438, 100114.65625, 147274.92188, 114650.29688, 101728.55469, 50750.875, 106912.32031, 27059.65039, 65397.67969, 75304.20312, 75620.28906, 54375.65234, 80592.4375, 64163.94922, 26609.29883, 59225.125, 89279.59375, 110130.24219, 46304.84766, 55048.41797, 66178.21094, 55762.26172, 48195.64062, 70235.90625, 28340.80859, 55036.60938, 74518.48438]	76	-1.13545	-100	127
1623.73862	53.32662	81484.48438	252996.28125	2	2	5	812.87659	53.31494	53.34909	0	0	[104, 105, 106, 107, 108]	[38336.34766, 81484.48438, 53011.01562, 38908.69141, 41255.74609]	105	-1.93347	-100	128
917.53904	52.91945	76765.86719	97535.58594	2	2	2	459.77679	52.91945	52.92554	0	0	[53, 54]	[76765.86719, 20769.71875]	53	-5.67748	-100	129
1490.75295	52.75836	37885.95312	126705.14062	3	2	4	497.92493	52.75836	52.78476	0	0	[35, 36, 37, 38]	[37885.95312, 31169.25, 33146.45703, 24503.48242]	35	-3.89826	-100	130
422.86333	52.70083	726128.0625	15942956	1	2	38	423.87061	52.45331	52.77719	0	0	[0, 1, 2, 3, 4, 5, 6, 7, 8, 9, 10, 11, 12, 13, 14, 15, 16, 17, 18, 19, 20, 21, 22, 23, 24, 25, 26, 27, 28, 29, 30, 31, 32, 33, 34, 35, 36, 37]	[256319.45312, 299021.09375, 370679.96875, 377614.28125, 447057.09375, 525715.8125, 414566.5625, 309591.8125, 294339.96875, 342788.875, 431160.5, 413378.5, 300619.59375, 621611.6875, 603980.25, 505838.21875, 378880.625, 412137.75, 480915.40625, 378420.09375, 391483.09375, 366156.3125, 441678.9375, 409840.4375, 378008.5, 491053.875, 440290.71875, 340153.71875, 463534.03125, 726128.0625, 474851.9375, 369524.59375, 397297.65625, 596723.25, 339681, 253748.75, 420664.21875, 477498.75]	29	-7.426	-100	131
538.26079	52.97574	386831.53125	9610909	1	2	52	539.26807	52.80812	53.21347	0	0	[40, 41, 42, 43, 44, 45, 46, 47, 48, 49, 50, 51, 52, 53, 54, 55, 56, 57, 58, 59, 60, 61, 62, 63, 64, 65, 66, 67, 68, 69, 70, 71, 72, 73, 74, 75, 76, 77, 78, 79, 80, 81, 82, 83, 84, 85, 86, 87, 88, 89, 90, 91]	[81730.14844, 156792.15625, 179486.15625, 68943.57031, 115101.09375, 152262.96875, 165909.75, 164261.03125, 239642.4375, 232375.04688, 223223.5, 243943.28125, 215727.32812, 321554.09375, 334482.34375, 291343.1875, 278097.125, 157703.59375, 331209.96875, 223961.875, 386831.53125, 252199.39062, 206167.98438, 200127.0625, 350563.6875, 195472.78125, 133784.8125, 384817.5625, 257293.125, 223537, 159513.28125, 147872.92188, 136421.67188, 159414.35938, 159067.64062, 177037.15625, 156412.8125, 116622.61719, 253523.5625, 136264.89062, 235732.03125, 168147.73438, 118561.46094, 72722.17188, 108087.02344, 51202.30078, 67954.92188, 103052.57812, 144733.34375, 73129.82031, 29857.48633, 67031.71875]	60	0.83337	-100	132
2888.28179	53.36751	37113.79297	55400.27344	5	2	2	578.66364	53.36084	53.36751	0	0	[109, 110]	[18286.48242, 37113.79297]	110	5.04532	-100	133
408.28456	53.41626	660768.625	31241496	1	2	75	409.29184	52.82727	53.41626	0	0	[42, 43, 44, 45, 46, 47, 48, 49, 50, 51, 52, 53, 54, 55, 56, 57, 58, 59, 60, 61, 62, 63, 64, 65, 66, 67, 68, 69, 70, 71, 72, 73, 74, 75, 76, 77, 78, 79, 80, 81, 82, 83, 84, 85, 86, 87, 88, 89, 90, 91, 92, 93, 94, 95, 96, 97, 98, 99, 100, 101, 102, 103, 104, 105, 106, 107, 108, 109, 110, 111, 112, 113, 114, 115, 116]	[317730.75, 297100.4375, 345803.6875, 358184.34375, 354984.25, 337266.0625, 460561.15625, 324400.25, 377074.09375, 436357, 315721.21875, 407578.5625, 340644.78125, 368875.34375, 421403.96875, 329636.15625, 456777.4375, 275293.40625, 392424.78125, 383503.25, 298645.28125, 394966.125, 455696.5, 305633.25, 294375.40625, 531826.9375, 428613.40625, 399578.03125, 255193.67188, 238209.96875, 344323, 352203.09375, 415696.5625, 388202.4375, 351363.71875, 322980.125, 429558.53125, 361796.625, 450828.40625, 459375.90625, 453151.46875, 365024.9375, 413854.21875, 403927.21875, 400651.0625, 542941.6875, 474455.9375, 444119.34375, 378981.5625, 536663.875, 469445.5625, 453755.4375, 424923.28125, 458421, 410669.59375, 408576.84375, 583102.125, 345849.71875, 328629.71875, 553799.3125, 391578.28125, 414176.34375, 522888.25, 573587.5, 445443.90625, 501777.65625, 557773.6875, 324698.5, 457361.375, 627077.0625, 384777.8125, 622119.875, 617064.9375, 509065.15625, 660768.625]	116	2.1587	-100	134
2149.22072	53.1127	31312.2207	53093.46875	3	2	2	717.41418	53.10769	53.1127	0	0	[77, 78]	[21781.25, 31312.2207]	78	-1.78824	-100	135
442.95882	53.0379	900982.8125	46410468	1	2	80	443.96609	52.77719	53.41626	0	0	[37, 38, 39, 40, 41, 42, 43, 44, 45, 46, 47, 48, 49, 50, 51, 52, 53, 54, 55, 56, 57, 58, 59, 60, 61, 62, 63, 64, 65, 66, 67, 68, 69, 70, 71, 72, 73, 74, 75, 76, 77, 78, 79, 80, 81, 82, 83, 84, 85, 86, 87, 88, 89, 90, 91, 92, 93, 94, 95, 96, 97, 98, 99, 100, 101, 102, 103, 104, 105, 106, 107, 108, 109, 110, 111, 112, 113, 114, 115, 116]	[529945, 593273.4375, 179745.0625, 504480.65625, 557162.3125, 660932.3125, 455108.59375, 547625.5625, 497513.03125, 666081.75, 520680.5625, 643494.9375, 706158.5625, 624795.3125, 680098.375, 565608.375, 759739.625, 708225.25, 549317.125, 642616.3125, 474828.78125, 709580.25, 509837.28125, 722961.75, 639717.0625, 492960.96875, 499754.9375, 670348.0625, 493345.25, 465679.09375, 900982.8125, 798504.9375, 602756.75, 450937.5625, 306190.8125, 492400.78125, 514122.9375, 604994.875, 662935.625, 632556.25, 476545.625, 643990.9375, 640807.0625, 627790.9375, 649233.75, 594102.6875, 560513.625, 605011.25, 492629.59375, 444981.84375, 787982.1875, 692075.0625, 637730.125, 531428.4375, 640002.5, 647750.3125, 610790.5, 609606.375, 542166, 618999.5, 639408.4375, 788348, 425841.75, 508009.4375, 710286.6875, 394679.0625, 797380.125, 587147.125, 751267.25, 491429.78125, 415560.875, 599514.6875, 287005.03125, 463988.4375, 624870.4375, 364754.46875, 534444.6875, 583892.125, 518967.4375, 631536.75]	67	-5.33587	-100	136
1883.45625	53.0009	26649.32617	70120.07812	4	2	3	471.87134	52.98166	53.0009	0	0	[61, 62, 63]	[25098.62695, 18372.12695, 26649.32617]	63	6.6311	-100	137
526.29979	52.4941	342545.375	6911843.5	1	2	39	527.30707	52.45331	52.78476	0	0	[0, 1, 2, 3, 4, 5, 6, 7, 8, 9, 10, 11, 12, 13, 14, 15, 16, 17, 18, 19, 20, 21, 22, 23, 24, 25, 26, 27, 28, 29, 30, 31, 32, 33, 34, 35, 36, 37, 38]	[287523.875, 250261.15625, 269783, 207381.85938, 302343.1875, 342545.375, 240881.46875, 184398.73438, 193505.4375, 140665.85938, 255517.14062, 229342.03125, 225842.45312, 290247.53125, 253139.67188, 211787.71875, 151117.4375, 225084.51562, 251251.15625, 146279.0625, 176116.71875, 141983.6875, 194279.25, 149870.375, 114495.48438, 166022.78125, 109763.15625, 123385.66406, 108326.99219, 241506.40625, 121369.13281, 73288.10938, 80866.50781, 98798.61719, 46672.41406, 73575.14844, 49572.27734, 67233.5625, 115818.8125]	5	-1.10806	-100	138
2884.86613	53.28849	129845.0625	3774544.5	6	2	45	481.8183	53.07027	53.41626	0	0	[72, 73, 74, 75, 76, 77, 78, 79, 80, 81, 82, 83, 84, 85, 86, 87, 88, 89, 90, 91, 92, 93, 94, 95, 96, 97, 98, 99, 100, 101, 102, 103, 104, 105, 106, 107, 108, 109, 110, 111, 112, 113, 114, 115, 116]	[54080.61328, 74232.49219, 81797.58594, 71183.625, 77818.57031, 75033.95312, 109143.14062, 98559.80469, 46820.80078, 102207.75, 117157.34375, 84214.47656, 66796.07812, 68701.57031, 83334.27344, 99179.10156, 120682.52344, 86437.33594, 58019.09375, 67688.88281, 92053.54688, 67053.14062, 112406.84375, 84799.45312, 77988.4375, 93732.47656, 107691.08594, 83768.23438, 104073.97656, 129845.0625, 62534.50781, 78785.52344, 94837.86719, 114503.78125, 69771.49219, 41710.10547, 81530.9375, 62321.62891, 92167.80469, 101108.89062, 50230.09766, 69547.25, 79929.75781, 83741.5625, 95322.34375]	101	-4.59185	-100	139
1858.0107	52.70083	113962.78906	1561576.625	3	2	25	620.34418	52.50758	52.72279	0	0	[7, 8, 9, 10, 11, 12, 13, 14, 15, 16, 17, 18, 19, 20, 21, 22, 23, 24, 25, 26, 27, 28, 29, 30, 31]	[17963.08789, 22720.35156, 18306.0918, 50920.21094, 50400.39453, 54194.96094, 30193.89844, 26711.08594, 101837.65625, 21576.41602, 64702.93359, 53586.42969, 72783.54688, 66549.875, 79175, 61822.91016, 90591.99219, 103847.17188, 70645.03125, 81330.10938, 69783.90625, 97747.46875, 113962.78906, 68644.125, 71579.15625]	29	-0.87016	-100	140
1892.99996	52.4941	147232.46875	1738980.125	3	2	23	632.00726	52.45331	52.63889	0	0	[0, 1, 2, 3, 4, 5, 6, 7, 8, 9, 10, 11, 12, 13, 14, 15, 16, 17, 18, 19, 20, 21, 22]	[70717.10156, 68520.07812, 77497.3125, 93842.41406, 65515.125, 147232.46875, 50475.42188, 45946.19531, 98126.86719, 37257.08984, 92972.57031, 85353.29688, 101060.84375, 105713.34375, 29463.92383, 127104.4375, 85073.80469, 65482.91797, 44327.25781, 50133.01172, 77207.51562, 63994.89062, 55962.37109]	5	0.18804	-100	141
516.81829	52.56754	261859.95312	1947904.625	1	2	17	517.82556	52.52826	52.66554	0	0	[9, 10, 11, 12, 13, 14, 15, 16, 17, 18, 19, 20, 21, 22, 23, 24, 25]	[40242.04297, 94884.14844, 79351.66406, 48020.47266, 261859.95312, 167520.21875, 171971.09375, 76127.74219, 110483.05469, 136718.40625, 81260.03906, 142741.8125, 99989.02344, 135931.15625, 60821.92188, 74135.14062, 165846.96875]	13	-2.53017	-100	142
2261.41746	52.70979	103560.64844	1206042.375	6	2	18	377.91019	52.58808	52.74168	0	0	[16, 17, 18, 19, 20, 21, 22, 23, 24, 25, 26, 27, 28, 29, 30, 31, 32, 33]	[52382.11328, 42241.46875, 48615.16016, 39896.67969, 95052.36719, 72540.99219, 57948.28516, 30421.89453, 77048.74219, 81118.59375, 82359.94531, 48836.93359, 86913.35938, 72834.5, 103560.64844, 73962.80469, 74191.39844, 66116.52344]	30	6.30444	-100	143
2492.38235	53.24254	57003.82422	104351.78125	3	2	2	831.80139	53.24254	53.24847	0	0	[95, 96]	[57003.82422, 47347.96094]	95	1.0588	-100	144
516.27928	53.0379	589478.5625	15001806	1	2	71	517.28656	52.70083	53.27224	0	0	[29, 30, 31, 32, 33, 34, 35, 36, 37, 38, 39, 40, 41, 42, 43, 44, 45, 46, 47, 48, 49, 50, 51, 52, 53, 54, 55, 56, 57, 58, 59, 60, 61, 62, 63, 64, 65, 66, 67, 68, 69, 70, 71, 72, 73, 74, 75, 76, 77, 78, 79, 80, 81, 82, 83, 84, 85, 86, 87, 88, 89, 90, 91, 92, 93, 94, 95, 96, 97, 98, 99]	[39165.23828, 87923.71094, 25664.40234, 66399.66406, 89672.90625, 48259.42188, 46030.97266, 87763.5625, 108728.38281, 171345, 44869.71094, 131853.07812, 137392, 249612.17188, 128026.53125, 150145.42188, 158303.79688, 281363.34375, 256086.35938, 385559.65625, 306213.46875, 256663.15625, 405955.03125, 332017.28125, 455344.4375, 496719.71875, 479923.5, 358788.09375, 292535.9375, 570503.6875, 336449.84375, 522955.875, 425542.9375, 294650.40625, 349256.25, 435125.03125, 348376.1875, 285352.65625, 589478.5625, 364162, 304728.75, 181911.28125, 122951.65625, 324812.90625, 233378.28125, 269311.625, 262827.125, 278200.625, 159240.54688, 353498.5, 160951.17188, 202579.01562, 196792.5, 164907.53125, 138396.67188, 101087.86719, 82553, 76568.71875, 103059.36719, 112340.71875, 91001.39844, 47526.94141, 75045.51562, 72009.75781, 78409.46875, 32183.93359, 38738.625, 34186.60156, 27458.80664, 49175.33594, 25790.24805]	67	1.26706	-100	145
359.96584	52.78476	767965	68946272	1	2	117	360.97311	52.45331	53.41626	0	0	[0, 1, 2, 3, 4, 5, 6, 7, 8, 9, 10, 11, 12, 13, 14, 15, 16, 17, 18, 19, 20, 21, 22, 23, 24, 25, 26, 27, 28, 29, 30, 31, 32, 33, 34, 35, 36, 37, 38, 39, 40, 41, 42, 43, 44, 45, 46, 47, 48, 49, 50, 51, 52, 53, 54, 55, 56, 57, 58, 59, 60, 61, 62, 63, 64, 65, 66, 67, 68, 69, 70, 71, 72, 73, 74, 75, 76, 77, 78, 79, 80, 81, 82, 83, 84, 85, 86, 87, 88, 89, 90, 91, 92, 93, 94, 95, 96, 97, 98, 99, 100, 101, 102, 103, 104, 105, 106, 107, 108, 109, 110, 111, 112, 113, 114, 115, 116]	[576398.375, 525258.5, 621148.75, 454196.5625, 496609.15625, 649840.4375, 468707.0625, 496289.1875, 598748.9375, 469046.09375, 601622.6875, 635015.375, 563220.8125, 464380.65625, 468365.71875, 589446.4375, 509238.875, 561130.5, 575864.6875, 554728.0625, 625812.625, 553080.1875, 588886.0625, 511086.125, 493804.09375, 608148, 620284.125, 581693, 633085.625, 696198.6875, 691390.125, 529710.25, 536394.875, 654382.75, 569978, 672802.375, 613933.5625, 617750.125, 767965, 151052.71875, 565097.625, 610324.1875, 757358.125, 426042.78125, 618538.625, 536709.3125, 595672.375, 543506.3125, 655239.375, 564768.1875, 529244.125, 724953.25, 553041.8125, 572082.6875, 577523.3125, 560777.375, 590909.6875, 666459.125, 703645.625, 599816.5625, 696257.75, 705492.25, 556265.875, 589745.5625, 668972, 609529.75, 478224.09375, 704889.625, 655402.1875, 647742.0625, 522862.625, 607992.4375, 575404.125, 630042, 680601.875, 659248.4375, 664168.875, 588454, 660151.8125, 627217.625, 627367.0625, 676334, 633700.5, 671190.1875, 696135.8125, 577895.875, 563786.875, 761556.25, 704842.9375, 677662.625, 544307.5, 648478.6875, 587913.75, 588804.4375, 492335.3125, 553011.125, 547343.3125, 663060.125, 729488.8125, 496886.40625, 501684.1875, 662910.625, 703305.3125, 412767.125, 559733.5625, 565047.25, 499396.40625, 444462.53125, 533940.25, 414371.0625, 550883.4375, 599305.625, 461796.53125, 700757, 648254.25, 540812.25, 627664.9375]	38	-5.64428	-100	146
2274.4455	52.74168	70222.80469	118360.28125	4	2	2	569.61865	52.73576	52.74168	0	0	[32, 33]	[48137.47266, 70222.80469]	33	0.98909	-100	147
399.13146	52.90324	2178988	207531296	1	2	117	400.13873	52.45331	53.41626	0	0	[0, 1, 2, 3, 4, 5, 6, 7, 8, 9, 10, 11, 12, 13, 14, 15, 16, 17, 18, 19, 20, 21, 22, 23, 24, 25, 26, 27, 28, 29, 30, 31, 32, 33, 34, 35, 36, 37, 38, 39, 40, 41, 42, 43, 44, 45, 46, 47, 48, 49, 50, 51, 52, 53, 54, 55, 56, 57, 58, 59, 60, 61, 62, 63, 64, 65, 66, 67, 68, 69, 70, 71, 72, 73, 74, 75, 76, 77, 78, 79, 80, 81, 82, 83, 84, 85, 86, 87, 88, 89, 90, 91, 92, 93, 94, 95, 96, 97, 98, 99, 100, 101, 102, 103, 104, 105, 106, 107, 108, 109, 110, 111, 112, 113, 114, 115, 116]	[1709413.375, 1705808.375, 1945209.875, 1397470.75, 1503579.5, 1896372.125, 2009404.75, 1788852.75, 1869712, 1551019.875, 1796687.375, 1752196.375, 1818914.5, 1659751.125, 1373808.5, 2108902.75, 1615922.625, 1861515.5, 1869512.625, 1810037.125, 1808286.25, 1955301.875, 1513394.375, 2055381.375, 1710924.25, 1664513.75, 1902446.875, 1949910, 1617172.125, 1864947.25, 1447263, 1674308.25, 1734211.625, 1952789.5, 1788939.625, 1469537.375, 1926916.125, 1884589.625, 1618809.875, 784832.75, 1806739, 1803542.875, 1433738.625, 1532190.875, 1959631, 1635154, 1846588.5, 1906918.625, 2145926, 2127105.25, 1895564.625, 2178988, 2026313.875, 1963460.875, 1732872.75, 1776233, 1964928.5, 2120054.5, 1876452.875, 2047904.25, 1925067.5, 1626665, 1863778.375, 1962680.5, 1868910.75, 1802297, 1799559, 1546759.375, 1874512.375, 1946794.875, 1657819.875, 1262821.25, 1858488.75, 1742756.5, 1780458.5, 1880109.875, 1852025.25, 1818269.125, 1618227.125, 1733714.5, 1639665.625, 1952182, 1861659.625, 1953631.5, 1463664.75, 1751454, 1716516.375, 1827463.125, 1226102.5, 1685355.25, 2004401.625, 1963046.875, 1826309.875, 2013425, 1934869.875, 1974197.625, 1855696.875, 1793573.375, 1813330.75, 1714189.75, 1597155.125, 1872616.75, 1486029.5, 381988.90625, 1910270.75, 1866483.375, 1929898.625, 1603207.875, 1928998.375, 1259692.75, 1695426.875, 1983644.625, 1530067.875, 1987718.875, 1755715.625, 2058521.625, 2142594.25]	51	-1.30259	-100	148
546.88182	53.17936	496077.15625	39937368	1	2	117	547.8891	52.45331	53.41626	0	0	[0, 1, 2, 3, 4, 5, 6, 7, 8, 9, 10, 11, 12, 13, 14, 15, 16, 17, 18, 19, 20, 21, 22, 23, 24, 25, 26, 27, 28, 29, 30, 31, 32, 33, 34, 35, 36, 37, 38, 39, 40, 41, 42, 43, 44, 45, 46, 47, 48, 49, 50, 51, 52, 53, 54, 55, 56, 57, 58, 59, 60, 61, 62, 63, 64, 65, 66, 67, 68, 69, 70, 71, 72, 73, 74, 75, 76, 77, 78, 79, 80, 81, 82, 83, 84, 85, 86, 87, 88, 89, 90, 91, 92, 93, 94, 95, 96, 97, 98, 99, 100, 101, 102, 103, 104, 105, 106, 107, 108, 109, 110, 111, 112, 113, 114, 115, 116]	[311407.78125, 256784.48438, 385329.375, 391503.53125, 393689.40625, 415531, 312745.25, 291642.53125, 335682.3125, 265755, 356557.71875, 377033.15625, 308246.03125, 319554.375, 318471.21875, 353158.25, 307392.125, 313817.5625, 342511.125, 293450.5, 322789.84375, 334211.21875, 312150.375, 308390.4375, 290963.6875, 319004.1875, 331113.65625, 299959.40625, 323678.28125, 480537.125, 388750.53125, 266473.40625, 241562.23438, 366743, 287361.65625, 311863.125, 386204.9375, 316184.21875, 399947.09375, 82890.14062, 333715.6875, 348716.96875, 460896.53125, 275285.65625, 366130.5625, 338838.90625, 355461.6875, 341958.15625, 375517.46875, 375701.9375, 316966.40625, 388641.03125, 348767.5, 300442.84375, 375605.75, 316707.09375, 386911.96875, 262248.34375, 405957.03125, 307524.75, 360282.625, 375113.125, 294536.375, 335593.46875, 410976.21875, 328055.4375, 246146.4375, 439572.3125, 456595.78125, 364224.40625, 260567.10938, 314998.25, 399459.34375, 318687.03125, 397681.5, 381335.25, 386119.65625, 365343.96875, 443740.78125, 372347.5, 345647.59375, 369777.9375, 473880.34375, 356619, 370485.9375, 349705.375, 342517.59375, 496077.15625, 360081.6875, 385892.375, 343259, 318134.8125, 365010.6875, 332788.09375, 287762.65625, 306984.25, 283910.4375, 416995.1875, 428627.875, 274792.1875, 279555.25, 391909.03125, 322327.15625, 240276.92188, 333289.09375, 359256.28125, 250626.90625, 307619.53125, 356765.5625, 235952.25, 317273.375, 314470.59375, 248394.67188, 382193.9375, 401961.0625, 344652.28125, 387480.78125]	87	-1.62762	-100	149
1199.54526	53.31494	188322.59375	1342990.125	2	2	12	600.77991	53.31494	53.41034	0	0	[104, 105, 106, 107, 108, 109, 110, 111, 112, 113, 114, 115]	[188322.59375, 138681.20312, 146186, 105448.1875, 150176.15625, 107233.22656, 106609.82812, 99418.46875, 101672.89062, 32132.86914, 96325.15625, 70783.63281]	104	1.4196	-100	150
1254.72324	52.67161	206148.01562	6773540.5	2	2	57	628.3689	52.45331	52.94309	0	0	[0, 1, 2, 3, 4, 5, 6, 7, 8, 9, 10, 11, 12, 13, 14, 15, 16, 17, 18, 19, 20, 21, 22, 23, 24, 25, 26, 27, 28, 29, 30, 31, 32, 33, 34, 35, 36, 37, 38, 39, 40, 41, 42, 43, 44, 45, 46, 47, 48, 49, 50, 51, 52, 53, 54, 55, 56]	[111021.14844, 134238.95312, 156347, 94728.16406, 203528.84375, 176070.04688, 177475.0625, 102791.02344, 150606.26562, 95886.27344, 129889.99219, 182729.96875, 177312.42188, 145694.34375, 190286.0625, 149589.15625, 170508.64062, 192941.46875, 132038.8125, 103389.78125, 177786.76562, 131734.09375, 191444.75, 182479.0625, 116343.1875, 188328.14062, 206148.01562, 126233.67188, 172607.875, 168111.96875, 137626.04688, 96413.5, 104733.8125, 168100.03125, 67148.04688, 120122.58594, 121701.51562, 79916.6875, 85951.67188, 17836.66602, 80190.65625, 46382.21094, 108194.97656, 77177.28125, 83634.82031, 56495.22656, 59814.78125, 54272.16797, 69951.66406, 68194.71094, 59817.69922, 87915.14844, 27024.29688, 67502.42969, 74662.79688, 51561.94922, 62906.93359]	26	-3.22324	-100	151
1216.57199	53.22235	172725.07812	2392820.25	2	2	23	609.29327	53.12797	53.29732	0	0	[80, 81, 82, 83, 84, 85, 86, 87, 88, 89, 90, 91, 92, 93, 94, 95, 96, 97, 98, 99, 100, 101, 102]	[40505.12891, 114653.44531, 42197.17578, 82981.42969, 92219.03125, 79382.95312, 132305.1875, 65685.84375, 53555.00781, 90578.9375, 88440.4375, 151058.125, 172725.07812, 63130.76172, 142800.40625, 148543.76562, 117162.46094, 112293.94531, 96570.39844, 93744.53906, 132040.42188, 144028.60938, 136217.35938]	92	-1.38998	-100	152
422.8987	52.48153	452518.5625	4595557.5	1	2	13	423.90598	52.45331	52.55588	0	0	[0, 1, 2, 3, 4, 5, 6, 7, 8, 9, 10, 11, 12]	[296991.15625, 363519.21875, 440847.34375, 452518.5625, 359952.90625, 358913.4375, 374113.84375, 291049.5625, 363622.40625, 334821.96875, 222895.14062, 438542.4375, 297769.59375]	3	-7.25438	-100	153
1626.9327	53.07922	80331.0625	233561.625	3	2	4	543.31818	53.06523	53.08517	0	0	[71, 72, 73, 74]	[55710.38281, 39565.01953, 80331.0625, 57955.16016]	73	1.76915	-100	154
418.88579	52.48153	283301.21875	3188199.5	1	2	16	419.89307	52.45331	52.58212	0	0	[0, 1, 2, 3, 4, 5, 6, 7, 8, 9, 10, 11, 12, 13, 14, 15]	[191899.60938, 200188.32812, 240015.29688, 283301.21875, 133108.32812, 205400.67188, 223185.23438, 185654.45312, 244594.39062, 193957.28125, 182807.03125, 259118.26562, 241140.5, 91300.76562, 176854.85938, 135673.375]	3	-6.40611	-100	155
533.30583	52.46841	390029.0625	2747552.75	1	2	10	534.31311	52.45331	52.52826	0	0	[0, 1, 2, 3, 4, 5, 6, 7, 8, 9]	[312995.9375, 321788.5625, 390029.0625, 307114.71875, 367699.1875, 300605.9375, 274903.78125, 161707.85938, 176874.46875, 133833.26562]	2	1.3278	-100	156
1879.4267	52.68333	47122.83203	63126.64844	4	2	2	470.86395	52.68333	52.69494	0	0	[27, 28]	[47122.83203, 16003.81543]	27	-5.55583	-100	157
2639.28086	52.75836	48498.28125	205907.78125	6	2	6	440.88742	52.74168	52.78476	0	0	[33, 34, 35, 36, 37, 38]	[26028.9082, 20383.94336, 48498.28125, 45400.84766, 42460.47266, 23135.33008]	35	-4.19653	-100	158
2597.26933	53.0009	51499.125	98677.54688	6	2	2	433.8855	53.0009	53.00682	0	0	[63, 64]	[51499.125, 47178.41797]	63	2.14924	-100	159
2064.54278	53.18824	51814.39844	318846.25	5	2	9	413.91583	53.14284	53.20315	0	0	[82, 83, 84, 85, 86, 87, 88, 89, 90]	[32428.7168, 48659.21875, 29019.87891, 12831.03906, 45682.39844, 33805.22266, 51814.39844, 47121.45703, 17483.89258]	88	5.41093	-100	160
1652.07307	53.07922	70026.44531	127404.23438	4	2	4	414.02554	53.06523	53.08517	0	0	[71, 72, 73, 74]	[17364.43555, 17024.29883, 70026.44531, 22989.05273]	73	-4.16666	-100	161
1964.43109	52.77126	70730.46875	561568.375	5	2	12	393.89349	52.67161	52.77719	0	0	[26, 27, 28, 29, 30, 31, 32, 33, 34, 35, 36, 37]	[25038.41211, 23133.68555, 70088.78125, 70651.89844, 67792.08594, 56711.55078, 28374.26367, 56443.19531, 20411.67188, 53710.99219, 70730.46875, 18481.37109]	36	-6.49732	-100	162
2033.94979	53.01995	57087.8125	124167.64062	3	2	3	678.99054	53.01995	53.0379	0	0	[65, 66, 67]	[57087.8125, 36242.20703, 30837.62305]	65	-1.43545	-100	163
2238.26323	53.3955	45453.19922	160254.625	6	2	6	374.05115	53.37916	53.41626	0	0	[111, 112, 113, 114, 115, 116]	[20642.86914, 13086.70801, 45453.19922, 39731.73828, 17658.16602, 23681.92969]	113	-2.99458	-100	164
442.95879	52.70083	880467.5	21476782	1	2	37	443.96606	52.45331	52.77126	0	0	[0, 1, 2, 3, 4, 5, 6, 7, 8, 9, 10, 11, 12, 13, 14, 15, 16, 17, 18, 19, 20, 21, 22, 23, 24, 25, 26, 27, 28, 29, 30, 31, 32, 33, 34, 35, 36]	[467614.90625, 436593, 540964.25, 484738.15625, 609374.75, 665540.375, 636248.875, 439051.6875, 541573.8125, 420112.25, 500033.375, 549358.8125, 452826.625, 745744.125, 700902.75, 627948.125, 456353.75, 629326.1875, 719134.875, 476197.1875, 555225.3125, 555070.4375, 645056.5, 610867.625, 507829.125, 603376.0625, 675195.75, 560123.8125, 698652.4375, 880467.5, 626264.875, 489618.375, 527190.875, 782262.25, 528702.875, 531057, 600185.25]	29	-5.09695	-100	165
445.25365	52.48818	1307074.75	24468200	1	2	47	446.26093	52.45331	52.86425	0	0	[0, 1, 2, 3, 4, 5, 6, 7, 8, 9, 10, 11, 12, 13, 14, 15, 16, 17, 18, 19, 20, 21, 22, 23, 24, 25, 26, 27, 28, 29, 30, 31, 32, 33, 34, 35, 36, 37, 38, 39, 40, 41, 42, 43, 44, 45, 46]	[863964.0625, 862079, 1065438.5, 1076577.125, 1307074.75, 1272133, 943936.0625, 751136.375, 903435.5625, 710410.9375, 861752.375, 1022401.1875, 762082.25, 1121149, 995028.1875, 779622.125, 576453.0625, 771877.3125, 680836.75, 490990.75, 621788.3125, 489538.34375, 518243.9375, 465458.90625, 381913.90625, 412718.875, 422547.125, 360271.3125, 336434.75, 364312.65625, 309552.125, 204273.90625, 181988.0625, 202849.4375, 117385.10938, 157996.79688, 122638.47656, 148562.78125, 167899.42188, 42210.98047, 100506.32031, 104585.46094, 154707.125, 83161.01562, 59761.90234, 45294.17188, 73223.09375]	4	1.34347	-100	166
414.98317	52.74168	475755.84375	22188952	1	2	73	415.99045	52.45331	53.07027	0	0	[0, 1, 2, 3, 4, 5, 6, 7, 8, 9, 10, 11, 12, 13, 14, 15, 16, 17, 18, 19, 20, 21, 22, 23, 24, 25, 26, 27, 28, 29, 30, 31, 32, 33, 34, 35, 36, 37, 38, 39, 40, 41, 42, 43, 44, 45, 46, 47, 48, 49, 50, 51, 52, 53, 54, 55, 56, 57, 58, 59, 60, 61, 62, 63, 64, 65, 66, 67, 68, 69, 70, 71, 72]	[249852.70312, 220164.82812, 266582.59375, 242097.51562, 324325.625, 296430.28125, 254656.07812, 226780.65625, 294356.3125, 211577.01562, 309461.15625, 279776.65625, 266060.6875, 378780.59375, 318267.25, 361498.96875, 240307.17188, 370124.78125, 356321.1875, 233308.65625, 329771.6875, 327372.21875, 338527.0625, 355760.1875, 259587.48438, 301755.3125, 416500.34375, 284621.53125, 315850.84375, 439524.21875, 337173.78125, 226164.96875, 262221.03125, 475755.84375, 323691.0625, 231168.25, 317382.96875, 296041.84375, 339200.3125, 93977.28125, 306380.34375, 374644.40625, 331038.59375, 242409.34375, 244106.25, 264068.59375, 338521.375, 261258.21875, 322163.1875, 336429.15625, 317962.28125, 385235.09375, 259528.3125, 415783.9375, 315750.53125, 377813.59375, 352881.0625, 287627.8125, 374804.9375, 293059.15625, 365523.59375, 251615.25, 234675.95312, 278818.71875, 378068.15625, 297119.4375, 303658.1875, 428050.3125, 347606.09375, 301024.78125, 235608.75, 139796.42188, 253143.26562]	33	-3.86264	-100	167
2252.37681	52.54578	72520.13281	547485.8125	6	2	12	376.40341	52.45331	52.54578	0	0	[0, 1, 2, 3, 4, 5, 6, 7, 8, 9, 10, 11]	[58479.27344, 55095.50781, 68680.92969, 57062.08203, 15245.8291, 52091.26953, 47103.35156, 19336.86719, 47974.46094, 38475.375, 15420.70801, 72520.13281]	11	1.94361	-100	168
2501.21421	53.26325	18775.00781	30707.40625	6	2	2	417.87631	53.26325	53.27224	0	0	[98, 99]	[18775.00781, 11932.39941]	98	-0.96202	-100	169
569.19048	52.97574	1294040.875	38065816	1	2	82	570.19775	52.68333	53.34909	0	0	[27, 28, 29, 30, 31, 32, 33, 34, 35, 36, 37, 38, 39, 40, 41, 42, 43, 44, 45, 46, 47, 48, 49, 50, 51, 52, 53, 54, 55, 56, 57, 58, 59, 60, 61, 62, 63, 64, 65, 66, 67, 68, 69, 70, 71, 72, 73, 74, 75, 76, 77, 78, 79, 80, 81, 82, 83, 84, 85, 86, 87, 88, 89, 90, 91, 92, 93, 94, 95, 96, 97, 98, 99, 100, 101, 102, 103, 104, 105, 106, 107, 108]	[53846.83203, 45852.6875, 105101.90625, 89465.94531, 71327.44531, 120642.97656, 219201.09375, 125659.20312, 167746.54688, 224689.6875, 304282, 286355.40625, 61172.58984, 333852.53125, 406993.1875, 474830.6875, 339821.875, 463810.15625, 448075.34375, 691307.875, 578429.5625, 825023.875, 814352.8125, 805003.875, 871701.625, 865569.4375, 1141540.5, 1015693.6875, 983238.75, 1095026.25, 880745.875, 1152086.625, 823847.5, 1294040.875, 965524.6875, 846716.6875, 874767.5, 1092413.875, 850451.5, 785070.5625, 1116076.75, 901209.5, 901792.8125, 467115.34375, 362165.90625, 747954.3125, 682184.875, 640331.3125, 741461.5, 541322.75, 444623.65625, 558104, 550851.25, 594881.125, 520475.0625, 476016.78125, 382159.375, 410551.5, 271239.03125, 263402.4375, 360094.1875, 289686.5, 222301.53125, 166371.20312, 228852.46875, 180728.625, 167287.29688, 150243.1875, 97030.96875, 147532.98438, 154485.70312, 129985, 76621.64844, 69968.58594, 81408.54688, 50052.92188, 65559.48438, 58868.26172, 105360.67969, 24093.06641, 20811.13281, 49267.03516]	60	0.54757	-100	170
461.10903	53.33276	383655.28125	5023401.5	1	2	16	462.1163	53.28849	53.41626	0	0	[101, 102, 103, 104, 105, 106, 107, 108, 109, 110, 111, 112, 113, 114, 115, 116]	[349377.90625, 241875.71875, 28117.09961, 355545.53125, 357793.46875, 383655.28125, 323236.21875, 309162.59375, 204246.40625, 303936.40625, 377317.84375, 315513.09375, 350515.96875, 377621.34375, 363317.53125, 382168.78125]	106	-1.57509	-100	171
478.98082	53.26325	1251143.875	64008732	1	2	79	479.9881	52.78476	53.41626	0	0	[38, 39, 40, 41, 42, 43, 44, 45, 46, 47, 48, 49, 50, 51, 52, 53, 54, 55, 56, 57, 58, 59, 60, 61, 62, 63, 64, 65, 66, 67, 68, 69, 70, 71, 72, 73, 74, 75, 76, 77, 78, 79, 80, 81, 82, 83, 84, 85, 86, 87, 88, 89, 90, 91, 92, 93, 94, 95, 96, 97, 98, 99, 100, 101, 102, 103, 104, 105, 106, 107, 108, 109, 110, 111, 112, 113, 114, 115, 116]	[797322.8125, 241483.95312, 718385.5625, 904334.875, 964851.1875, 501394.84375, 625532.6875, 633021.0625, 826127.375, 643059.5625, 962386.1875, 871967.375, 837487.5625, 980073.125, 848105.9375, 982351.5625, 824057.1875, 981086.375, 992721.5, 691708.5625, 1114824.5, 777275.6875, 1075031.625, 703045.0625, 695891.625, 735090.5625, 824249.4375, 685895.5, 791126.125, 968841.625, 994104.625, 775802.4375, 505521.625, 364527.28125, 771490.125, 887146.6875, 730481.5625, 1045910.625, 737591.3125, 793000.3125, 993098.5, 850808.5, 854416.1875, 983820.3125, 831258.1875, 780644.5, 870409.875, 754473.0625, 668876.75, 978343.3125, 1016024.4375, 867911.125, 682353.375, 1041205.0625, 883145.875, 865800.5625, 809346.6875, 849502.625, 932108.375, 804658.875, 1251143.875, 624066.75, 611916.4375, 928165.5, 453639.875, 1081565.875, 867028.75, 936010.9375, 729441.625, 519811.21875, 807125.5, 407938.53125, 697791.8125, 913495.75, 571804.375, 819889.625, 935673.375, 850868.1875, 878847.25]	98	0.70863	-100	172
399.02184	52.65047	422914.625	13636418	1	2	42	400.02911	52.45331	52.81844	0	0	[0, 1, 2, 3, 4, 5, 6, 7, 8, 9, 10, 11, 12, 13, 14, 15, 16, 17, 18, 19, 20, 21, 22, 23, 24, 25, 26, 27, 28, 29, 30, 31, 32, 33, 34, 35, 36, 37, 38, 39, 40, 41]	[328659.40625, 331057.71875, 406473.53125, 267921.1875, 215848.6875, 368927.03125, 310814.21875, 349870.125, 396933.625, 249866.4375, 355729.84375, 321213.6875, 287856.71875, 231908.92188, 256748.17188, 350524.75, 307573.75, 372141.625, 378772.03125, 292575.84375, 386061.875, 380751.625, 352571.25, 422914.625, 324194.3125, 345673.21875, 398751.53125, 327793.71875, 263005.40625, 310161.15625, 300226.3125, 323314.78125, 370318.25, 333313.6875, 329792.9375, 304736.90625, 266951.9375, 363257.15625, 311403.75, 124574.55469, 351660.34375, 363570.96875]	23	-2.88548	-100	173
1903.77988	52.95659	113369.125	785630.75	2	2	10	952.89722	52.90324	52.97574	0	0	[51, 52, 53, 54, 55, 56, 57, 58, 59, 60]	[62325.875, 75619.58594, 99713.92969, 36297.12891, 60019.32031, 93326.85156, 71277.44531, 113369.125, 79044.65625, 94636.875]	58	-0.91415	-100	174
1515.60737	53.08517	19531.42188	29745.75	4	2	2	379.90912	53.08517	53.09276	0	0	[74, 75]	[19531.42188, 10214.3291]	74	-4.2357	-100	175
2189.30341	52.8854	97711.89062	217087.90625	4	2	3	548.33313	52.87188	52.8854	0	0	[47, 48, 49]	[62810.37891, 56565.63672, 97711.89062]	49	-0.69814	-100	176
2109.40225	52.69494	20697.83984	89469.42188	5	2	5	422.88773	52.65658	52.69494	0	0	[24, 25, 26, 27, 28]	[15538.10742, 17395.33008, 19312.60742, 16525.5332, 20697.83984]	28	5.15383	-100	177
431.27349	52.82727	534244.375	42601940	1	2	117	432.28076	52.45331	53.41626	0	0	[0, 1, 2, 3, 4, 5, 6, 7, 8, 9, 10, 11, 12, 13, 14, 15, 16, 17, 18, 19, 20, 21, 22, 23, 24, 25, 26, 27, 28, 29, 30, 31, 32, 33, 34, 35, 36, 37, 38, 39, 40, 41, 42, 43, 44, 45, 46, 47, 48, 49, 50, 51, 52, 53, 54, 55, 56, 57, 58, 59, 60, 61, 62, 63, 64, 65, 66, 67, 68, 69, 70, 71, 72, 73, 74, 75, 76, 77, 78, 79, 80, 81, 82, 83, 84, 85, 86, 87, 88, 89, 90, 91, 92, 93, 94, 95, 96, 97, 98, 99, 100, 101, 102, 103, 104, 105, 106, 107, 108, 109, 110, 111, 112, 113, 114, 115, 116]	[257928.53125, 283823.15625, 344453.8125, 371944.5625, 476399.65625, 385820.03125, 370492.9375, 245481.89062, 309118.09375, 236736.82812, 304316.25, 323893.34375, 297719.75, 464839.625, 409712.46875, 364646.59375, 315035.3125, 370012.59375, 361575.25, 312357.90625, 378783.4375, 327640.375, 372479.34375, 327429.90625, 287705.875, 370716.25, 372571.40625, 342182.90625, 373969.40625, 527238.25, 447528.125, 344113.3125, 269701.96875, 415827.21875, 244234, 312942.46875, 449002.5, 391915.84375, 434704.96875, 98185.63281, 310415.40625, 362614.65625, 534244.375, 308289.8125, 349922, 286841.09375, 446352.96875, 385655.3125, 456943.1875, 395061.28125, 405880.46875, 418640.0625, 246530.78125, 531948.4375, 475009.65625, 322004.0625, 436999.4375, 306118.4375, 441475.96875, 237122.59375, 392315.25, 360474.21875, 291832.78125, 358747.90625, 438051.84375, 272901.78125, 257781.46875, 507853.53125, 374743.125, 379027.75, 258665.34375, 276385.9375, 352823.90625, 321466.3125, 344507.65625, 352018.4375, 408151.34375, 265864.90625, 442956.5625, 350886.625, 503210.5, 426504.21875, 416027.75, 322936.0625, 353395.40625, 366796.8125, 304245.8125, 505131.6875, 486124.46875, 463772.375, 326570.59375, 342692.59375, 340365.5, 383813.21875, 321749.09375, 392104.6875, 404893.75, 443598.625, 520741.90625, 318953.125, 261116.40625, 474389.875, 364245.8125, 420790.9375, 381139.59375, 479051.40625, 293402.0625, 269573.125, 387291.9375, 297794.6875, 286820.4375, 471697.53125, 203614.67188, 455955.46875, 386825.65625, 272703.84375, 391201.53125]	42	1.24325	-100	178
2280.40131	52.59703	69071.40625	172400.75	4	2	3	571.1076	52.59703	52.61341	0	0	[17, 18, 19]	[69071.40625, 46055.28516, 57274.06641]	17	-3.50302	-100	179
1310.75258	52.90324	228059.125	4512270.5	3	2	52	437.9248	52.65047	53.08517	0	0	[23, 24, 25, 26, 27, 28, 29, 30, 31, 32, 33, 34, 35, 36, 37, 38, 39, 40, 41, 42, 43, 44, 45, 46, 47, 48, 49, 50, 51, 52, 53, 54, 55, 56, 57, 58, 59, 60, 61, 62, 63, 64, 65, 66, 67, 68, 69, 70, 71, 72, 73, 74]	[61796.72266, 60547.26562, 84315.59375, 68448.71875, 110650.83594, 80943.53125, 91534.02344, 68531.07031, 80341.92969, 86417.13281, 49915.04688, 100124.35938, 98422.14844, 69435.78906, 103871.02344, 137486.53125, 85092.5625, 83584.65625, 132065.125, 131183.875, 61261.57812, 104087.82031, 100567.76562, 125618.44531, 57557.21875, 141650.875, 136516.375, 58233.41016, 228059.125, 98078.4375, 179914.70312, 100919.51562, 107459.66406, 115917.88281, 101229.4375, 116828.58594, 62437.89844, 114409.60156, 101426.57031, 83374.47656, 71947.19531, 116210.04688, 58206.09766, 57862.52734, 27999.88672, 53402.56641, 21966.69531, 15464.63281, 13571.18262, 25878.92383, 26793.67188, 42709.79297]	51	1.46657	-100	180
2387.84483	53.41626	27804.16016	67566.17188	6	2	3	398.98141	53.40141	53.41626	0	0	[114, 115, 116]	[18101.20703, 21660.80664, 27804.16016]	116	-6.843	-100	181
1152.76279	52.91945	399408.71875	7013999.5	2	2	45	577.38867	52.68333	53.06523	0	0	[27, 28, 29, 30, 31, 32, 33, 34, 35, 36, 37, 38, 39, 40, 41, 42, 43, 44, 45, 46, 47, 48, 49, 50, 51, 52, 53, 54, 55, 56, 57, 58, 59, 60, 61, 62, 63, 64, 65, 66, 67, 68, 69, 70, 71]	[23459.50781, 76785.21094, 35891.76172, 79933.32031, 87876.0625, 83141.19531, 80950.83594, 49783.91016, 81912.5625, 153710.625, 141195.92188, 147288.07812, 344512.125, 179068.6875, 247071.92188, 123146.57812, 169500.65625, 225989.48438, 205847.76562, 223439.26562, 197004.75, 276855.65625, 351426.03125, 180578.375, 353257.875, 198575.20312, 399408.71875, 328367.71875, 210535.39062, 169183.1875, 141330.76562, 231299.57812, 108667.375, 209298.4375, 85949.20312, 134652.25, 106704.14062, 116770.17188, 69404.14844, 43172.92188, 115598.15625, 60806.05859, 76989.88281, 22753.25586, 64904.89844]	53	-2.36761	-100	182
478.98094	52.56754	1207948.375	32631642	1	2	38	479.98822	52.45331	52.77719	0	0	[0, 1, 2, 3, 4, 5, 6, 7, 8, 9, 10, 11, 12, 13, 14, 15, 16, 17, 18, 19, 20, 21, 22, 23, 24, 25, 26, 27, 28, 29, 30, 31, 32, 33, 34, 35, 36, 37]	[672024.5, 657076.8125, 786240.375, 562411.3125, 887168.75, 1077664.75, 870583.75, 649698.4375, 579424, 483642.125, 954887.4375, 862275.625, 715602.0625, 1207948.375, 888837.75, 1073133.125, 784088.1875, 1039975.5625, 1014626.5625, 740695.9375, 883046.125, 908207.375, 951188.5, 913289.3125, 716578.5625, 1007357.3125, 1081654.125, 853204.4375, 905289.3125, 1186008.5, 786310.6875, 771638.875, 830515.1875, 1143392, 805150.9375, 740026.5, 877548.1875, 763232]	13	2.33848	-100	183
1573.8865	53.01995	77198.40625	375571.53125	3	2	7	525.63611	53.0009	53.05422	0	0	[63, 64, 65, 66, 67, 68, 69]	[55203.78125, 31584.83203, 77198.40625, 45420.31641, 75332.17188, 29292.97852, 61539.07422]	65	3.09851	-100	184
1127.68603	53.17936	342647.5	12508205	3	2	71	376.90262	52.86425	53.41626	0	0	[46, 47, 48, 49, 50, 51, 52, 53, 54, 55, 56, 57, 58, 59, 60, 61, 62, 63, 64, 65, 66, 67, 68, 69, 70, 71, 72, 73, 74, 75, 76, 77, 78, 79, 80, 81, 82, 83, 84, 85, 86, 87, 88, 89, 90, 91, 92, 93, 94, 95, 96, 97, 98, 99, 100, 101, 102, 103, 104, 105, 106, 107, 108, 109, 110, 111, 112, 113, 114, 115, 116]	[120996.78906, 156276.04688, 181223.28125, 225956.6875, 108669.75781, 200297.03125, 104574.03125, 146775.15625, 145671.64062, 164707.26562, 159014.71875, 158273.34375, 232294.5625, 173929.04688, 225199.09375, 134374.0625, 164634.54688, 243348.375, 188614.29688, 196106.71875, 209167.92188, 262838.4375, 267364.65625, 275574.84375, 170473.40625, 140490.5625, 227997.10938, 218440.375, 193666.21875, 320594.03125, 218740.76562, 254807.51562, 329877.25, 222961.89062, 208814.6875, 202225.90625, 161021.57812, 226891.32812, 180725.71875, 192586.375, 210953.6875, 342647.5, 223350.625, 166157.0625, 187447.95312, 165337.6875, 132544.21875, 227210.21875, 271014.25, 176270.78125, 155365.84375, 202426.45312, 239182.5625, 103105.64844, 162945.92188, 275351.5, 141167.10938, 162020.39062, 100514.8125, 151548.09375, 71743.39844, 107548.125, 66735.58594, 56731.42188, 89798.64844, 101670.95312, 67721.57031, 93403.27344, 64261.58594, 15311.6875, 60517.66016]	87	-2.24454	-100	185
2442.38572	53.28849	55821.68359	207295.25	6	2	9	408.07156	53.22899	53.28849	0	0	[93, 94, 95, 96, 97, 98, 99, 100, 101]	[22178.79297, 12514.26758, 16638.69727, 20692.95117, 19999.11328, 20721.88672, 18818.76562, 19909.08203, 55821.68359]	101	5.07507	-100	186
1318.89922	52.46841	137910.6875	1121690.875	3	2	16	440.64035	52.45331	52.58212	0	0	[0, 1, 2, 3, 4, 5, 6, 7, 8, 9, 10, 11, 12, 13, 14, 15]	[103408.14844, 62360.19141, 137910.6875, 59137.53516, 91566.71094, 98551.95312, 101314.83594, 59945.44141, 55952.95312, 18495.65234, 63623.5625, 71569.17188, 47463.12891, 52943.54688, 23884.6582, 73562.66406]	2	-1.29159	-100	187
409.94829	52.74168	326370.375	8618111	1	2	43	410.95557	52.45331	52.82727	0	0	[0, 1, 2, 3, 4, 5, 6, 7, 8, 9, 10, 11, 12, 13, 14, 15, 16, 17, 18, 19, 20, 21, 22, 23, 24, 25, 26, 27, 28, 29, 30, 31, 32, 33, 34, 35, 36, 37, 38, 39, 40, 41, 42]	[137851.07812, 141463.45312, 181391.17188, 164332.45312, 235756.67188, 220186.60938, 164472.875, 165866.29688, 171498.95312, 130096.13281, 216611.875, 211165, 220569.21875, 265214.3125, 240899.4375, 182417.8125, 158180.51562, 176280.59375, 199098.65625, 152069.90625, 219530.9375, 221715.95312, 188815.39062, 243317.84375, 192448.95312, 294234.75, 238153.25, 147217.92188, 196393.76562, 324049.375, 203425.375, 164324.64062, 172971.98438, 326370.375, 198960.98438, 157699.1875, 229362.48438, 196605.48438, 246858.03125, 65450.85156, 165891.98438, 204915.92188, 283971.84375]	33	-5.18529	-100	188
1137.70656	52.65047	29578.10156	129729.23438	3	2	6	380.2428	52.63889	52.68333	0	0	[22, 23, 24, 25, 26, 27]	[15252.32031, 29578.10156, 15266.17871, 24683.75977, 21243.63086, 23705.24414]	23	5.33626	-100	189
1552.94802	52.63889	214362.23438	4677111.5	3	2	41	518.65662	52.50173	52.86425	0	0	[6, 7, 8, 9, 10, 11, 12, 13, 14, 15, 16, 17, 18, 19, 20, 21, 22, 23, 24, 25, 26, 27, 28, 29, 30, 31, 32, 33, 34, 35, 36, 37, 38, 39, 40, 41, 42, 43, 44, 45, 46]	[63789.98438, 17708.81445, 79449.14844, 44495.36328, 73947.39844, 83586.20312, 89601.71875, 88463.07031, 86773.125, 82260.34375, 97503.8125, 81542.875, 147149.4375, 145814.96875, 211136.92188, 155293.60938, 214362.23438, 167104.89062, 170564.45312, 182878.10938, 205989.79688, 167585.375, 130486.71875, 175091.79688, 170621.3125, 128802.38281, 119269.03906, 108910.02344, 135802.3125, 95677.22656, 108714.1875, 193244.23438, 114711.39844, 15336.54004, 53706.98438, 69292.125, 160128.89062, 52361.37891, 23407, 64937.94531, 99608.42188]	22	-1.13804	-100	190
2034.69628	52.53982	80711.79688	1639580	5	2	38	407.94653	52.45331	52.77719	0	0	[0, 1, 2, 3, 4, 5, 6, 7, 8, 9, 10, 11, 12, 13, 14, 15, 16, 17, 18, 19, 20, 21, 22, 23, 24, 25, 26, 27, 28, 29, 30, 31, 32, 33, 34, 35, 36, 37]	[31405.01562, 29977.60547, 62254.49219, 19055.48438, 47429.61719, 19749.56836, 46594.65234, 21201.89258, 51129.87891, 35024.32031, 80711.79688, 61606.21875, 39535.26562, 71157.25781, 26770.62109, 53471.76953, 45410.125, 60744.08203, 40811.33203, 13521.15332, 74934.11719, 59975.29297, 31158.83398, 48765.07031, 41969.33594, 69069.98438, 39346.08594, 46041.60938, 50369.44531, 36882.08203, 44763.31641, 17975.52539, 34474.8125, 50168.28516, 19274.49609, 44409.80078, 45932.54297, 26507.18945]	10	-6.79926	-100	191
461.26604	53.26325	1335956.625	35868656	1	2	64	462.27332	52.91945	53.41626	0	0	[53, 54, 55, 56, 57, 58, 59, 60, 61, 62, 63, 64, 65, 66, 67, 68, 69, 70, 71, 72, 73, 74, 75, 76, 77, 78, 79, 80, 81, 82, 83, 84, 85, 86, 87, 88, 89, 90, 91, 92, 93, 94, 95, 96, 97, 98, 99, 100, 101, 102, 103, 104, 105, 106, 107, 108, 109, 110, 111, 112, 113, 114, 115, 116]	[27879.66602, 32231.0332, 44318.23438, 39159.21094, 69927.71094, 102666.36719, 66924.02344, 146104.0625, 139632.21875, 112899.10938, 132538.64062, 196541.03125, 173437.42188, 167655.40625, 321799.6875, 371672.125, 329348.875, 273145.71875, 332161.03125, 382844.21875, 372957.1875, 489766.90625, 538345, 528328.9375, 481044.59375, 754441.4375, 671448.625, 897136.625, 859289.375, 766905.25, 742820.875, 784015.75, 789901, 704536.0625, 1279481.125, 1243689.875, 1072955.375, 827572.875, 1031023.4375, 936567.5625, 984505.125, 873055.0625, 870136.6875, 915268.125, 1046929.5, 1335956.625, 702743.875, 712419.9375, 1012525.3125, 828010.0625, 856124.1875, 764009.875, 976917.375, 563471.5, 451448, 610535.4375, 391989.15625, 424883, 615795.3125, 267399.3125, 375263.84375, 429339.4375, 295713.34375, 329095.875]	98	0.4498	-100	192
1293.68833	52.70083	105541.78906	397413	2	2	5	647.85144	52.70083	52.74168	0	0	[29, 30, 31, 32, 33]	[105541.78906, 96167.03906, 69539.35156, 57158.74219, 69006.05469]	29	1.63009	-100	193
1056.63486	52.53982	94362.99219	131613.8125	2	2	3	529.32471	52.52826	52.54578	0	0	[9, 10, 11]	[14238.69434, 94362.99219, 23012.11914]	10	-5.76173	-100	194
422.86324	52.97574	609607.5625	32561394	1	2	79	423.87051	52.78476	53.41626	0	0	[38, 39, 40, 41, 42, 43, 44, 45, 46, 47, 48, 49, 50, 51, 52, 53, 54, 55, 56, 57, 58, 59, 60, 61, 62, 63, 64, 65, 66, 67, 68, 69, 70, 71, 72, 73, 74, 75, 76, 77, 78, 79, 80, 81, 82, 83, 84, 85, 86, 87, 88, 89, 90, 91, 92, 93, 94, 95, 96, 97, 98, 99, 100, 101, 102, 103, 104, 105, 106, 107, 108, 109, 110, 111, 112, 113, 114, 115, 116]	[492268.53125, 149077.40625, 376984.75, 443743.4375, 525744.125, 258929, 357446.96875, 327461.65625, 487721.5625, 332084.59375, 507251.75, 461757.625, 364917.59375, 442373.375, 377925.75, 507007.25, 490473.5625, 488037.78125, 440760.125, 255192.82812, 588706.5, 355416.5625, 609607.5625, 398968.3125, 329584.53125, 389526.59375, 527091.4375, 324439.90625, 292581.75, 577649.6875, 510294.625, 389931.0625, 237136.29688, 280065.9375, 395925.21875, 358712.65625, 404524.25, 440423.75, 441681.125, 347434.65625, 596316.9375, 517971.53125, 537911.75, 458784.21875, 466855.84375, 373456.34375, 426868.625, 366820.5625, 293478.9375, 560831.875, 508689.84375, 421621.21875, 425048.25, 492774.34375, 469910.84375, 414385.53125, 459248.625, 427451.09375, 466842.8125, 472566.4375, 553729.6875, 283418.1875, 303030.09375, 511511.34375, 278074.21875, 472770.625, 368285.5625, 524133.03125, 275248.15625, 295466.1875, 398152.71875, 260992.32812, 305835.375, 406790.5625, 289099.875, 402494.8125, 415520.03125, 307766.5, 464379.90625]	60	-6.82851	-100	195
1237.48952	53.28849	149859.90625	2678345	3	2	36	413.50378	53.12135	53.40141	0	0	[79, 80, 81, 82, 83, 84, 85, 86, 87, 88, 89, 90, 91, 92, 93, 94, 95, 96, 97, 98, 99, 100, 101, 102, 103, 104, 105, 106, 107, 108, 109, 110, 111, 112, 113, 114]	[64935.65234, 78847.70312, 78773.92188, 54611.62109, 93896.67969, 56883.17969, 83340.65625, 37675.19141, 33744.08594, 68844.76562, 75443.78906, 73130.96094, 124089.71875, 131292.625, 120327.08594, 85288.65625, 75183.86719, 126944.85156, 103595.46875, 94029.13281, 82305.48438, 78040.82031, 149859.90625, 97136.5, 63932.56641, 74101.375, 71024.41406, 50915.5, 56993.84375, 82989.96875, 38657.26172, 46103.92969, 18578.58398, 60423.17188, 27714.77734, 18686.88867]	101	0.26638	-100	196
814.12925	53.36751	55506.46484	211201.60938	2	2	7	408.0719	53.36751	53.41626	0	0	[110, 111, 112, 113, 114, 115, 116]	[55506.46484, 24790.64062, 36636.99219, 32578.25, 17849.63867, 10649.77441, 33189.84375]	110	4.70678	-100	197
1729.8171	52.77719	73208.67969	326184.03125	3	2	7	577.61298	52.73576	52.78476	0	0	[32, 33, 34, 35, 36, 37, 38]	[65480.82812, 29762.1582, 56192.03516, 21575.5293, 55482.71094, 73208.67969, 24482.08008]	37	-1.18363	-100	198
1880.07216	52.63889	68863.55469	126774.4375	3	2	2	627.698	52.62862	52.63889	0	0	[21, 22]	[57910.88672, 68863.55469]	22	-1.23488	-100	199
1939.38276	53.3955	60171.68359	289073.625	4	2	9	485.85297	53.34312	53.41034	0	0	[107, 108, 109, 110, 111, 112, 113, 114, 115]	[48798.4375, 52084.27734, 17267.45703, 17054.49219, 28264.51953, 18558.29492, 60171.68359, 27438.73828, 19435.71094]	113	1.67395	-100	200
2104.32026	53.15384	59421.875	103785.85938	4	2	2	527.08734	53.14882	53.15384	0	0	[83, 84]	[44363.98828, 59421.875]	84	5.80256	-100	201
2034.69689	52.95659	85192.89844	1487826.875	5	2	30	407.94666	52.89437	53.12135	0	0	[50, 51, 52, 53, 54, 55, 56, 57, 58, 59, 60, 61, 62, 63, 64, 65, 66, 67, 68, 69, 70, 71, 72, 73, 74, 75, 76, 77, 78, 79]	[52109.42188, 31095.45898, 52495.74609, 36802.16016, 60570.40234, 67512.10938, 51759.69922, 24974.79883, 85192.89844, 48607.375, 52311.90625, 54086.01953, 38409.71875, 64371.97656, 48403.71484, 37811.27344, 39113.91406, 78030.625, 26899.19727, 84460.73438, 47866.32812, 48915.19141, 41986.82812, 53558.69141, 45555.29297, 52517.55078, 49063.69922, 24042.25977, 63312.19922, 25989.49805]	58	-6.79926	-100	202
1619.3382	53.16146	24744.89844	59613.6875	4	2	3	405.84183	53.15384	53.16907	0	0	[84, 85, 86]	[17968.12305, 24744.89844, 16900.66602]	85	-4.56728	-100	203
3433.18937	52.85389	41638.89062	72728.07812	6	2	2	573.20551	52.84353	52.85389	0	0	[44, 45]	[31089.18359, 41638.89062]	45	-4.90019	-100	204
1094.65158	53.40141	144416	1776561.375	2	2	20	548.33307	53.25744	53.41626	0	0	[97, 98, 99, 100, 101, 102, 103, 104, 105, 106, 107, 108, 109, 110, 111, 112, 113, 114, 115, 116]	[75543.94531, 74785.53125, 56830.02344, 50508.21094, 132649.20312, 73718.38281, 115799.25, 98600.07031, 62810.46875, 56969.60547, 102471.32031, 129929.64062, 47663.32422, 65691.82812, 103549.52344, 88640.21875, 100613.74219, 144416, 104973.28906, 90397.70312]	114	-1.39532	-100	205
839.14969	53.17936	67741.57031	102781.03125	2	2	3	420.58212	53.16146	53.17936	0	0	[85, 86, 87]	[23875.35547, 11164.10254, 67741.57031]	87	4.5851	-100	206
1743.77724	53.32662	93713.67188	264353.5625	3	2	4	582.26636	53.30325	53.33276	0	0	[103, 104, 105, 106]	[27511.42773, 84422.28125, 93713.67188, 58706.17188]	105	-0.42526	-100	207
408.28465	52.4941	474118.1875	15395339	1	2	42	409.29193	52.45331	52.81844	0	0	[0, 1, 2, 3, 4, 5, 6, 7, 8, 9, 10, 11, 12, 13, 14, 15, 16, 17, 18, 19, 20, 21, 22, 23, 24, 25, 26, 27, 28, 29, 30, 31, 32, 33, 34, 35, 36, 37, 38, 39, 40, 41]	[356965.59375, 358070.40625, 388558.875, 406902.21875, 349972.90625, 474118.1875, 407289.125, 317053.9375, 335599.96875, 272197.46875, 385221.90625, 426597.75, 358185.75, 416609.15625, 467441.65625, 406475.3125, 344182.375, 388142.25, 369534.5625, 334230.3125, 393753.28125, 377579.625, 333885, 354830.53125, 372795.875, 361414.1875, 365603.09375, 346936.28125, 314106.125, 452564.0625, 365431.625, 331585.4375, 334752.09375, 441533.34375, 301192.375, 344117.28125, 408732.6875, 427207.28125, 388772.375, 117514.60938, 306345.03125, 391337.28125]	5	2.1587	-100	208
1768.79245	53.09276	91060.89844	425036.15625	2	2	8	885.4035	53.06523	53.1127	0	0	[71, 72, 73, 74, 75, 76, 77, 78]	[19398.08594, 45872.96875, 70972.77344, 47055.25781, 91060.89844, 69849.99219, 51131.14062, 29695.03906]	75	-1.30408	-100	209
2323.17231	52.54578	62758.54297	268745.53125	4	2	5	581.80035	52.51793	52.55588	0	0	[8, 9, 10, 11, 12]	[40705.30078, 53972.79688, 55042.3125, 62758.54297, 56266.58203]	11	-0.42587	-100	210
2064.5437	52.57346	24707.30078	45568.07422	5	2	2	413.91602	52.57346	52.58212	0	0	[14, 15]	[24707.30078, 20860.77344]	14	3.45944	-100	211
1260.85369	52.4941	193398.01562	2256777.75	3	2	23	421.29184	52.45331	52.63889	0	0	[0, 1, 2, 3, 4, 5, 6, 7, 8, 9, 10, 11, 12, 13, 14, 15, 16, 17, 18, 19, 20, 21, 22]	[140266.84375, 120767.00781, 100534.10938, 92138.16406, 172689.67188, 193398.01562, 110001.92188, 141551.1875, 125936.28125, 49574.33203, 150138.20312, 96999.78906, 73820.6875, 77346.17969, 83213.54688, 80737.5625, 61982.11719, 77046.38281, 110483.21875, 65181.00781, 51379.41797, 66723.75, 14868.22852]	5	0.94979	-100	212
1271.19223	52.91945	110852.63281	401707.59375	2	2	5	636.60339	52.89437	52.92554	0	0	[50, 51, 52, 53, 54]	[101869.0625, 31739.60742, 73475.03125, 110852.63281, 83771.25781]	53	1.02266	-100	213
414.98308	53.30325	534480.875	14078015	1	2	44	415.99036	53.07922	53.41626	0	0	[73, 74, 75, 76, 77, 78, 79, 80, 81, 82, 83, 84, 85, 86, 87, 88, 89, 90, 91, 92, 93, 94, 95, 96, 97, 98, 99, 100, 101, 102, 103, 104, 105, 106, 107, 108, 109, 110, 111, 112, 113, 114, 115, 116]	[301420.40625, 291994.5, 349835.03125, 281258.71875, 303614.53125, 316751.6875, 333869.84375, 331750.875, 383739, 326040.25, 290466.40625, 354997.4375, 342184.4375, 263897.46875, 360330.125, 363557.0625, 293183.59375, 304490.03125, 410640.21875, 321016.4375, 348605.6875, 371159.96875, 328138.03125, 388708.09375, 337186.4375, 452147.21875, 254378.625, 213017.95312, 353625.71875, 210680.45312, 534480.875, 281244.25, 416886.6875, 258859.67188, 212997.07812, 300271.65625, 158176.54688, 224252.65625, 328447.875, 236308.84375, 313323.875, 344446.125, 313830.21875, 371800.59375]	103	-3.33592	-100	214
2729.72013	53.3955	30120.41211	64277.45312	6	2	3	455.96063	53.38512	53.40141	0	0	[112, 113, 114]	[15799.54199, 30120.41211, 18357.5]	113	2.99268	-100	215
475.3	52.70083	701321.25	54424836	1	2	117	476.30728	52.45331	53.41626	0	0	[0, 1, 2, 3, 4, 5, 6, 7, 8, 9, 10, 11, 12, 13, 14, 15, 16, 17, 18, 19, 20, 21, 22, 23, 24, 25, 26, 27, 28, 29, 30, 31, 32, 33, 34, 35, 36, 37, 38, 39, 40, 41, 42, 43, 44, 45, 46, 47, 48, 49, 50, 51, 52, 53, 54, 55, 56, 57, 58, 59, 60, 61, 62, 63, 64, 65, 66, 67, 68, 69, 70, 71, 72, 73, 74, 75, 76, 77, 78, 79, 80, 81, 82, 83, 84, 85, 86, 87, 88, 89, 90, 91, 92, 93, 94, 95, 96, 97, 98, 99, 100, 101, 102, 103, 104, 105, 106, 107, 108, 109, 110, 111, 112, 113, 114, 115, 116]	[322753.0625, 313146.8125, 435684.53125, 471292.71875, 460864.875, 451689.125, 444898.90625, 379468.6875, 392025.5, 283668.46875, 403839.75, 512127.6875, 386513.59375, 591239.4375, 565185.4375, 463750.6875, 338184.59375, 451016.75, 503999.375, 384736.25, 485626.65625, 457587.375, 532554.5625, 473201.65625, 420706, 470833.75, 491122.3125, 425324.8125, 575779.875, 701321.25, 633847.625, 368071.5, 385807.5625, 537945.5, 327980.4375, 418463.6875, 518247.78125, 501824.46875, 523421.34375, 146769.53125, 446937.5625, 493711.0625, 686532.3125, 357948.5, 402479.65625, 367574.53125, 518335.90625, 447975.875, 548658.8125, 485242.96875, 613451.1875, 538312.375, 401675.1875, 570707.6875, 570460.375, 478276.46875, 495030.78125, 318596.9375, 562654.75, 368956.28125, 516129.34375, 466291.375, 385901.25, 450275.65625, 652029.1875, 424736.65625, 390261.9375, 610448.9375, 613977.125, 491390.875, 334364.84375, 391134.21875, 424735.96875, 406213.84375, 369542.5, 452478.96875, 476144.53125, 392028.8125, 697546.125, 417851.25, 550860, 490133.84375, 501598.96875, 383640.96875, 483067.28125, 471622.625, 363222.09375, 649300.8125, 613513.0625, 517063.9375, 385435.28125, 473541.0625, 399873.875, 427884.53125, 440761.0625, 401709.90625, 468610.375, 459504.375, 653146.75, 352607.40625, 349615.5625, 580620.9375, 463160.34375, 470772.65625, 456658.46875, 649920.0625, 447729.6875, 334754.625, 502091.375, 302731.9375, 388664.3125, 659276.8125, 323261.3125, 490531.21875, 591561.1875, 406154.90625, 530706.3125]	29	2.00716	-100	216
2220.31889	53.25744	57801.39062	88956	6	2	2	371.06042	53.25744	53.26325	0	0	[97, 98]	[57801.39062, 31154.60547]	97	1.25414	-100	217
1600.81723	52.70083	117486.94531	1225177.125	2	2	18	801.41589	52.60733	52.75836	0	0	[18, 19, 20, 21, 22, 23, 24, 25, 26, 27, 28, 29, 30, 31, 32, 33, 34, 35]	[72094.58594, 55113.95312, 27559.57617, 48162.39453, 57476.77734, 86182.85938, 75595.15625, 107901.32812, 69598.90625, 53931.82031, 81384.75, 117486.94531, 96916.875, 49687.94141, 27955.28125, 75726.9375, 55337.83203, 67063.25781]	29	0.32918	-100	218
2145.51736	52.46841	45089.42969	117917.05469	5	2	4	430.11075	52.45331	52.48153	0	0	[0, 1, 2, 3]	[16434.61719, 42144.89453, 45089.42969, 14248.11914]	2	-1.84236	-100	219
841.50315	53.07027	50864	66439.85156	2	2	2	421.75885	53.06523	53.07027	0	0	[71, 72]	[15575.85352, 50864]	72	-0.8615	-100	220
2860.89671	53.21347	73751.28906	857305.625	6	2	23	477.82339	53.14284	53.31494	0	0	[82, 83, 84, 85, 86, 87, 88, 89, 90, 91, 92, 93, 94, 95, 96, 97, 98, 99, 100, 101, 102, 103, 104]	[23964.25586, 19572.23828, 56085.55469, 42052.91016, 21725.13086, 33839.42578, 27481.38867, 44604.35938, 48294.08594, 73751.28906, 25274.12305, 27862.25781, 26071.4082, 58534.51562, 17455.71094, 30883.48828, 57144.97656, 23139.01758, 28427.75977, 27011.67383, 53036.0625, 21666.16406, 69427.80469]	91	4.93567	-100	221
1766.00863	53.09276	70621.91406	176856	3	2	3	589.67682	53.07922	53.09276	0	0	[73, 74, 75]	[58909.76953, 47324.32812, 70621.91406]	75	1.46047	-100	222
1210.66733	52.82727	219479.59375	3905891.25	2	2	38	606.34094	52.621	52.94903	0	0	[20, 21, 22, 23, 24, 25, 26, 27, 28, 29, 30, 31, 32, 33, 34, 35, 36, 37, 38, 39, 40, 41, 42, 43, 44, 45, 46, 47, 48, 49, 50, 51, 52, 53, 54, 55, 56, 57]	[50015.33594, 23350.27734, 68924.73438, 59091.1875, 60713.16797, 119345.44531, 63622.29297, 78151.07031, 64530.42578, 156029.01562, 115131.82031, 101892.77344, 99955.03125, 96326.69531, 100440.42188, 82600.51562, 127785.39844, 131050.1875, 136956.76562, 37714.92188, 127807.64844, 208989.03125, 219479.59375, 120732.70312, 95546.20312, 117484.82031, 89960.86719, 100510.48438, 115459.08594, 98721.32812, 91247.69531, 143218.71875, 135618.98438, 131332.42188, 89730.625, 106230.13281, 85710.27344, 54483.19141]	42	1.90018	-100	223
1696.87119	52.46841	94275.09375	593852.9375	2	2	9	849.44287	52.45331	52.51793	0	0	[0, 1, 2, 3, 4, 5, 6, 7, 8]	[58350.55859, 90611.23438, 94275.09375, 64677.9375, 80604.53125, 51482.98828, 71921.52344, 41032.60547, 40896.44531]	2	-0.30168	-100	224
496.90007	52.51793	453325.65625	5513295.5	1	2	16	497.90735	52.45331	52.58212	0	0	[0, 1, 2, 3, 4, 5, 6, 7, 8, 9, 10, 11, 12, 13, 14, 15]	[319385, 385185.96875, 420947.78125, 368524.96875, 281247.34375, 297689.5625, 359938.4375, 325804.59375, 453325.65625, 450766.8125, 312325.125, 434210.75, 423518.90625, 207577.78125, 220207.5625, 252638.95312]	8	-3.21983	-100	225
2424.40057	53.24254	27159.36914	75366.1875	5	2	3	485.88739	53.23493	53.24847	0	0	[94, 95, 96]	[23044.48828, 27159.36914, 25162.32617]	95	-2.09254	-100	226
1500.65703	53.24254	76039.08594	154229.51562	3	2	3	501.22629	53.22899	53.24254	0	0	[93, 94, 95]	[53977.87109, 24212.55859, 76039.08594]	95	0.19965	-100	227
461.10918	52.74168	431782.84375	32945136	1	2	101	462.11646	52.45331	53.27819	0	0	[0, 1, 2, 3, 4, 5, 6, 7, 8, 9, 10, 11, 12, 13, 14, 15, 16, 17, 18, 19, 20, 21, 22, 23, 24, 25, 26, 27, 28, 29, 30, 31, 32, 33, 34, 35, 36, 37, 38, 39, 40, 41, 42, 43, 44, 45, 46, 47, 48, 49, 50, 51, 52, 53, 54, 55, 56, 57, 58, 59, 60, 61, 62, 63, 64, 65, 66, 67, 68, 69, 70, 71, 72, 73, 74, 75, 76, 77, 78, 79, 80, 81, 82, 83, 84, 85, 86, 87, 88, 89, 90, 91, 92, 93, 94, 95, 96, 97, 98, 99, 100]	[415174.4375, 333026.28125, 302151.4375, 288151.125, 280379.5, 371842.65625, 300529.65625, 350390.03125, 299194.59375, 273838.78125, 288597.1875, 268181.84375, 347239.8125, 322743.5, 262050.51562, 318761.53125, 292983.8125, 405430.375, 301284.3125, 307615.5625, 342398.28125, 365827.875, 301601.09375, 340237.03125, 315598.59375, 334445.65625, 324504.09375, 324342.90625, 256647.01562, 306231.90625, 298421.0625, 352872.875, 390717.75, 431782.84375, 337801.9375, 338184.375, 356465.5625, 367862.40625, 331302, 170229.34375, 332997.59375, 387747.125, 270098.09375, 307955.75, 322449.5625, 341564.09375, 353603.375, 363799.0625, 367660.875, 395767.15625, 290039.15625, 292066.84375, 391005.34375, 328071.6875, 350698.4375, 335014.84375, 254559.64062, 337635.5, 348459.9375, 332391.1875, 371088.5, 298543.65625, 328562.9375, 290327.46875, 289366.75, 282912.09375, 354005.3125, 376468.65625, 291343.25, 329403.1875, 304550.71875, 216435.51562, 364978.75, 331302.6875, 378785.375, 386540.9375, 316158.59375, 325042.75, 335282.3125, 332852, 371580.0625, 399831.71875, 352980.59375, 360006.65625, 312644.59375, 348358.0625, 314189.84375, 259333.79688, 239941.76562, 252447.01562, 294737.6875, 311322.96875, 409151.4375, 329458.6875, 340603.59375, 328646.0625, 357997.34375, 283360.40625, 345238.1875, 287408.46875, 321322.21875]	33	-1.57509	-100	228
910.55912	53.26325	143469.26562	3277340.5	2	2	36	456.28683	53.1339	53.41626	0	0	[81, 82, 83, 84, 85, 86, 87, 88, 89, 90, 91, 92, 93, 94, 95, 96, 97, 98, 99, 100, 101, 102, 103, 104, 105, 106, 107, 108, 109, 110, 111, 112, 113, 114, 115, 116]	[60774.67578, 81924.1875, 54248.92969, 53582.16797, 73095.49219, 52509.48438, 101301.82031, 75790.73438, 72215.80469, 60124.53125, 133840.57812, 103400.79688, 99438.55469, 100965.03125, 100288.03906, 120856.69531, 123632.5, 143469.26562, 87405.9375, 87548.77344, 138324.20312, 114590.19531, 93087.72656, 97737.32031, 92751.51562, 101718.95312, 88873.4375, 87740.70312, 50366.09766, 128049.77344, 85115.42188, 57354.07812, 87668.76562, 97035.00781, 89219.00781, 81294.14844]	98	1.2251	-100	229
500.8752	52.66554	309632.71875	8534144	1	2	42	501.88248	52.45331	52.81844	0	0	[0, 1, 2, 3, 4, 5, 6, 7, 8, 9, 10, 11, 12, 13, 14, 15, 16, 17, 18, 19, 20, 21, 22, 23, 24, 25, 26, 27, 28, 29, 30, 31, 32, 33, 34, 35, 36, 37, 38, 39, 40, 41]	[160077.1875, 155102.67188, 200467.54688, 201984.60938, 238803.53125, 204277.6875, 195029, 189767.60938, 245094.70312, 159448.84375, 212318.89062, 209322.76562, 194492.07812, 253512.89062, 269413.3125, 228513.71875, 148148.15625, 215770.65625, 213926.70312, 167589.57812, 183542.85938, 211142.07812, 225857.96875, 228203.625, 176734.51562, 309632.71875, 175634.125, 133588.64062, 218451.67188, 295815.375, 240080.20312, 155970.48438, 176026.59375, 238398.14062, 196354.23438, 148732.20312, 234401.70312, 178386.07812, 277767.59375, 81835.10938, 164598.40625, 219928.5625]	25	1.19315	-100	230
1984.414	53.36084	38269.25781	164949.3125	5	2	6	397.89008	53.34909	53.3955	0	0	[108, 109, 110, 111, 112, 113]	[20588.30273, 38269.25781, 18663.43555, 23406.30469, 37313.97656, 26708.0293]	109	2.44695	-100	231
2484.76205	53.34909	44958.40625	212719.35938	5	2	7	497.95969	53.32662	53.37916	0	0	[105, 106, 107, 108, 109, 110, 111]	[30843.39844, 18280.91992, 44733.02734, 44958.40625, 19799.82227, 22619.21875, 31484.56641]	108	-4.10111	-100	232
799.52951	53.31494	474307.5	12883699	2	2	49	400.77203	53.04385	53.41626	0	0	[68, 69, 70, 71, 72, 73, 74, 75, 76, 77, 78, 79, 80, 81, 82, 83, 84, 85, 86, 87, 88, 89, 90, 91, 92, 93, 94, 95, 96, 97, 98, 99, 100, 101, 102, 103, 104, 105, 106, 107, 108, 109, 110, 111, 112, 113, 114, 115, 116]	[228245.625, 188037.57812, 176790.89062, 175448.8125, 256892.3125, 248950.48438, 201932.53125, 244384.15625, 163269.92188, 209424.9375, 191000.625, 178961.71875, 237379.90625, 265408.5625, 298734.9375, 280465.84375, 301344.53125, 254511.32812, 243186.375, 354861.5, 344062.21875, 277297, 197303.84375, 257265.64062, 195106.96875, 229031.57812, 250261.96875, 268397.71875, 302271.84375, 286044.40625, 390491.0625, 310305.4375, 283281.25, 433247.6875, 257540.25, 273422.03125, 474307.5, 359788.46875, 354973.8125, 294982.21875, 307127.4375, 168753.35938, 204299.5, 293639.5, 164432.32812, 269841.03125, 298507, 197757.51562, 240727.21875]	104	-0.18599	-100	233
2157.30142	53.00682	131699.375	928887.625	5	2	12	432.46756	52.94309	53.0379	0	0	[56, 57, 58, 59, 60, 61, 62, 63, 64, 65, 66, 67]	[23382.59375, 22602.44336, 103566.77344, 79203.45312, 76825.34375, 67635.05469, 92660.36719, 72450.46875, 131699.375, 107590.91406, 87438.24219, 63832.55469]	64	3.23935	-100	234
2354.31787	52.57346	22261.97461	44264.76562	5	2	2	471.87085	52.56754	52.57346	0	0	[13, 14]	[22002.79297, 22261.97461]	14	-0.07288	-100	235
2470.34395	52.45944	48916.16016	165869.57812	3	2	4	824.45526	52.45331	52.48153	0	0	[0, 1, 2, 3]	[44332.91016, 48916.16016, 48731.35156, 23889.16016]	1	-0.3787	-100	236
364.94954	53.0379	975786.125	5954056	1	2	12	365.95682	52.97574	53.06523	0	0	[60, 61, 62, 63, 64, 65, 66, 67, 68, 69, 70, 71]	[576290.0625, 409738.46875, 371910.25, 358849.75, 701844.9375, 395470.1875, 253750.5, 975786.125, 898841.75, 466508.65625, 331323.90625, 213741.29688]	67	-3.61557	-100	237
1635.45991	53.26325	24971.5293	88552.04688	4	2	5	409.87225	53.25744	53.28849	0	0	[97, 98, 99, 100, 101]	[19022.22461, 24971.5293, 13017.22949, 13599.19141, 17941.87695]	98	-1.35004	-100	238
516.06114	52.81844	86371.77344	177125.96875	1	2	3	517.06842	52.80812	52.82727	0	0	[40, 41, 42]	[68706.48438, 86371.77344, 22047.7168]	41	4.4375	-100	239
1955.5019	53.34909	23172.62109	41663.07031	4	2	2	489.88275	53.34312	53.34909	0	0	[107, 108]	[18490.44727, 23172.62109]	108	-3.65115	-100	240
1822.79494	53.07922	112619.59375	783129.75	3	2	9	608.60559	53.01995	53.07922	0	0	[65, 66, 67, 68, 69, 70, 71, 72, 73]	[85070.21875, 101930.13281, 75357.42188, 109909.60156, 88300.32812, 59592.17188, 98591.28906, 51759.00781, 112619.59375]	73	-0.49747	-100	241
1292.71779	52.70083	93035.73438	248165.25	3	2	6	431.91321	52.67161	52.72279	0	0	[26, 27, 28, 29, 30, 31]	[28343.76367, 16382.40527, 38088.82031, 93035.73438, 36018.33203, 36296.20703]	29	6.32179	-100	242
1263.46799	53.32662	125483.125	557055	2	2	9	632.74127	53.29732	53.36751	0	0	[102, 103, 104, 105, 106, 107, 108, 109, 110]	[56418.11719, 55820.64844, 68315.46094, 125483.125, 75537.78125, 57445.66016, 45598.05078, 31440.94531, 40995.22266]	105	-0.75057	-100	243
1652.07087	53.36751	84310.28906	493247.375	4	2	10	414.02499	53.29732	53.37916	0	0	[102, 103, 104, 105, 106, 107, 108, 109, 110, 111]	[16968.26953, 21739.15234, 49417.33203, 60293.49609, 52088.10938, 71531.54688, 51504.73438, 39735.23047, 84310.28906, 45659.26562]	110	-1.6844	-100	244
1748.78701	52.72279	84199.375	284515.34375	3	2	5	583.93628	52.70083	52.74168	0	0	[29, 30, 31, 32, 33]	[31612.13867, 64136.03906, 84199.375, 25562.47461, 79005.30469]	31	-2.11721	-100	245
2484.76098	53.41626	29374.91602	50541.54297	5	2	2	497.95947	53.41034	53.41626	0	0	[115, 116]	[21166.62695, 29374.91602]	116	-2.48756	-100	246
2157.30111	52.91945	162615.48438	1227168.375	5	2	14	432.4675	52.81844	52.92554	0	0	[41, 42, 43, 44, 45, 46, 47, 48, 49, 50, 51, 52, 53, 54]	[106073.61719, 95122.15625, 41506.56641, 124366.74219, 115731.23438, 46908.57031, 97002.10938, 68962.45312, 79867.89062, 43790.29688, 74731.34375, 79880.41406, 162615.48438, 90609.48438]	53	3.57159	-100	247
1056.63132	52.70083	235245.78125	4313266	2	2	34	529.32294	52.56754	52.86425	0	0	[13, 14, 15, 16, 17, 18, 19, 20, 21, 22, 23, 24, 25, 26, 27, 28, 29, 30, 31, 32, 33, 34, 35, 36, 37, 38, 39, 40, 41, 42, 43, 44, 45, 46]	[116667.73438, 87775.09375, 73313.21875, 91616.03125, 137723.5625, 122055.00781, 108828.89844, 169506.9375, 96895.50781, 135094.01562, 164182.71875, 169864.32812, 142431.34375, 195640.39062, 163830.70312, 192510.5625, 235245.78125, 122050.0625, 130950.58594, 175409.5625, 180051.39062, 144930.25, 112995.9375, 133974.78125, 115901.05469, 99852.30469, 32469.36523, 113514.00781, 133080.82812, 123627.96094, 66883.07031, 70200.54688, 65725.03125, 88467.65625]	29	-1.22591	-100	248
2094.52294	53.40141	22728.89062	64186.125	5	2	3	419.91187	53.3955	53.41034	0	0	[113, 114, 115]	[20797.2793, 22728.89062, 20659.95117]	114	-7.29217	-100	249
1452.75803	52.46841	69350.08594	190255.79688	2	2	4	727.38629	52.45331	52.48153	0	0	[0, 1, 2, 3]	[53551.64453, 45320.26562, 69350.08594, 22033.80078]	2	1.67487	-100	250
1766.00826	53.04385	74931.14844	176425.875	3	2	4	589.6767	53.0276	53.05422	0	0	[66, 67, 68, 69]	[40083.40625, 36307.28906, 74931.14844, 25104.03125]	68	-0.10432	-100	251
366.94356	53.26325	695319.1875	37749736	1	2	74	367.95084	52.83323	53.41626	0	0	[43, 44, 45, 46, 47, 48, 49, 50, 51, 52, 53, 54, 55, 56, 57, 58, 59, 60, 61, 62, 63, 64, 65, 66, 67, 68, 69, 70, 71, 72, 73, 74, 75, 76, 77, 78, 79, 80, 81, 82, 83, 84, 85, 86, 87, 88, 89, 90, 91, 92, 93, 94, 95, 96, 97, 98, 99, 100, 101, 102, 103, 104, 105, 106, 107, 108, 109, 110, 111, 112, 113, 114, 115, 116]	[408627.5, 424602.15625, 378580.84375, 653727.4375, 404184.71875, 562724.375, 519943.28125, 574753, 604794.9375, 501314.96875, 619375.625, 543357.375, 476229.25, 578728.1875, 404959.8125, 685703.9375, 431899.15625, 611891.8125, 482699.625, 402117.25, 493896.09375, 560961.6875, 474608.8125, 475593.4375, 678472.6875, 616994.125, 552634.875, 349130.65625, 287585.6875, 428197.71875, 392241.90625, 526867.125, 601992.6875, 597880.8125, 398859.53125, 557910.125, 544443.9375, 552067.8125, 636201.125, 528375.375, 501899.125, 570400.0625, 448666.84375, 432095.875, 553706.875, 622928.8125, 467380.125, 421239.09375, 597145.375, 581518.4375, 601407.625, 495067.75, 499840.34375, 552088.0625, 555114.25, 695319.1875, 403301.21875, 393468.59375, 649525.75, 368576.65625, 548214.625, 559658.8125, 567559.25, 429838.6875, 425927.03125, 508702.5, 296395.9375, 374221.1875, 597721, 353874.21875, 546504.375, 543306.9375, 478184.21875, 583804.4375]	98	-1.79315	-100	252
1768.78952	52.95659	150867.5625	1956552.125	2	2	26	885.40204	52.84353	53.05422	0	0	[44, 45, 46, 47, 48, 49, 50, 51, 52, 53, 54, 55, 56, 57, 58, 59, 60, 61, 62, 63, 64, 65, 66, 67, 68, 69]	[26429.73242, 23841.01562, 83812.36719, 47279.98828, 29208.17969, 95073.3125, 84021.07031, 101328.48438, 63390.76172, 75843.99219, 89254.55469, 94249.60156, 95662.4375, 75271.32812, 150867.5625, 77950.42969, 59499.89062, 91853.16406, 102307.75, 88161.14844, 89334.55469, 61595.16406, 65299.82812, 34072.28516, 88706.5625, 62237.08984]	58	0.0567	-100	253
1127.57151	52.59703	86753.39062	315067.875	2	2	7	564.79303	52.59703	52.65047	0	0	[17, 18, 19, 20, 21, 22, 23]	[86753.39062, 59345.56641, 22786.82812, 26075.16211, 44043.37109, 47848.1875, 28215.36328]	17	-1.33483	-100	254
1822.79824	52.91945	114730.70312	302265.6875	3	2	3	608.60669	52.91945	52.93421	0	0	[53, 54, 55]	[114730.70312, 74644.85938, 112890.13281]	53	-2.38783	-100	255
2639.27995	53.20315	53180.51562	76969.91406	6	2	2	440.88727	53.1942	53.20315	0	0	[89, 90]	[23789.40039, 53180.51562]	90	-2.58248	-100	256
2530.62535	53.20315	13869.80176	25769.66797	6	2	2	422.77817	53.1942	53.20315	0	0	[89, 90]	[11899.86719, 13869.80176]	90	-7.47685	-100	257
368.93816	53.26325	9499208	541613312	1	2	75	369.94543	52.82727	53.41626	0	0	[42, 43, 44, 45, 46, 47, 48, 49, 50, 51, 52, 53, 54, 55, 56, 57, 58, 59, 60, 61, 62, 63, 64, 65, 66, 67, 68, 69, 70, 71, 72, 73, 74, 75, 76, 77, 78, 79, 80, 81, 82, 83, 84, 85, 86, 87, 88, 89, 90, 91, 92, 93, 94, 95, 96, 97, 98, 99, 100, 101, 102, 103, 104, 105, 106, 107, 108, 109, 110, 111, 112, 113, 114, 115, 116]	[8369063.5, 5132061, 6244260.5, 5785576.5, 7930095.5, 6421848.5, 8715223, 8115583.5, 6997406.5, 8758481, 6949512.5, 9202477, 7761094, 7373080, 7854523.5, 5999151.5, 8655633, 6174306, 8728096, 7102115, 5763227.5, 6967179, 8162162, 6576389, 5915240, 8737276, 8023197.5, 7121768.5, 4627433, 4303289.5, 6906727.5, 6936012, 7492551.5, 8342023.5, 7395634.5, 6148692.5, 8337619.5, 7849774.5, 8189240, 8358527.5, 8016163, 6842489, 7652190, 6117310, 6228246, 8880894, 8662800, 7045228, 6709607, 8877709, 7511362.5, 7654352, 7163312, 7764246, 7503461, 7821437.5, 9499208, 5312650.5, 6007335.5, 8515941, 4956544, 6884704, 7527872, 9121825, 6272917, 5670017.5, 7330128.5, 3977266, 5927802.5, 8186047.5, 5079931, 8118428.5, 7745404, 6312362.5, 8292524]	98	-3.34815	-100	258
1433.82665	53.07922	103296.875	362044.65625	3	2	6	478.94949	53.06014	53.09276	0	0	[70, 71, 72, 73, 74, 75]	[83391.85938, 27653.82031, 22073.81445, 103296.875, 54943.55859, 70684.72656]	73	3.70459	-100	259
369.97286	53.1127	1235155.25	101810120	1	2	117	370.98013	52.45331	53.41626	0	0	[0, 1, 2, 3, 4, 5, 6, 7, 8, 9, 10, 11, 12, 13, 14, 15, 16, 17, 18, 19, 20, 21, 22, 23, 24, 25, 26, 27, 28, 29, 30, 31, 32, 33, 34, 35, 36, 37, 38, 39, 40, 41, 42, 43, 44, 45, 46, 47, 48, 49, 50, 51, 52, 53, 54, 55, 56, 57, 58, 59, 60, 61, 62, 63, 64, 65, 66, 67, 68, 69, 70, 71, 72, 73, 74, 75, 76, 77, 78, 79, 80, 81, 82, 83, 84, 85, 86, 87, 88, 89, 90, 91, 92, 93, 94, 95, 96, 97, 98, 99, 100, 101, 102, 103, 104, 105, 106, 107, 108, 109, 110, 111, 112, 113, 114, 115, 116]	[650687.25, 674170.0625, 870242.3125, 759156.625, 965597.0625, 962490.1875, 851240.625, 656706.3125, 704320.4375, 636614.8125, 904082.75, 969882.125, 758271.9375, 1073951.375, 1088382.75, 934628.8125, 693242.0625, 902498, 866182.1875, 782416.1875, 893023.6875, 764921.6875, 992069.375, 856358.375, 774381.125, 1012497.6875, 926165.25, 816237.625, 941223.625, 1200579, 964615.25, 762462.9375, 762191.9375, 1122984.625, 674656.8125, 775338.25, 896948.4375, 846852.3125, 1107864.125, 256269.6875, 792542.3125, 984837.875, 1197753, 648629.625, 794338.375, 672149.3125, 938301.0625, 801485.75, 931000.5, 915956.1875, 892480.25, 1117090.75, 822888.625, 1063410.5, 1058568.25, 855123, 839269.1875, 768079.25, 951835.125, 665549, 1097696.625, 946606.3125, 689146.3125, 792585.9375, 1048398.1875, 733685.75, 608500.4375, 1199248.75, 1009874.0625, 786732.625, 617694.375, 762350.3125, 807890.875, 841255.8125, 860630.4375, 930213.5, 876368, 780549.125, 1235155.25, 921109, 1003540.25, 965377.375, 992538, 780024.3125, 948692.25, 795546.25, 804380.125, 1136271.375, 1185664.75, 908421.125, 732799.5, 974556.4375, 890859.75, 798181.875, 859890, 830797.1875, 892528.25, 924464.625, 1215023, 661034.125, 664942.375, 1047536.3125, 958460.3125, 756280.4375, 791789.125, 1095215, 701896.75, 598623.8125, 871421.1875, 636817.9375, 786259.625, 1021927.1875, 562730.3125, 1052137.125, 972175.3125, 753478.6875, 928442.3125]	78	-2.70903	-100	260
1939.38374	52.8854	72991.46094	814498.5625	4	2	17	485.85321	52.81844	52.94903	0	0	[41, 42, 43, 44, 45, 46, 47, 48, 49, 50, 51, 52, 53, 54, 55, 56, 57]	[30904.48438, 55838.56641, 22150.03906, 24528.46289, 24368.70117, 64966.28906, 59007.82812, 66187.89844, 72991.46094, 72050.50781, 56062, 41583.80469, 30113.00391, 35684.54297, 69042.53906, 62445.98828, 26572.39844]	49	0.20924	-100	261
384.92116	53.26325	2541670.5	131436328	1	2	74	385.92844	52.83323	53.41626	0	0	[43, 44, 45, 46, 47, 48, 49, 50, 51, 52, 53, 54, 55, 56, 57, 58, 59, 60, 61, 62, 63, 64, 65, 66, 67, 68, 69, 70, 71, 72, 73, 74, 75, 76, 77, 78, 79, 80, 81, 82, 83, 84, 85, 86, 87, 88, 89, 90, 91, 92, 93, 94, 95, 96, 97, 98, 99, 100, 101, 102, 103, 104, 105, 106, 107, 108, 109, 110, 111, 112, 113, 114, 115, 116]	[1268585.875, 1439599, 1334496.375, 1872272.375, 1636984.75, 2079640.25, 2065274.75, 1691457, 2258954.75, 1730871.875, 2243704, 1810799.75, 2004321.875, 1814688.75, 1369494.75, 2524588, 1612347.625, 2218908, 1625357.625, 1510138.625, 1788759.875, 2125200, 1663843.125, 1358911.5, 2253061.5, 2102760.75, 1747244.875, 1186205, 1100900.5, 1719699.375, 1712734.125, 1743649.125, 2310397, 1808251, 1360537.5, 2385228.75, 1962597.5, 1987486.25, 2274196.25, 1745165.75, 1723641.5, 1860212.375, 1513074.625, 1539745.875, 2423610.75, 2321741, 1778496.75, 1519810.125, 2281836, 1922177.875, 1712972.5, 1761216.875, 1683996.625, 1905631.125, 1911180.125, 2541670.5, 1239990.625, 1344114.375, 2196651.25, 1343695.75, 1679639.125, 1630236.75, 2137655.25, 1360759.5, 1242346.25, 1819764.125, 976883.125, 1418835.375, 1895223.5, 1165368.625, 2060074, 1772958.625, 1432239.25, 1869555.5]	98	-2.75	-100	262
1465.82021	52.54578	64439.97656	104030.75781	3	2	3	489.61401	52.52826	52.54578	0	0	[9, 10, 11]	[18127.66992, 21463.11328, 64439.97656]	11	-0.41357	-100	263
397.09908	53.1339	3418136.75	323970368	1	2	117	398.10635	52.45331	53.41626	0	0	[0, 1, 2, 3, 4, 5, 6, 7, 8, 9, 10, 11, 12, 13, 14, 15, 16, 17, 18, 19, 20, 21, 22, 23, 24, 25, 26, 27, 28, 29, 30, 31, 32, 33, 34, 35, 36, 37, 38, 39, 40, 41, 42, 43, 44, 45, 46, 47, 48, 49, 50, 51, 52, 53, 54, 55, 56, 57, 58, 59, 60, 61, 62, 63, 64, 65, 66, 67, 68, 69, 70, 71, 72, 73, 74, 75, 76, 77, 78, 79, 80, 81, 82, 83, 84, 85, 86, 87, 88, 89, 90, 91, 92, 93, 94, 95, 96, 97, 98, 99, 100, 101, 102, 103, 104, 105, 106, 107, 108, 109, 110, 111, 112, 113, 114, 115, 116]	[2567451, 2627419.5, 3065129.25, 2375545.75, 2251315.5, 3257325, 3019228.5, 2572770.5, 2745034.25, 2161557.25, 3028235.25, 3037083.75, 2545906.25, 2380381, 2559886, 3169268.5, 2540335.75, 2960837, 2858060.5, 2520916.5, 2913259, 3129399, 2633793, 2860797, 2706704.25, 2873132.5, 3147214.5, 2816338.25, 2569410.25, 2754956, 2359569.75, 2543482.75, 3009264.5, 3380039, 2610850.75, 2272197.25, 2893759.5, 3163145.25, 2501917.25, 1552557.625, 2751916.25, 2949379, 2563053, 2361210.5, 2853881.25, 2642218.75, 3090608.25, 2645697.5, 3322326.75, 3309008, 2889058, 3415095.25, 2926349, 3005633.25, 2882714.5, 2814429.25, 2958332.5, 2862677.75, 3241242.75, 2923815.75, 3199448, 2761092.25, 2565546.75, 2973440, 2918738.75, 2669207.25, 2530744.75, 2711115, 2821458.5, 2963385, 2311273.75, 1911705.625, 3087518, 2807181.75, 2860524.75, 3052431.5, 2861533.5, 2660259.25, 2966465.75, 3207572.75, 2619309.75, 3418136.75, 3039280, 2892146.5, 2826468, 2638334.75, 2742680.5, 2867226.25, 2081999.5, 2358850.5, 3012980, 3255754.25, 2953151.5, 2884284.25, 2946176.25, 2927842.25, 2960088.5, 2925616, 2989268, 2260802.5, 2513352.5, 2816417.25, 2045573.875, 525286.625, 2982380.25, 2905573.5, 2769335.75, 2515040.5, 3308188, 1800998.125, 2544725.5, 3036736.75, 2382849, 3259940.25, 2804211, 2790333, 3184250.25]	81	-1.31255	-100	264
2201.40171	53.08517	16622.48438	42545.36328	6	2	3	367.90756	53.08517	53.10174	0	0	[74, 75, 76]	[16622.48438, 15034.41309, 10888.46387]	74	3.70501	-100	265
2279.42524	52.90324	117706.21094	562634.75	4	2	6	570.86359	52.90324	52.94309	0	0	[51, 52, 53, 54, 55, 56]	[117706.21094, 88648.25, 109110.95312, 103167.48438, 89542.14844, 54459.68359]	51	-5.14836	-100	266
1788.80136	52.66554	75308.30469	144694.40625	2	2	2	895.40796	52.66554	52.67161	0	0	[25, 26]	[75308.30469, 69386.10938]	25	-2.73184	-100	267
584.30315	52.48818	244189.09375	4234724.5	1	2	34	585.31042	52.45331	52.74168	0	0	[0, 1, 2, 3, 4, 5, 6, 7, 8, 9, 10, 11, 12, 13, 14, 15, 16, 17, 18, 19, 20, 21, 22, 23, 24, 25, 26, 27, 28, 29, 30, 31, 32, 33]	[139304.53125, 153285.82812, 161979.60938, 148940.39062, 244189.09375, 157657.53125, 158695.01562, 122571.21094, 135590.92188, 107741.44531, 143316.375, 159209.48438, 138631.20312, 200061.21875, 200772.875, 130040.91406, 99368.79688, 93985.94531, 123565.89062, 91245.55469, 138131.03125, 75184.17188, 117643.88281, 118610.5625, 72966.48438, 109132.64062, 87512.63281, 61326.92188, 77133.66406, 121983.08594, 132490.65625, 60972.15234, 68507.07812, 82974.67188]	4	0.42123	-100	268
399.02184	52.90324	432029.59375	24466218	1	2	75	400.02911	52.82727	53.41626	0	0	[42, 43, 44, 45, 46, 47, 48, 49, 50, 51, 52, 53, 54, 55, 56, 57, 58, 59, 60, 61, 62, 63, 64, 65, 66, 67, 68, 69, 70, 71, 72, 73, 74, 75, 76, 77, 78, 79, 80, 81, 82, 83, 84, 85, 86, 87, 88, 89, 90, 91, 92, 93, 94, 95, 96, 97, 98, 99, 100, 101, 102, 103, 104, 105, 106, 107, 108, 109, 110, 111, 112, 113, 114, 115, 116]	[256503.89062, 269177.84375, 286000.53125, 276434.375, 358173.96875, 347044.3125, 406838.71875, 431297.84375, 275744.03125, 432029.59375, 388092.34375, 404595.875, 366643.28125, 327501.6875, 351364.15625, 372472.96875, 392467.875, 323878.375, 386370.96875, 349040.875, 325322.625, 357197.65625, 323460.53125, 377026.125, 301591.0625, 264659.5625, 242960.70312, 382257.21875, 278382.28125, 215733, 355035.5625, 345927.21875, 404201.15625, 363528.46875, 342738.3125, 340577.21875, 272299.34375, 350960.125, 304397.96875, 400073.75, 375190.625, 338820.8125, 333198.40625, 233651.15625, 311623.53125, 286536.53125, 281689.25, 249522.17188, 343837.3125, 352214.15625, 349811.8125, 305835.5, 318362.5, 339223.6875, 332199.8125, 404124.53125, 272731.6875, 202580.1875, 313360.4375, 314176.9375, 254845.95312, 147646, 349410.3125, 297717.125, 361091.4375, 284018.8125, 400058.28125, 255873.29688, 307785.125, 326917.46875, 287181.21875, 294359.71875, 339002.03125, 384625.03125, 366990.03125]	51	-2.7924	-100	269
1000.59501	52.73576	262853.53125	9927128	2	2	69	501.30478	52.45331	53.04385	0	0	[0, 1, 2, 3, 4, 5, 6, 7, 8, 9, 10, 11, 12, 13, 14, 15, 16, 17, 18, 19, 20, 21, 22, 23, 24, 25, 26, 27, 28, 29, 30, 31, 32, 33, 34, 35, 36, 37, 38, 39, 40, 41, 42, 43, 44, 45, 46, 47, 48, 49, 50, 51, 52, 53, 54, 55, 56, 57, 58, 59, 60, 61, 62, 63, 64, 65, 66, 67, 68]	[157132.84375, 117207.17188, 160373.46875, 104318.65625, 112295.35156, 80700.60156, 91558.24219, 120142.66406, 154377.76562, 111722.01562, 149291.34375, 116389.24219, 143075.48438, 184118.35938, 191487.35938, 148313.67188, 106669.4375, 135058.48438, 145280.35938, 127727.71094, 184737.90625, 150925.14062, 177011.3125, 173227.53125, 172455.85938, 163283.51562, 157155.01562, 187742, 168030.6875, 233840.04688, 205567.10938, 181964.21875, 262853.53125, 245101.96875, 151334.5625, 213608.60938, 162904.84375, 230047.51562, 159882.39062, 111674.02344, 231996.32812, 185283.29688, 174132.375, 195973.5, 153584.14062, 151108.9375, 242031.09375, 121589.47656, 170318.28125, 162474.40625, 95567.59375, 148265.6875, 214568.875, 199305.34375, 105363.07031, 76302.63281, 94601.07031, 121310.5625, 134909.98438, 84901.25781, 104747.13281, 94253.05469, 42209.64844, 23466.8418, 69081.85938, 54648.12109, 41936.68359, 34872.79297, 47735.125]	32	0.266	-100	270
1653.07478	53.24254	24537.46289	40998.47656	4	2	2	414.27597	53.23493	53.24254	0	0	[94, 95]	[16461.01172, 24537.46289]	95	-4.07432	-100	271
894.39885	52.78476	126812.77344	610917.1875	1	2	7	895.40613	52.73576	52.78476	0	0	[32, 33, 34, 35, 36, 37, 38]	[53406.65234, 111898.1875, 87712.22656, 51746.33203, 74605.66406, 104735.36719, 126812.77344]	38	-4.95777	-100	272
2099.08462	52.70083	157201.46875	4293861.5	3	2	43	700.70215	52.45331	52.82727	0	0	[0, 1, 2, 3, 4, 5, 6, 7, 8, 9, 10, 11, 12, 13, 14, 15, 16, 17, 18, 19, 20, 21, 22, 23, 24, 25, 26, 27, 28, 29, 30, 31, 32, 33, 34, 35, 36, 37, 38, 39, 40, 41, 42]	[95847.75781, 42977.17969, 105866, 93909.10156, 130765.65625, 113190.34375, 111157.77344, 74270.25, 121224.23438, 71749.69531, 104606.95312, 115938.89062, 128026.21094, 92599.60938, 56497.03906, 115263.77344, 104379.0625, 71917.63281, 125373.88281, 90533.39062, 79898.19531, 90511.375, 103820.71875, 129085.39844, 58427.91406, 103059.1875, 125663.125, 134870.42188, 101265.89844, 157201.46875, 106397.39062, 71535.5625, 93203.70312, 156825.07812, 81730.76562, 72554.04688, 131403.15625, 89925.17969, 115146.89062, 42205.83594, 72147.07812, 120505.78906, 90382.35156]	29	-0.72492	-100	273
911.5626	53.1339	55571.73438	93909.09375	2	2	2	456.78857	53.12797	53.1339	0	0	[80, 81]	[38337.36328, 55571.73438]	81	6.19188	-100	274
525.42516	52.79515	2415980.5	2607697.25	1	2	5	526.43243	52.79515	52.83323	0	0	[39, 40, 41, 42, 43]	[2415980.5, 49299.19531, 66832.90625, 28333.9707, 47250.42578]	39	0.12342	-100	275
2296.41084	53.00682	66412.35156	89464.67188	4	2	2	575.10999	53.00682	53.01995	0	0	[64, 65]	[66412.35156, 23052.32031]	64	-0.7583	-100	276
2310.36998	53.0276	16868.26758	45389.94531	6	2	3	386.06894	53.00682	53.0276	0	0	[64, 65, 66]	[15516.08691, 13005.59375, 16868.26758]	66	3.34831	-100	277
827.52341	52.4941	255095.76562	4907561.5	2	2	42	414.76898	52.45331	52.81844	0	0	[0, 1, 2, 3, 4, 5, 6, 7, 8, 9, 10, 11, 12, 13, 14, 15, 16, 17, 18, 19, 20, 21, 22, 23, 24, 25, 26, 27, 28, 29, 30, 31, 32, 33, 34, 35, 36, 37, 38, 39, 40, 41]	[198766.59375, 210652.3125, 189256.59375, 156424.10938, 173862.20312, 255095.76562, 156592.875, 100451.10938, 108393.22656, 111652.53906, 124798.35156, 88229.67188, 113543.39062, 182099.09375, 154235.90625, 134746.09375, 86004.84375, 145838.21875, 83710.09375, 99465.51562, 57717.3125, 134431.79688, 113769.48438, 127209.78125, 105115.6875, 115860.90625, 119200.60938, 108458.53906, 88475.49219, 90255.11719, 121306.33594, 79037.85938, 91669.6875, 104410.45312, 57446.44922, 117054.29688, 116909.27344, 81565.24219, 63320.15234, 16585.67383, 51251.66797, 72691.88281]	5	-0.79501	-100	278
446.95241	53.26325	67011888	3880212736	1	2	75	447.95969	52.82727	53.41626	0	0	[42, 43, 44, 45, 46, 47, 48, 49, 50, 51, 52, 53, 54, 55, 56, 57, 58, 59, 60, 61, 62, 63, 64, 65, 66, 67, 68, 69, 70, 71, 72, 73, 74, 75, 76, 77, 78, 79, 80, 81, 82, 83, 84, 85, 86, 87, 88, 89, 90, 91, 92, 93, 94, 95, 96, 97, 98, 99, 100, 101, 102, 103, 104, 105, 106, 107, 108, 109, 110, 111, 112, 113, 114, 115, 116]	[56039068, 37983912, 46770152, 43165980, 54518000, 47846224, 61310676, 58329408, 49020868, 63005772, 55342940, 63061576, 53173376, 55637700, 56511880, 48767572, 63896976, 47907884, 62354752, 49684360, 44129528, 49994496, 57234572, 49046240, 43326700, 58923640, 57677024, 52058220, 36250584, 30912354, 49328728, 52449792, 51809780, 58824372, 51095164, 45682072, 56980644, 54195216, 53953472, 60205368, 55649064, 50679768, 53220324, 45214900, 46061804, 62544336, 62683736, 50866316, 48468604, 63171512, 54969160, 56376612, 50674012, 51117580, 53378472, 55156556, 67011888, 39490004, 42099888, 57885544, 39373360, 50151804, 51781344, 58480836, 46445648, 39138124, 51730248, 30362500, 44425676, 56812672, 39364196, 57197304, 53381148, 49481680, 56959572]	98	-5.26483	-100	279
400.96654	53.21347	1237264.875	39439228	1	2	44	401.97382	53.07922	53.41626	0	0	[73, 74, 75, 76, 77, 78, 79, 80, 81, 82, 83, 84, 85, 86, 87, 88, 89, 90, 91, 92, 93, 94, 95, 96, 97, 98, 99, 100, 101, 102, 103, 104, 105, 106, 107, 108, 109, 110, 111, 112, 113, 114, 115, 116]	[706183.25, 895561.5, 1041033.375, 834130.125, 883506.375, 1144856.75, 1004969.875, 927546.75, 1034802.4375, 930064.0625, 837091.8125, 916892.3125, 751221.3125, 672994.5, 1104313.75, 944264.5625, 808689.6875, 751676, 1237264.875, 1036296.125, 958144.3125, 832492.875, 853669.8125, 1091969.375, 1097794.125, 1216941.5, 630176.3125, 685123.875, 1008424.6875, 557952.625, 1070368.375, 973480.8125, 1079204.25, 804154.6875, 653382.6875, 903742.25, 407446.1875, 731818.3125, 1056717.5, 592287.25, 1002628.0625, 972301.8125, 840568.25, 955082.25]	91	0.46204	-100	280
2255.00283	52.45331	19022.03125	52421.16016	5	2	3	452.00784	52.45331	52.46841	0	0	[0, 1, 2]	[19022.03125, 14832.49414, 18566.63672]	0	-5.05279	-100	281
1409.48488	53.33276	91919.10938	315949.71875	3	2	5	470.83557	53.31494	53.34909	0	0	[104, 105, 106, 107, 108]	[62659.82422, 67451.85938, 91919.10938, 51726.30469, 42192.62109]	106	-0.87708	-100	282
1842.91384	53.31494	159973.79688	3963536.25	3	2	51	615.31189	52.992	53.38512	0	0	[62, 63, 64, 65, 66, 67, 68, 69, 70, 71, 72, 73, 74, 75, 76, 77, 78, 79, 80, 81, 82, 83, 84, 85, 86, 87, 88, 89, 90, 91, 92, 93, 94, 95, 96, 97, 98, 99, 100, 101, 102, 103, 104, 105, 106, 107, 108, 109, 110, 111, 112]	[20523.70117, 25465.66406, 51692.66406, 41642.17969, 55753.26172, 64360.10156, 53019.58594, 56959.05859, 51949.30078, 51995.73047, 54553.35938, 26551.11133, 45535.0625, 97100.48438, 96554.96094, 49208.08203, 84528.125, 52625.55859, 84983.42969, 73877.45312, 83862.25781, 96086.01562, 59990.23047, 95616.60938, 23167.76562, 102314.55469, 71168.53125, 66461.53906, 121853.67188, 106452.58594, 110315.39844, 98325.10156, 130685.83594, 110105.47656, 106143.80469, 125655, 109799.11719, 120589.74219, 112716.94531, 61692.42578, 63214.41406, 69291.82812, 159973.79688, 135624.28125, 127887.90625, 48567.09766, 67069.96875, 59088.75391, 44374.35547, 63512.69141, 73049.90625]	104	-1.7617	-100	283
1840.00466	52.67161	85562.35938	193936.64062	3	2	4	614.34216	52.65047	52.67161	0	0	[23, 24, 25, 26]	[26392.61133, 51651.46484, 30330.20508, 85562.35938]	26	0.49052	-100	284
674.72411	53.34909	113650.25	450605.8125	1	2	6	675.73138	53.33276	53.37916	0	0	[106, 107, 108, 109, 110, 111]	[96069.46094, 81043.88281, 113650.25, 38925.12109, 55700.42969, 65216.64453]	108	-2.71755	-100	285
1134.19524	52.86425	50524.97656	137015.78125	3	2	6	379.07236	52.82727	52.87188	0	0	[42, 43, 44, 45, 46, 47]	[20700.36523, 10216.16797, 10960.01953, 20335.61328, 50524.97656, 24278.63867]	46	4.34947	-100	286
424.14153	52.90917	643330.5	53273140	1	2	105	425.1488	52.45331	53.31494	0	0	[0, 1, 2, 3, 4, 5, 6, 7, 8, 9, 10, 11, 12, 13, 14, 15, 16, 17, 18, 19, 20, 21, 22, 23, 24, 25, 26, 27, 28, 29, 30, 31, 32, 33, 34, 35, 36, 37, 38, 39, 40, 41, 42, 43, 44, 45, 46, 47, 48, 49, 50, 51, 52, 53, 54, 55, 56, 57, 58, 59, 60, 61, 62, 63, 64, 65, 66, 67, 68, 69, 70, 71, 72, 73, 74, 75, 76, 77, 78, 79, 80, 81, 82, 83, 84, 85, 86, 87, 88, 89, 90, 91, 92, 93, 94, 95, 96, 97, 98, 99, 100, 101, 102, 103, 104]	[569327.9375, 537795.0625, 509898.59375, 404849.40625, 335502, 538815.0625, 593361.375, 507143.5625, 601426.1875, 452048.4375, 519807, 487990.40625, 504911.75, 442022.875, 361656.5, 532885.9375, 478210.53125, 506736.53125, 475205.46875, 504862.8125, 536190.125, 607706.4375, 448552.3125, 548237.6875, 588095.0625, 449420.21875, 511498.4375, 575203.6875, 448008.90625, 427266.0625, 501614.6875, 429678.65625, 526194, 639986.375, 568451.375, 440320.75, 520167.6875, 561100.375, 422558.125, 249662.75, 478413.5, 551417.1875, 367916.25, 490256.21875, 584030.4375, 481271.125, 552624, 614262.4375, 643077.25, 617689.25, 592453.9375, 623325.625, 643330.5, 553130.6875, 506966.15625, 440533.71875, 477704.5625, 559546.3125, 568389.875, 543506, 544241.3125, 549446.5625, 572914.75, 579486.8125, 577491.9375, 489995.375, 481201.25, 506865.375, 452620.5, 586599.1875, 551037.1875, 426946.5, 535419, 478234.8125, 521385.25, 560290.8125, 441820.90625, 533657.3125, 432083.96875, 529487, 490421.5, 568727.5, 580163.9375, 562471.125, 423052.40625, 497370.65625, 603331.625, 462630.125, 265443.875, 467985.0625, 476255.59375, 527159.625, 513239.15625, 594129.0625, 544204.75, 495201.125, 513384.78125, 513660.28125, 487017.84375, 576775.1875, 477240.09375, 444996.9375, 466575.375, 51068.33594, 565197.3125]	52	-0.59481	-100	287
2144.4439	53.12135	61662.42969	202122.03125	5	2	5	429.89606	53.1127	53.14284	0	0	[78, 79, 80, 81, 82]	[26571.07031, 61662.42969, 31297.89453, 47913.53906, 34677.08594]	79	-6.36928	-100	288
1690.86753	52.56754	104489.57812	312946.9375	2	2	4	846.44104	52.54578	52.57346	0	0	[11, 12, 13, 14]	[61605.36328, 69775.02344, 104489.57812, 77076.96875]	13	0.18197	-100	289
1571.67605	52.69494	60640.30859	118364.78906	3	2	2	524.89929	52.68333	52.69494	0	0	[27, 28]	[57724.48047, 60640.30859]	28	-3.85025	-100	290
899.77488	53.3955	42891.19531	95507.14062	2	2	3	450.89471	53.37916	53.3955	0	0	[111, 112, 113]	[29537.93359, 23078.00977, 42891.19531]	113	1.09123	-100	291
2124.36837	52.93421	183543.90625	1850168.25	5	2	15	425.88095	52.92554	53.04385	0	0	[54, 55, 56, 57, 58, 59, 60, 61, 62, 63, 64, 65, 66, 67, 68]	[111901.5, 183543.90625, 140939.57812, 104887.72656, 167306.9375, 100790.36719, 178159.07812, 80817.48438, 85478.17188, 106030.5, 150271.75, 70182.61719, 82575.42969, 163689.125, 123594.17969]	55	4.0797	-100	292
382.95305	52.70083	4874859	396090624	1	2	117	383.96033	52.45331	53.41626	0	0	[0, 1, 2, 3, 4, 5, 6, 7, 8, 9, 10, 11, 12, 13, 14, 15, 16, 17, 18, 19, 20, 21, 22, 23, 24, 25, 26, 27, 28, 29, 30, 31, 32, 33, 34, 35, 36, 37, 38, 39, 40, 41, 42, 43, 44, 45, 46, 47, 48, 49, 50, 51, 52, 53, 54, 55, 56, 57, 58, 59, 60, 61, 62, 63, 64, 65, 66, 67, 68, 69, 70, 71, 72, 73, 74, 75, 76, 77, 78, 79, 80, 81, 82, 83, 84, 85, 86, 87, 88, 89, 90, 91, 92, 93, 94, 95, 96, 97, 98, 99, 100, 101, 102, 103, 104, 105, 106, 107, 108, 109, 110, 111, 112, 113, 114, 115, 116]	[2845431.25, 2602948.5, 3276176.5, 3175105, 3584312, 3740292, 3035107.75, 2642734.25, 3067655.5, 2550544, 3473148, 3718085.25, 2968885.75, 4199807.5, 4176445.75, 3680427, 2599767.75, 3409676.5, 3364953.75, 2941398, 3404485.5, 3182799, 3388101.25, 3299971.5, 3015009.5, 3907327.75, 3431759, 3044926.5, 3651814.5, 4874859, 3753141, 2887770.5, 3033842, 3915766, 2770363, 3040236.5, 3513269, 3342412.5, 4205015, 1261828.5, 3024058.5, 3623508.25, 4321299, 2418497.5, 3034740.25, 2734121.75, 3579354.25, 3122261, 3832340, 3662323.75, 3582455, 3912328.5, 3065038, 4187794.25, 3842490.5, 3251423.5, 3648731.25, 2847268.25, 3943114, 2715873.75, 3834570, 3612680.25, 2804241.5, 3107426.5, 4103272.25, 3322407.25, 2521817.75, 4418533, 4286654, 3222131, 2374939.5, 2895934.5, 3166038.5, 3340582, 3175941.25, 3548894, 3592416.5, 2947135, 4441952.5, 3615182.5, 4202267.5, 3683240, 3796994.75, 3116795.75, 3564885.5, 3251401, 3321036.25, 4422496, 4550684.5, 3714924.25, 3037337.5, 3776159.25, 3688647.25, 3421046.75, 3050420.75, 3228164.5, 3403342.75, 3860522, 4560308.5, 2538611.5, 2730425.25, 4044521.75, 3730712.5, 3135616.5, 2992062, 4120763.5, 2734834.25, 2526066.5, 3284421.25, 2431599.75, 2953904.25, 3958752, 2341850, 3877659.75, 3705158, 2879408.5, 3794175.75]	29	-0.69278	-100	293
1438.73423	52.4941	112833.67188	292513.6875	2	2	4	720.37439	52.48153	52.50173	0	0	[3, 4, 5, 6]	[49001.48047, 64763.37109, 112833.67188, 65915.14844]	5	0.77244	-100	294
367.97756	52.70083	6990756	543807680	1	2	117	368.98483	52.45331	53.41626	0	0	[0, 1, 2, 3, 4, 5, 6, 7, 8, 9, 10, 11, 12, 13, 14, 15, 16, 17, 18, 19, 20, 21, 22, 23, 24, 25, 26, 27, 28, 29, 30, 31, 32, 33, 34, 35, 36, 37, 38, 39, 40, 41, 42, 43, 44, 45, 46, 47, 48, 49, 50, 51, 52, 53, 54, 55, 56, 57, 58, 59, 60, 61, 62, 63, 64, 65, 66, 67, 68, 69, 70, 71, 72, 73, 74, 75, 76, 77, 78, 79, 80, 81, 82, 83, 84, 85, 86, 87, 88, 89, 90, 91, 92, 93, 94, 95, 96, 97, 98, 99, 100, 101, 102, 103, 104, 105, 106, 107, 108, 109, 110, 111, 112, 113, 114, 115, 116]	[3892335.25, 3567906.5, 4520803.5, 4204345.5, 4583514, 5012569.5, 4217699, 3560633.25, 3923904.75, 3274616.25, 4828537, 5033021.5, 4011234.5, 5764346, 5319023, 5106663.5, 3731371.75, 4862436, 5135374.5, 3936182.25, 4358666, 4340152.5, 4577753, 4226230.5, 4225900, 5405237, 4400365, 4206255.5, 4791519.5, 6990756, 5584789.5, 3661788, 4223163, 5273653, 3482099.25, 4214594, 4946258.5, 4701669.5, 6034277, 1352086.625, 4327849.5, 4882601, 6131480, 3309211.5, 3769926.25, 3722612.25, 5153072.5, 4218064, 5339437.5, 4786079.5, 4882862.5, 5716428, 4389409, 5745142.5, 5759825, 4568597.5, 4899841.5, 3952626, 5649668.5, 3834875, 5138410.5, 5561464.5, 4053627, 4554626.5, 5641614, 4293864, 3309017.75, 6318278.5, 5822754, 4404419, 3182325.25, 3902602.25, 4355522.5, 4715263, 4510854, 4806204, 4999115.5, 3952067.5, 6096167, 4854329, 5783182.5, 4997067.5, 5329556, 4374812, 4918347.5, 4504478, 4237922.5, 6308909, 6475812.5, 5013308.5, 3970811, 5280122, 4920302, 4563874.5, 4479289.5, 4269930, 4469488.5, 5234757, 6531247, 3562780, 3513537.75, 5515723.5, 4982740, 4474927.5, 4354734.5, 6016968.5, 3824469.5, 3434388.5, 4713473.5, 3155102.25, 3845317.75, 5643217.5, 3270878.5, 5044656, 5162727.5, 3764444.25, 4868631.5]	29	-3.57127	-100	295
471.96312	52.91945	482525.21875	25424238	1	2	74	472.9704	52.83323	53.41626	0	0	[43, 44, 45, 46, 47, 48, 49, 50, 51, 52, 53, 54, 55, 56, 57, 58, 59, 60, 61, 62, 63, 64, 65, 66, 67, 68, 69, 70, 71, 72, 73, 74, 75, 76, 77, 78, 79, 80, 81, 82, 83, 84, 85, 86, 87, 88, 89, 90, 91, 92, 93, 94, 95, 96, 97, 98, 99, 100, 101, 102, 103, 104, 105, 106, 107, 108, 109, 110, 111, 112, 113, 114, 115, 116]	[255683.09375, 240023.07812, 258585.3125, 369539.8125, 268987.1875, 391309.40625, 415911.21875, 291341.84375, 393446.84375, 411217.0625, 482525.21875, 362096.53125, 419528.53125, 365918.71875, 325037.8125, 451127.90625, 327275.46875, 395499.53125, 253855.57812, 330205.3125, 291953.0625, 409685.90625, 321009.71875, 289458.78125, 444257.40625, 379547.15625, 308824.90625, 226249.25, 165828.70312, 334765.25, 323994.90625, 392827.71875, 433747.9375, 343093.125, 289686.90625, 389684.375, 324012.875, 351358.5625, 440671, 347621.8125, 339705.59375, 415800.03125, 245138.01562, 224158.98438, 423568.6875, 459875.125, 397207.9375, 255243.92188, 459467.0625, 352121.15625, 395811.0625, 367952.15625, 309904.40625, 373967.90625, 367207.75, 459635.78125, 276468.8125, 246710.5625, 323952.375, 245888.07812, 428700.71875, 358634, 438646.6875, 311461.5, 252551.20312, 278493.5625, 179999.89062, 258232.17188, 402095.40625, 241084.75, 375786.96875, 376205.9375, 354600.90625, 410563.09375]	53	-4.05679	-100	296
2074.44085	52.86425	21099.46289	94497.07812	5	2	5	415.89545	52.85389	52.8854	0	0	[45, 46, 47, 48, 49]	[17784.11523, 21099.46289, 20118.3457, 16813.02539, 18682.13672]	46	2.37793	-100	297
2185.08156	53.1339	83044.19531	213694.0625	3	2	3	729.3678	53.12135	53.1339	0	0	[79, 80, 81]	[57656.21094, 72993.65625, 83044.19531]	81	-0.22754	-100	298
1603.01667	53.06523	32251.75586	167212.4375	4	2	8	401.76144	53.06523	53.1127	0	0	[71, 72, 73, 74, 75, 76, 77, 78]	[32251.75586, 22800.2168, 28032.5625, 19016.85938, 15980.41406, 18968.93945, 12390.94824, 17770.73633]	71	-6.49179	-100	299
1865.84678	52.81844	74523.13281	171381.01562	2	2	4	933.93066	52.80812	52.83323	0	0	[40, 41, 42, 43]	[27310.09961, 74523.13281, 27185.93555, 42361.84766]	41	-0.73276	-100	300
409.00142	53.36751	53568.34375	210188.59375	1	2	6	410.0087	53.34312	53.38512	0	0	[107, 108, 109, 110, 111, 112]	[48102.01172, 48043.44531, 13697.87695, 53568.34375, 31901.22461, 14875.70215]	110	-0.71768	-100	301
384.92113	52.70083	2814033.75	75857280	1	2	43	385.92841	52.45331	52.82727	0	0	[0, 1, 2, 3, 4, 5, 6, 7, 8, 9, 10, 11, 12, 13, 14, 15, 16, 17, 18, 19, 20, 21, 22, 23, 24, 25, 26, 27, 28, 29, 30, 31, 32, 33, 34, 35, 36, 37, 38, 39, 40, 41, 42]	[1465926.375, 1362600.125, 1773343.75, 1394173.875, 1743071.75, 2111076.75, 1554963.875, 1257965.625, 1517779.75, 1062212.125, 1776841.375, 1791940.375, 1384180.125, 2486041, 1934160.375, 2038294.625, 1348480.125, 2111094.25, 1974782, 1442660.625, 1963879.5, 1661404.375, 2168638.75, 1762268.125, 1637215.25, 2007442.125, 1944948.375, 1441294.5, 1759856, 2814033.75, 1924688.375, 1518390.375, 1828837.25, 2709055.25, 1546739.875, 1495580.25, 1820536.5, 1884326.125, 2310437.25, 797669.125, 1523369.875, 1829529.25, 1975550.875]	29	-2.84821	-100	302
823.45116	52.56754	55931.99219	95627.75	1	2	2	824.45844	52.55588	52.56754	0	0	[12, 13]	[39695.75391, 55931.99219]	13	-0.25216	-100	303
1603.95003	53.40141	83259.77344	129324.67188	3	2	3	535.65729	53.40141	53.41626	0	0	[114, 115, 116]	[83259.77344, 20794.5332, 25270.36719]	114	-1.56625	-100	304
2238.26359	53.23493	51913.76562	523759.71875	6	2	17	374.05121	53.12797	53.24847	0	0	[80, 81, 82, 83, 84, 85, 86, 87, 88, 89, 90, 91, 92, 93, 94, 95, 96]	[46351.37891, 23085.72852, 38973.53516, 21197.48438, 30093.60352, 24611.73633, 22324.91797, 32980.42578, 31371.125, 43611.16406, 25789.35742, 45742.80078, 25993.49023, 24462.84375, 51913.76562, 25160.69727, 10095.66797]	94	-2.47827	-100	305
909.23722	52.4941	65637.27344	252502	2	2	6	455.62589	52.4941	52.53982	0	0	[5, 6, 7, 8, 9, 10]	[65637.27344, 40778.23438, 23412.85938, 64039.26562, 37528.77734, 21105.59766]	5	4.06698	-100	306
1741.77938	52.90917	90759	146988.29688	3	2	2	581.6004	52.90324	52.90917	0	0	[51, 52]	[56229.29297, 90759]	52	-0.74549	-100	307
451.95564	53.26325	592834.25	47095704	1	2	117	452.96292	52.45331	53.41626	0	0	[0, 1, 2, 3, 4, 5, 6, 7, 8, 9, 10, 11, 12, 13, 14, 15, 16, 17, 18, 19, 20, 21, 22, 23, 24, 25, 26, 27, 28, 29, 30, 31, 32, 33, 34, 35, 36, 37, 38, 39, 40, 41, 42, 43, 44, 45, 46, 47, 48, 49, 50, 51, 52, 53, 54, 55, 56, 57, 58, 59, 60, 61, 62, 63, 64, 65, 66, 67, 68, 69, 70, 71, 72, 73, 74, 75, 76, 77, 78, 79, 80, 81, 82, 83, 84, 85, 86, 87, 88, 89, 90, 91, 92, 93, 94, 95, 96, 97, 98, 99, 100, 101, 102, 103, 104, 105, 106, 107, 108, 109, 110, 111, 112, 113, 114, 115, 116]	[312518.4375, 322013, 336902.6875, 322857.375, 437054.1875, 458260.4375, 346439.96875, 351444.125, 349636.21875, 254187.10938, 402284.25, 415760.0625, 366736.125, 582775.1875, 445359.5, 543283.8125, 355340.96875, 464849.1875, 499574.375, 364149.125, 482054.625, 405656.21875, 424580.125, 371038.3125, 317838.03125, 456671.21875, 430588.1875, 384525.6875, 433866.78125, 584646.8125, 488353.09375, 301125.6875, 421835.375, 588807.625, 383216.5625, 372745.28125, 388954.875, 400215.84375, 445412.28125, 79987.74219, 387466.3125, 476766.5, 564345.375, 254757.57812, 365745.96875, 338524.65625, 442546.5625, 397206.03125, 518478.21875, 448992.34375, 393177.375, 421826.65625, 389146.65625, 462534.125, 517314.03125, 470067.8125, 412167.34375, 405430, 526053.625, 262679.1875, 443595.21875, 389788.8125, 368931.34375, 358357.625, 447792.34375, 379661.125, 252397.51562, 570351.375, 446860.09375, 438969.4375, 224179.21875, 309711.40625, 324055.375, 346506.90625, 419226.03125, 526626, 362708.1875, 295666.0625, 486856.5625, 434435.25, 465614.1875, 441076.6875, 429779.59375, 360586.09375, 381767.6875, 360302.15625, 355579.8125, 430503.5625, 495192.75, 449692.3125, 350604.3125, 481815.59375, 429832.75, 423803.15625, 398974.90625, 302285.71875, 460635.46875, 386297.84375, 592834.25, 357469.28125, 314150.78125, 480523.6875, 357941.375, 399300.84375, 451965.46875, 466096.84375, 341248.34375, 272860.84375, 354701.8125, 215704.01562, 363149.375, 461448.84375, 255189.96875, 459789.09375, 393980.0625, 329592.375, 447969.5]	98	-3.24593	-100	308
561.33782	52.48818	988479.5	32440510	1	2	112	562.34509	52.45331	53.37916	0	0	[0, 1, 2, 3, 4, 5, 6, 7, 8, 9, 10, 11, 12, 13, 14, 15, 16, 17, 18, 19, 20, 21, 22, 23, 24, 25, 26, 27, 28, 29, 30, 31, 32, 33, 34, 35, 36, 37, 38, 39, 40, 41, 42, 43, 44, 45, 46, 47, 48, 49, 50, 51, 52, 53, 54, 55, 56, 57, 58, 59, 60, 61, 62, 63, 64, 65, 66, 67, 68, 69, 70, 71, 72, 73, 74, 75, 76, 77, 78, 79, 80, 81, 82, 83, 84, 85, 86, 87, 88, 89, 90, 91, 92, 93, 94, 95, 96, 97, 98, 99, 100, 101, 102, 103, 104, 105, 106, 107, 108, 109, 110, 111]	[759662.1875, 704665.875, 876715.875, 770794.8125, 988479.5, 909117.3125, 730989.5, 615205.125, 641558, 474340.875, 612082.1875, 766906.3125, 646766.125, 915138.6875, 871676.25, 630391.625, 500996.5625, 710947.25, 638728.875, 563664.375, 555788.1875, 504419.5625, 514923.71875, 420750.96875, 441955.1875, 613295.1875, 441619.84375, 437742.8125, 564823.1875, 584537.375, 554898.5625, 245074.42188, 354175.53125, 462198.875, 289760.875, 333417.25, 346040.625, 339221.59375, 350901.8125, 89153.78125, 285380.40625, 298582.3125, 323700.75, 183820.75, 198694.39062, 195676.6875, 258836.8125, 224807.1875, 197485.67188, 202524.1875, 268841.4375, 235631.75, 160021.79688, 242775.3125, 254543.5, 124439.46094, 202221.375, 122718.55469, 221317.65625, 140615.90625, 152860.26562, 154252.73438, 157486.40625, 181235.0625, 174045.6875, 115039.13281, 84031.60156, 184614.5625, 135628.3125, 96643.79688, 99830.10938, 150804.79688, 117070.5, 88979.54688, 114057.60156, 119433.875, 136019.92188, 83784.26562, 111735.82812, 88175.24219, 107892.07031, 88726.82031, 113030.00781, 119513.24219, 123168, 115952.54688, 125615.73438, 120511.86719, 129166.34375, 88816.34375, 101705.79688, 116678.50781, 70736.21094, 77225.74219, 56203.36719, 57381, 68831.63281, 112576.40625, 118425.57812, 53105.84375, 56602.19141, 104784.89844, 25857.61133, 141253.65625, 24399.41406, 93850.23438, 81241.84375, 71536.64844, 62335.70312, 65455.80469, 41756.80859, 44279.33594]	4	-0.78269	-100	309
2454.27041	53.32662	26376.56055	45923.75391	5	2	2	491.86136	53.31494	53.32662	0	0	[104, 105]	[19547.19336, 26376.56055]	105	-4.17759	-100	310
389.92488	53.32662	94440.39844	415295.25	1	2	10	390.93216	53.30325	53.38512	0	0	[103, 104, 105, 106, 107, 108, 109, 110, 111, 112]	[68393.35156, 22919.69336, 94440.39844, 49504.07031, 33889.10547, 50177.34375, 12657.09277, 30477.31445, 39477.76953, 13359.12988]	105	-2.60116	-100	311
1984.41445	52.54578	37309.83984	53245.17188	5	2	2	397.89017	52.54578	52.55588	0	0	[11, 12]	[37309.83984, 15935.33398]	11	2.63518	-100	312
370.93364	52.70083	1760284.625	50066620	1	2	42	371.94092	52.45331	52.81844	0	0	[0, 1, 2, 3, 4, 5, 6, 7, 8, 9, 10, 11, 12, 13, 14, 15, 16, 17, 18, 19, 20, 21, 22, 23, 24, 25, 26, 27, 28, 29, 30, 31, 32, 33, 34, 35, 36, 37, 38, 39, 40, 41]	[1040563.5625, 909483.5625, 1130951.75, 936189.9375, 1108134.25, 1508226.25, 1148049.375, 827230.125, 1122944.25, 729785.5, 1158208.25, 1319656.375, 1043940.625, 1519469.25, 1284103.875, 1364965.625, 923895.3125, 1475090.625, 1334370.625, 962609.125, 1275436.125, 1227722.75, 1282346.125, 1238419, 1003690.1875, 1417866.25, 1401275.75, 1177557.125, 1156288.25, 1760284.625, 1269153, 1120930.375, 1115792.25, 1711347.75, 1086061.625, 1001702.5625, 1327184.875, 1392896.125, 1224025.25, 348018.25, 1251129.375, 1429624.75]	29	-3.63269	-100	313
2860.90165	52.46841	50275.52344	169761.84375	6	2	6	477.82422	52.45331	52.4941	0	0	[0, 1, 2, 3, 4, 5]	[17451.81836, 35292.13281, 50275.52344, 20332.70508, 24020.06641, 22389.58789]	2	3.00431	-100	314
1226.85934	52.74168	234238.60938	5397641	3	2	38	409.96039	52.45331	52.77719	0	0	[0, 1, 2, 3, 4, 5, 6, 7, 8, 9, 10, 11, 12, 13, 14, 15, 16, 17, 18, 19, 20, 21, 22, 23, 24, 25, 26, 27, 28, 29, 30, 31, 32, 33, 34, 35, 36, 37]	[114514.30469, 112204.85938, 134783.51562, 113713.61719, 132272.57812, 163535.89062, 120196.63281, 111951.60156, 98714.60938, 93143.98438, 191142.46875, 134994.32812, 117767.76562, 197917.04688, 180098.84375, 184268.65625, 113868.25781, 191237.21875, 150329.51562, 118911.21875, 153528.73438, 154736.73438, 135792.3125, 159664.5, 112970.64844, 223153.84375, 136578.84375, 119765.65625, 97339.02344, 228721.46875, 176591.76562, 105468.70312, 125136.92188, 234238.60938, 111516.89844, 110637.39062, 114377.42969, 121854.71094]	33	2.51849	-100	315
404.94362	53.26325	1257904.125	102227944	1	2	117	405.9509	52.45331	53.41626	0	0	[0, 1, 2, 3, 4, 5, 6, 7, 8, 9, 10, 11, 12, 13, 14, 15, 16, 17, 18, 19, 20, 21, 22, 23, 24, 25, 26, 27, 28, 29, 30, 31, 32, 33, 34, 35, 36, 37, 38, 39, 40, 41, 42, 43, 44, 45, 46, 47, 48, 49, 50, 51, 52, 53, 54, 55, 56, 57, 58, 59, 60, 61, 62, 63, 64, 65, 66, 67, 68, 69, 70, 71, 72, 73, 74, 75, 76, 77, 78, 79, 80, 81, 82, 83, 84, 85, 86, 87, 88, 89, 90, 91, 92, 93, 94, 95, 96, 97, 98, 99, 100, 101, 102, 103, 104, 105, 106, 107, 108, 109, 110, 111, 112, 113, 114, 115, 116]	[705070.625, 608971.0625, 744396.25, 814149.375, 818056.4375, 881286.25, 858451.25, 681897.25, 735119.25, 591004.4375, 1024495.75, 942090, 704087.3125, 1101473.625, 1050418.5, 1080974, 721194.5625, 1010517.5, 893586.25, 802840.5625, 946961.625, 840970.875, 921817.25, 867414.625, 683872.5625, 950956.75, 1019349.5, 743966.6875, 893392.125, 1209455.125, 1022359.125, 745910.5, 775443.75, 1063512.625, 841374.5625, 851420.625, 949932.5625, 812711.375, 1040218.375, 295118.8125, 721830.9375, 954641.8125, 997468.875, 653929.5625, 811911.625, 693368, 961344.375, 752176.8125, 1055219.625, 875068.875, 818975.0625, 1130331.875, 903763.875, 1050882.875, 933306.6875, 892367.0625, 910470.5625, 934932.625, 1132140.125, 773147.625, 1085568.5, 941143.1875, 790250.25, 785376.9375, 1022629.75, 808971.5625, 774658.25, 1089331, 1063425.75, 934506.9375, 694247.625, 529248.375, 921960.4375, 824438.8125, 873278.875, 1058245.75, 848021.25, 686155.625, 1091866.375, 856437.6875, 954808.75, 1035006.3125, 1034320.6875, 962590.125, 839094, 829554, 804271.625, 1160451.875, 1179509.875, 949378.25, 793422.5625, 1079428.875, 929647.3125, 1030313.9375, 812555.1875, 836761.125, 866938.9375, 934947.375, 1257904.125, 632931.4375, 684269.3125, 987416.8125, 722127.5, 703408.8125, 772334.5625, 972274.5, 688126.5, 614386.5, 845543, 494773.90625, 706658.9375, 1078687.75, 590401.6875, 922788.6875, 930748.1875, 813809.625, 893082.5]	98	-1.00161	-100	316
1126.66192	52.67161	164858.28125	2973281.25	3	2	30	376.56125	52.52826	52.78476	0	0	[9, 10, 11, 12, 13, 14, 15, 16, 17, 18, 19, 20, 21, 22, 23, 24, 25, 26, 27, 28, 29, 30, 31, 32, 33, 34, 35, 36, 37, 38]	[77314.50781, 60962.61328, 106756.35938, 54015.6875, 149704.5, 115764.375, 125867.625, 37762.39844, 133504.73438, 125712.44531, 109943.97656, 139133.375, 73906.92188, 100034.85156, 84379.46094, 85328.32812, 105993.99219, 164858.28125, 75386.83594, 97578.40625, 134505.26562, 78195.6875, 79446.53906, 124131.92969, 142674.3125, 50293.11328, 68618.19531, 98631.07812, 91689.47656, 81186.01562]	26	-3.37138	-100	317
1809.92226	53.41626	137787.79688	289868.0625	3	2	3	604.3147	53.40141	53.41626	0	0	[114, 115, 116]	[83488.125, 68592.16406, 137787.79688]	116	1.50831	-100	318
1811.98842	52.91945	192044.89062	4362838	3	2	41	605.00342	52.70083	53.05422	0	0	[29, 30, 31, 32, 33, 34, 35, 36, 37, 38, 39, 40, 41, 42, 43, 44, 45, 46, 47, 48, 49, 50, 51, 52, 53, 54, 55, 56, 57, 58, 59, 60, 61, 62, 63, 64, 65, 66, 67, 68, 69]	[89894.59375, 82540.89062, 85182.53125, 92961.10156, 123903.63281, 78742.59375, 119758.61719, 120023.88281, 125805.96875, 106084.375, 48250.67188, 115163.10938, 160057.79688, 59412.58203, 70971.5, 173273.875, 78990.17969, 179657.0625, 125589.96094, 152027.5, 115291.8125, 120063.22656, 146892.59375, 112946.35938, 192044.89062, 131241.70312, 119867.21875, 111723.77344, 66717.51562, 179210.21875, 80690.625, 95587.02344, 118026.75781, 71860.82031, 97906.21875, 118483.78125, 71401.94531, 46302.89453, 68761.85156, 54467.67578, 55056.71875]	53	0	-100	319
1152.76259	52.87779	387797.1875	6322673.5	3	2	48	385.26147	52.70083	53.10174	0	0	[29, 30, 31, 32, 33, 34, 35, 36, 37, 38, 39, 40, 41, 42, 43, 44, 45, 46, 47, 48, 49, 50, 51, 52, 53, 54, 55, 56, 57, 58, 59, 60, 61, 62, 63, 64, 65, 66, 67, 68, 69, 70, 71, 72, 73, 74, 75, 76]	[32734.85938, 53757.96094, 17869.89062, 84478.65625, 127985.01562, 77120.875, 160368.92188, 173308.28125, 145748.01562, 103687.51562, 51390.98047, 99038.0625, 162320.65625, 135767.6875, 133745.64062, 237479.1875, 195767.60938, 196262.8125, 270111, 387797.1875, 362163.59375, 213418.65625, 237540.35938, 226321.46875, 225616.8125, 227691.70312, 127573.29688, 138787.8125, 156752.59375, 202624.4375, 159133.90625, 152361.01562, 161376.65625, 112440.42188, 96273.61719, 112489.71094, 78211.96094, 45783.66406, 79463.78906, 16965.37109, 86219.92969, 45796.00781, 52320.16406, 65282.44531, 14011.59863, 27851.20117, 30155.10547, 21305.84766]	48	-2.66557	-100	320
1257.46093	53.26325	124323.72656	2296918.5	3	2	37	420.16092	53.12135	53.41034	0	0	[79, 80, 81, 82, 83, 84, 85, 86, 87, 88, 89, 90, 91, 92, 93, 94, 95, 96, 97, 98, 99, 100, 101, 102, 103, 104, 105, 106, 107, 108, 109, 110, 111, 112, 113, 114, 115]	[25098.14453, 62513.42969, 64372.01562, 73332, 54481.26562, 66573.51562, 19609.83203, 42728.59766, 68292.78125, 88020.25781, 96859.28906, 23555.74023, 68086.1875, 101116.09375, 83744.96875, 72933.28906, 52173.11328, 112549.48438, 66166.92969, 124323.72656, 96083.22656, 72277.3125, 111153.6875, 26601.40625, 17829.20703, 97751.875, 111945.4375, 88951.91406, 53990.5, 56818.15625, 15459.45215, 65144.00781, 24873.00781, 17272.67188, 27759.04297, 22775.79102, 23701.07617]	98	-0.26008	-100	321
2278.41157	53.00682	70838.64844	262662.59375	4	2	5	570.61017	53.0009	53.0379	0	0	[63, 64, 65, 66, 67]	[27799.4668, 70838.64844, 46422.03906, 50930.24219, 66672.17969]	64	6.46714	-100	322
1902.02267	52.78476	85368.40625	227816.28125	3	2	3	635.01483	52.77126	52.78476	0	0	[36, 37, 38]	[68655.22656, 73792.65625, 85368.40625]	38	2.61394	-100	323
1796.11886	53.07922	112430.08594	1103924.375	3	2	15	599.71356	53.04385	53.14284	0	0	[68, 69, 70, 71, 72, 73, 74, 75, 76, 77, 78, 79, 80, 81, 82]	[61681.41797, 84681.92188, 39067.44141, 41965.98828, 56696.09375, 112430.08594, 79805.0625, 77746.78906, 100591.85938, 53182.55469, 56712.62891, 81511.125, 58702.29688, 92376.58594, 106772.44531]	73	-1.22056	-100	324
520.88347	52.58212	237618.42188	5988859	1	2	34	521.89075	52.45331	52.74168	0	0	[0, 1, 2, 3, 4, 5, 6, 7, 8, 9, 10, 11, 12, 13, 14, 15, 16, 17, 18, 19, 20, 21, 22, 23, 24, 25, 26, 27, 28, 29, 30, 31, 32, 33]	[148767.8125, 144088.78125, 208974.40625, 215238.70312, 167473.15625, 189801.28125, 169172.9375, 130838.60156, 203166.17188, 101413.70312, 212590.53125, 210451.28125, 148275.875, 196731.85938, 213670.65625, 237618.42188, 158852.04688, 171907.09375, 220549.67188, 147242.21875, 182936.51562, 163129.32812, 211114.42188, 163632.01562, 185500.65625, 169797.375, 179038.5, 105344.32031, 179471.98438, 219601.17188, 184270.23438, 158115.29688, 106076.09375, 184005.84375]	15	-2.75079	-100	325
2370.39985	52.59703	49837.08984	129712.57812	4	2	3	593.60724	52.59703	52.61341	0	0	[17, 18, 19]	[49837.08984, 39076.85156, 40798.64062]	17	-7.23152	-100	326
387.24758	52.70083	418339.4375	11084081	1	2	42	388.25485	52.45331	52.81844	0	0	[0, 1, 2, 3, 4, 5, 6, 7, 8, 9, 10, 11, 12, 13, 14, 15, 16, 17, 18, 19, 20, 21, 22, 23, 24, 25, 26, 27, 28, 29, 30, 31, 32, 33, 34, 35, 36, 37, 38, 39, 40, 41]	[234625.1875, 198190.60938, 237320.04688, 258048.51562, 300340.125, 287281.125, 285989.5, 170672.03125, 236057.1875, 192997.5625, 245785.34375, 310193.78125, 230328.5, 335297.25, 327297.75, 278325.09375, 197695.59375, 261043.42188, 252625.375, 214568.71875, 290624.53125, 255373.34375, 320729.3125, 227284.23438, 267035.9375, 306660.71875, 267794.5, 264989.96875, 333106.25, 418339.4375, 298763, 214129.20312, 267115.875, 260014.9375, 236521.29688, 289532.5, 315084.0625, 296612.34375, 303988.75, 91121.75781, 212350.04688, 292225.9375]	29	-1.9467	-100	327
370.9337	52.95659	1621812.875	89106264	1	2	75	371.94098	52.82727	53.41626	0	0	[42, 43, 44, 45, 46, 47, 48, 49, 50, 51, 52, 53, 54, 55, 56, 57, 58, 59, 60, 61, 62, 63, 64, 65, 66, 67, 68, 69, 70, 71, 72, 73, 74, 75, 76, 77, 78, 79, 80, 81, 82, 83, 84, 85, 86, 87, 88, 89, 90, 91, 92, 93, 94, 95, 96, 97, 98, 99, 100, 101, 102, 103, 104, 105, 106, 107, 108, 109, 110, 111, 112, 113, 114, 115, 116]	[1434005, 819188.0625, 940334.75, 823863.1875, 1353920.75, 979848.4375, 1444423, 1297953.25, 1108715, 1480624.5, 1127287.125, 1562585.125, 1291109, 1347429, 1278967.75, 940728.25, 1621812.875, 943067.75, 1402559.375, 1338526.375, 942391.25, 1179370.875, 1250701.5, 1095306.375, 943069.0625, 1486206.375, 1411014.375, 1134156.25, 720453.25, 705946.5, 1097329.625, 1097837.75, 1230358.875, 1265948.75, 1223885.125, 978293.1875, 1505704.625, 1240665.25, 1239057.25, 1381981.75, 1306481.625, 1150864.375, 1196507.75, 1048700.125, 1036117.25, 1435315.125, 1422790.5, 1132661.25, 1104642.375, 1577885, 1244651.375, 1427934.875, 1242792.75, 1301712.5, 1304762.75, 1376823.875, 1593705.75, 798641.4375, 926769.625, 1375146.375, 795211, 1046238.625, 1249102, 1393115.875, 1055792.5, 922983.25, 1255191.375, 676863.25, 980314, 1352238.125, 763794.8125, 1307619.125, 1281010.625, 1090639.125, 1264650.125]	58	-3.73648	-100	328
2110.53413	53.40141	152273.25	2171369.25	4	2	26	528.64081	53.21347	53.41626	0	0	[91, 92, 93, 94, 95, 96, 97, 98, 99, 100, 101, 102, 103, 104, 105, 106, 107, 108, 109, 110, 111, 112, 113, 114, 115, 116]	[59838.11719, 60941.17188, 97388.27344, 75471.53125, 54388.74219, 57391.35938, 82009.42969, 36252.19922, 81109.09375, 50778.45312, 107879.96094, 62312.64844, 117397.73438, 94102.41406, 109566.85156, 62032.53125, 104946.96875, 53544.72266, 83861.60156, 72168.90625, 115712.94531, 97262.76562, 103536.02344, 152273.25, 89182.82812, 90018.71094]	114	-0.49166	-100	329
385.95	53.26325	4232912	345156896	1	2	117	386.95728	52.45331	53.41626	0	0	[0, 1, 2, 3, 4, 5, 6, 7, 8, 9, 10, 11, 12, 13, 14, 15, 16, 17, 18, 19, 20, 21, 22, 23, 24, 25, 26, 27, 28, 29, 30, 31, 32, 33, 34, 35, 36, 37, 38, 39, 40, 41, 42, 43, 44, 45, 46, 47, 48, 49, 50, 51, 52, 53, 54, 55, 56, 57, 58, 59, 60, 61, 62, 63, 64, 65, 66, 67, 68, 69, 70, 71, 72, 73, 74, 75, 76, 77, 78, 79, 80, 81, 82, 83, 84, 85, 86, 87, 88, 89, 90, 91, 92, 93, 94, 95, 96, 97, 98, 99, 100, 101, 102, 103, 104, 105, 106, 107, 108, 109, 110, 111, 112, 113, 114, 115, 116]	[2300798, 2210008.25, 2730389.5, 2857515.75, 3052361.25, 2996068, 2597522.25, 2265064.5, 2544207.75, 2142986.5, 2933154.75, 3297924.25, 2602765.25, 3250075.75, 3436217, 3227723.75, 2507157.25, 2933385.5, 3021615.75, 2558864.5, 2902854, 2830914, 2828356.75, 2715266.75, 2577518.25, 3487263.5, 3133785.25, 2648232.5, 3231100.75, 4025813, 3524626.25, 2490235, 2735902, 3200906.25, 2368147, 2623474.75, 2920489, 2814339.5, 3744443.25, 998553.9375, 2685107.75, 3110261.5, 3866313, 2086952.625, 2657062.5, 2293605.75, 3254336.5, 2824584, 3243819.5, 3044402.5, 2839376.25, 3376555.25, 2691827.75, 3696303.25, 3625036.25, 2837423, 2951409.75, 2496983.5, 3437357.5, 2466168.75, 3387594.75, 3225739, 2613276.25, 2886569, 3482324.5, 2795350.75, 2303104.25, 4066320.5, 3632493, 2992500.25, 2163231.75, 2640252.75, 2721457.5, 2937732.5, 2796761.25, 3327419, 3039811, 2518000.75, 4069748.25, 3147324, 3480201.25, 3087809.25, 3603457.25, 2877049.75, 3117479, 2950017.75, 2820734, 3855702, 4193886.25, 3353676.25, 2703725.25, 3307808, 3117314.25, 2848061, 2667702.75, 2564030.75, 2721044.75, 3298490, 4232912, 2255737.5, 2346914.75, 3500343.5, 3431196.5, 2681234.25, 2744852.5, 3751939.25, 2439994, 2238968.25, 3002379.75, 2210164.75, 2457855.25, 3595666, 2073358.75, 3318350.25, 3347089.25, 2372534, 3087197.5]	98	-2.93471	-100	330
1922.98385	52.70979	91440.32031	198699.90625	3	2	3	642.00189	52.70083	52.72279	0	0	[29, 30, 31]	[82452.85156, 91440.32031, 24806.73828]	30	-1.65304	-100	331
1588.91469	53.31494	97062.51562	466260.8125	3	2	9	530.64551	53.29732	53.36751	0	0	[102, 103, 104, 105, 106, 107, 108, 109, 110]	[50010.07031, 54268.42188, 97062.51562, 61182.42969, 57023.03125, 23620.19531, 54458.12109, 49874.76562, 18761.26562]	104	-2.81039	-100	332
471.96309	52.70083	567455.8125	15345646	1	2	43	472.97037	52.45331	52.82727	0	0	[0, 1, 2, 3, 4, 5, 6, 7, 8, 9, 10, 11, 12, 13, 14, 15, 16, 17, 18, 19, 20, 21, 22, 23, 24, 25, 26, 27, 28, 29, 30, 31, 32, 33, 34, 35, 36, 37, 38, 39, 40, 41, 42]	[311103.90625, 289358.84375, 314877.03125, 261766.1875, 326846.0625, 390454.21875, 338417.4375, 258247.8125, 331120.90625, 197184.79688, 425359.34375, 365305.3125, 292565.3125, 537459.5, 345478.875, 461665.3125, 274850.3125, 452666.6875, 401334.78125, 292746.65625, 369651.8125, 313308.625, 401096.0625, 375112.78125, 305268.875, 433258.71875, 450526.09375, 350858.71875, 323110.03125, 567455.8125, 390067.28125, 279608.875, 390379.09375, 498602.65625, 339269.71875, 282840.8125, 369506.0625, 418649.71875, 427383.75, 92663.375, 330886.625, 374455.46875, 392873.75]	29	-4.70877	-100	333
404.135	52.95659	558298.125	50630120	1	2	117	405.14227	52.45331	53.41626	0	0	[0, 1, 2, 3, 4, 5, 6, 7, 8, 9, 10, 11, 12, 13, 14, 15, 16, 17, 18, 19, 20, 21, 22, 23, 24, 25, 26, 27, 28, 29, 30, 31, 32, 33, 34, 35, 36, 37, 38, 39, 40, 41, 42, 43, 44, 45, 46, 47, 48, 49, 50, 51, 52, 53, 54, 55, 56, 57, 58, 59, 60, 61, 62, 63, 64, 65, 66, 67, 68, 69, 70, 71, 72, 73, 74, 75, 76, 77, 78, 79, 80, 81, 82, 83, 84, 85, 86, 87, 88, 89, 90, 91, 92, 93, 94, 95, 96, 97, 98, 99, 100, 101, 102, 103, 104, 105, 106, 107, 108, 109, 110, 111, 112, 113, 114, 115, 116]	[383252.15625, 417493.53125, 403397.53125, 371763.3125, 311082.25, 547041.4375, 417866, 383899.4375, 442179.3125, 318000.15625, 417119.28125, 462041.78125, 379334.21875, 395498.40625, 334211.6875, 526541.5625, 412038.21875, 455938.4375, 483388.8125, 464388, 440302.84375, 427012.6875, 425187.46875, 524991.875, 408021.5, 517260.09375, 494311.5, 478932.46875, 375695.0625, 419743.1875, 417890.96875, 363385.09375, 556311.5625, 495180.1875, 465329.625, 333793.25, 459253.53125, 426222.1875, 374834.09375, 162691.125, 426001.5625, 487296.90625, 316464.5625, 383849.40625, 471457.40625, 409981.8125, 449824.0625, 450575.4375, 532818.4375, 512604.5625, 455357.375, 445743.21875, 448423.03125, 515534.53125, 535377.75, 443989.40625, 534990.1875, 451930.34375, 558298.125, 493729.96875, 450631.1875, 452341.375, 433820.65625, 434977.3125, 523634.09375, 430628.59375, 464957.34375, 489263.40625, 415615.0625, 442146.59375, 375817.21875, 248813.57812, 438902.875, 446869.1875, 468533.0625, 533815.6875, 398820.5625, 403938.0625, 413622.84375, 398671.59375, 489508.3125, 532524.1875, 422793.25, 495021.0625, 428246, 373887.03125, 485684.65625, 446411.40625, 351172.28125, 367593.96875, 450548.21875, 471018.625, 445338.96875, 533035.3125, 409733.65625, 472597.34375, 478681.25, 424314.71875, 495215.125, 375513.90625, 433328.78125, 388430.6875, 338289.1875, 88076.42188, 471794, 482604.5, 479708, 386422.375, 503144.96875, 265382.78125, 407440.90625, 380555.0625, 363313.0625, 501238.375, 434800.9375, 398498.78125, 475351.625]	58	-2.2832	-100	334
1250.46053	53.26325	109737.66406	419686.65625	3	2	10	417.82745	53.22899	53.29732	0	0	[93, 94, 95, 96, 97, 98, 99, 100, 101, 102]	[27158.48828, 23101.60352, 21459.47852, 59883.52734, 31463.22656, 109737.66406, 48642.91797, 15541.51465, 56561.20703, 26137.05469]	98	3.23453	-100	335
1137.70611	52.621	18428.80859	50000.41406	3	2	3	380.24265	52.60733	52.621	0	0	[18, 19, 20]	[16201.06836, 15370.53613, 18428.80859]	20	5.739	-100	336
478.93102	52.66554	501682.5	11057895	1	2	39	479.93829	52.45331	52.78476	0	0	[0, 1, 2, 3, 4, 5, 6, 7, 8, 9, 10, 11, 12, 13, 14, 15, 16, 17, 18, 19, 20, 21, 22, 23, 24, 25, 26, 27, 28, 29, 30, 31, 32, 33, 34, 35, 36, 37, 38]	[249599.26562, 172846.14062, 226636.14062, 118512.42188, 287719.25, 303606.875, 253554.34375, 186914.70312, 222544.51562, 95374.33594, 483203.25, 234274, 216203.90625, 350535.84375, 394772.15625, 386827.90625, 221769.29688, 443144.875, 269761.46875, 284247.09375, 289311.3125, 233723.76562, 353624.15625, 294332.75, 176852.54688, 501682.5, 440931.46875, 275388.03125, 149369.67188, 422165.78125, 279753.25, 217533.5, 317188.96875, 434745.03125, 328812.09375, 235850.76562, 157201.89062, 197923.09375, 349457.21875]	25	-0.99224	-100	337
547.28545	53.30325	72163.72656	234234.09375	1	2	5	548.29272	53.28849	53.32662	0	0	[101, 102, 103, 104, 105]	[56860.43359, 52020.21875, 72163.72656, 27441.38477, 25748.32227]	103	-1.27743	-100	338
2879.60444	53.27819	72946.97656	145279.70312	4	2	2	720.90839	53.27819	53.28849	0	0	[100, 101]	[72946.97656, 72332.72656]	100	-2.16156	-100	339
364.94994	52.70083	968759.8125	8423940	1	2	15	365.95721	52.61341	52.74168	0	0	[19, 20, 21, 22, 23, 24, 25, 26, 27, 28, 29, 30, 31, 32, 33]	[320372.09375, 591011.375, 399386.78125, 478602.78125, 467285.0625, 337447.375, 618877.375, 534835.875, 485290.46875, 785789.1875, 968759.8125, 792714.1875, 316148.125, 457899.71875, 869520.4375]	29	-6.06138	-100	340
449.90465	53.17936	695378.5625	55890164	1	2	117	450.91193	52.45331	53.41626	0	0	[0, 1, 2, 3, 4, 5, 6, 7, 8, 9, 10, 11, 12, 13, 14, 15, 16, 17, 18, 19, 20, 21, 22, 23, 24, 25, 26, 27, 28, 29, 30, 31, 32, 33, 34, 35, 36, 37, 38, 39, 40, 41, 42, 43, 44, 45, 46, 47, 48, 49, 50, 51, 52, 53, 54, 55, 56, 57, 58, 59, 60, 61, 62, 63, 64, 65, 66, 67, 68, 69, 70, 71, 72, 73, 74, 75, 76, 77, 78, 79, 80, 81, 82, 83, 84, 85, 86, 87, 88, 89, 90, 91, 92, 93, 94, 95, 96, 97, 98, 99, 100, 101, 102, 103, 104, 105, 106, 107, 108, 109, 110, 111, 112, 113, 114, 115, 116]	[425570.375, 420332.46875, 556299.375, 467704.84375, 409192.90625, 598505.625, 432845.15625, 467285.40625, 461854.59375, 339313.375, 500941, 550573.375, 435822.0625, 366336.21875, 405904.15625, 474818.875, 307879.09375, 448500.25, 522316.4375, 345088.4375, 531949.4375, 454643.71875, 437787.25, 507631.4375, 482302.40625, 440541.96875, 491775.21875, 463265.59375, 505205.21875, 563723.875, 541974.5, 418670.875, 440388.71875, 538496, 400526.9375, 375265.71875, 522638.34375, 580914.5625, 441185.09375, 110402.4375, 543415.1875, 487861.28125, 603547.9375, 359256.8125, 557376.8125, 449162.09375, 637778.8125, 384148.84375, 627264.25, 588784.8125, 517284.25, 589389.25, 502762.9375, 509322.78125, 560958.0625, 397598.6875, 507181.3125, 475160.21875, 499827.65625, 434544.65625, 562701.5, 467371.3125, 371177.96875, 566450.125, 641473.25, 392352.9375, 387369.5, 533224.125, 530588.5625, 485737.59375, 401582.21875, 309775.375, 565761.375, 492182.40625, 519153.34375, 505537.5, 593645, 400257.03125, 511511.46875, 540201.0625, 530851.4375, 548058.6875, 482701.5625, 502900.5625, 520163.25, 432198.65625, 542046.5625, 695378.5625, 386491.65625, 478969.8125, 445076.28125, 592194.375, 441950.53125, 421698.9375, 506054.4375, 540915.8125, 389273.375, 561348.125, 540505.75, 334135.90625, 400123, 592924.75, 341634.0625, 241871.53125, 500563.09375, 546518.25, 468807.84375, 422341.09375, 543135.5, 315206.40625, 429266.6875, 509569.71875, 385507.0625, 595621.3125, 523200.40625, 442856.25, 541049.75]	87	-2.56776	-100	341
2658.07737	53.0379	27431.82422	54502.07422	6	2	2	444.02017	53.0379	53.04385	0	0	[67, 68]	[27431.82422, 27070.25]	67	6.22832	-100	342
799.52945	52.66554	399138.1875	18313476	2	2	68	400.772	52.45331	53.0379	0	0	[0, 1, 2, 3, 4, 5, 6, 7, 8, 9, 10, 11, 12, 13, 14, 15, 16, 17, 18, 19, 20, 21, 22, 23, 24, 25, 26, 27, 28, 29, 30, 31, 32, 33, 34, 35, 36, 37, 38, 39, 40, 41, 42, 43, 44, 45, 46, 47, 48, 49, 50, 51, 52, 53, 54, 55, 56, 57, 58, 59, 60, 61, 62, 63, 64, 65, 66, 67]	[221935.26562, 263158.5, 281649.40625, 223667.65625, 168242.10938, 353530.96875, 270672.8125, 236431.95312, 275784.9375, 223942.375, 333649.46875, 346910.03125, 266786.21875, 213398.79688, 287549.625, 319436.40625, 232022.26562, 303088.21875, 271516.25, 269824.625, 268678.03125, 305056.5, 290712.3125, 366737.125, 352445.6875, 399138.1875, 326365.3125, 299454.40625, 347263.28125, 385488.46875, 378300.1875, 326560.28125, 377137.59375, 255157.29688, 213796.5625, 334726.875, 341215.59375, 281503.1875, 260089.92188, 72898.53125, 272749.375, 297292, 320253.03125, 182317.92188, 215872.78125, 195743.64062, 282809.03125, 229018.21875, 252776.07812, 229614.29688, 255889.8125, 188820.70312, 217233.70312, 237629.96875, 253157.78125, 286881.5625, 215374.92188, 272174.34375, 309839.90625, 186396.53125, 248084.92188, 279340.9375, 229933.76562, 230930.92188, 230235.625, 225672.57812, 208818, 212689.39062]	25	-0.46498	-100	343
1939.38422	52.54578	67663.26562	333554.78125	4	2	6	485.85333	52.54578	52.58808	0	0	[11, 12, 13, 14, 15, 16]	[67663.26562, 23039.70898, 67329.89844, 52210.21875, 60691.64844, 62620.02734]	11	1.04622	-100	344
1136.70251	52.70083	97092.64062	183871.8125	3	2	4	379.90811	52.70083	52.73576	0	0	[29, 30, 31, 32]	[97092.64062, 12670.47949, 19267.52344, 54841.17969]	29	0.80654	-100	345
537.15618	52.89437	824874.75	42666276	1	2	95	538.16345	52.63889	53.41626	0	0	[22, 23, 24, 25, 26, 27, 28, 29, 30, 31, 32, 33, 34, 35, 36, 37, 38, 39, 40, 41, 42, 43, 44, 45, 46, 47, 48, 49, 50, 51, 52, 53, 54, 55, 56, 57, 58, 59, 60, 61, 62, 63, 64, 65, 66, 67, 68, 69, 70, 71, 72, 73, 74, 75, 76, 77, 78, 79, 80, 81, 82, 83, 84, 85, 86, 87, 88, 89, 90, 91, 92, 93, 94, 95, 96, 97, 98, 99, 100, 101, 102, 103, 104, 105, 106, 107, 108, 109, 110, 111, 112, 113, 114, 115, 116]	[339563.59375, 316616.53125, 367503.46875, 364379.125, 434575.25, 488141.71875, 668180.875, 446462.9375, 588042.375, 354911.1875, 413273.03125, 416684.40625, 372513.84375, 361851.5625, 498135.125, 534573.1875, 441358.0625, 306754.28125, 522508.75, 531100.0625, 566695.125, 342006.34375, 418088.09375, 344882, 467403.15625, 405883.875, 463994.9375, 484527.4375, 824874.75, 521367.9375, 353440.21875, 615040.9375, 620135.3125, 303640.5625, 613885.9375, 373338.125, 503630.1875, 370356.6875, 503081.1875, 473962.3125, 374445.1875, 334061.53125, 568629.1875, 375176.25, 316665.3125, 548737.3125, 635473.4375, 425753.46875, 307411.75, 293394.96875, 442758.4375, 360181, 395675.90625, 586730.6875, 590263.3125, 416246.125, 529851.3125, 421611.9375, 486537.5625, 442506.34375, 424729.4375, 396054.21875, 547735.1875, 523809.15625, 444269.0625, 563762.0625, 447464.84375, 649404.1875, 416400.125, 488509.9375, 478577.71875, 397543.46875, 465975.59375, 453518.3125, 472206.875, 597084.5625, 489896.78125, 346254.71875, 332936.375, 585293.125, 315014.71875, 311169.09375, 455778.28125, 624848.1875, 356207.6875, 303325.9375, 428998.0625, 234142.34375, 389417.1875, 494757.21875, 286989.71875, 458210.5625, 519258.1875, 298992.40625, 478257.875]	50	-5.8515	-100	346
2024.9507	53.1942	67496.48438	194612.79688	3	2	3	675.99084	53.1942	53.21347	0	0	[89, 90, 91]	[67496.48438, 66668.76562, 60447.55078]	89	-2.21002	-100	347
1353.72533	53.40141	61953.41016	184755.84375	3	2	5	452.24905	53.38512	53.41626	0	0	[112, 113, 114, 115, 116]	[46054.34766, 25235.76758, 61953.41016, 27956.70898, 23555.61719]	114	-2.56207	-100	348
400.96651	52.95659	1224140.875	26325420	1	2	30	401.97379	52.83323	53.07027	0	0	[43, 44, 45, 46, 47, 48, 49, 50, 51, 52, 53, 54, 55, 56, 57, 58, 59, 60, 61, 62, 63, 64, 65, 66, 67, 68, 69, 70, 71, 72]	[664939.875, 809558.1875, 671626.9375, 978662.3125, 715895.375, 1108277.25, 983776.8125, 865306.625, 1086551.875, 809674.4375, 1147715, 1005447.375, 1038679.125, 914549.5625, 732281.25, 1224140.875, 756021.125, 1099012.875, 819222.6875, 669777.375, 858148.625, 968264.4375, 769653.8125, 731521.5625, 1152616.375, 1054953.375, 911723.1875, 551747.9375, 443125.0625, 782545.875]	58	0	-100	349
493.06612	53.41626	422794.875	12593758	1	2	71	494.07339	52.86425	53.41626	0	0	[46, 47, 48, 49, 50, 51, 52, 53, 54, 55, 56, 57, 58, 59, 60, 61, 62, 63, 64, 65, 66, 67, 68, 69, 70, 71, 72, 73, 74, 75, 76, 77, 78, 79, 80, 81, 82, 83, 84, 85, 86, 87, 88, 89, 90, 91, 92, 93, 94, 95, 96, 97, 98, 99, 100, 101, 102, 103, 104, 105, 106, 107, 108, 109, 110, 111, 112, 113, 114, 115, 116]	[26720.63281, 18256.87891, 31596.65234, 21394.73828, 25513.08203, 60857.16406, 51489.63281, 63498.43359, 58443.14062, 94523.07812, 55878.51562, 61042.02344, 99547.70312, 55662.75781, 76055.10156, 83638.17969, 73015.42969, 83123.84375, 81837.40625, 87537.35156, 77139.00781, 109506.03906, 91841.875, 113384.98438, 79600.86719, 59785.54297, 122992.05469, 96412.89062, 123039.92969, 145019.39062, 154833.57812, 117425.96875, 187921.5625, 173682.25, 180851.9375, 252916.28125, 162547.46875, 168099.59375, 165397.71875, 209138.03125, 186995.79688, 284479.03125, 213906.90625, 261532.9375, 201762.15625, 291774.21875, 268469.25, 309565.125, 232574.625, 270718.0625, 244231.21875, 259994.125, 379641.21875, 180973.07812, 193383.71875, 318455.1875, 194134.64062, 269879.4375, 350265.1875, 321513.125, 295505.90625, 220184.34375, 315980.71875, 137944.40625, 267314.96875, 411398.8125, 261319.53125, 410605.34375, 280313.59375, 334979, 422794.875]	116	-1.49293	-100	350
2261.75474	52.81844	16822.08594	40718.25	6	2	3	377.9664	52.81844	52.83323	0	0	[41, 42, 43]	[16822.08594, 16600.74609, 7295.41699]	41	1.72825	-100	351
544.88085	52.51793	326144.875	4191219	1	2	16	545.88812	52.45331	52.58212	0	0	[0, 1, 2, 3, 4, 5, 6, 7, 8, 9, 10, 11, 12, 13, 14, 15]	[227121.04688, 272115.84375, 307758.46875, 317613.40625, 190065.20312, 284982.46875, 284178.3125, 223319.48438, 326144.875, 241375.375, 293034.90625, 292583.65625, 304477.53125, 186520.6875, 226186, 213741.46875]	8	3.39002	-100	352
400.06377	53.23493	55729.28125	133851.875	1	2	4	401.07104	53.22235	53.24254	0	0	[92, 93, 94, 95]	[21665.89844, 13200.86426, 55729.28125, 43255.82812]	94	4.17233	-100	353
402.94817	52.70083	7111272.5	206630720	1	2	42	403.95544	52.45331	52.81844	0	0	[0, 1, 2, 3, 4, 5, 6, 7, 8, 9, 10, 11, 12, 13, 14, 15, 16, 17, 18, 19, 20, 21, 22, 23, 24, 25, 26, 27, 28, 29, 30, 31, 32, 33, 34, 35, 36, 37, 38, 39, 40, 41]	[4133649.75, 3661324.75, 4738807, 4191650, 5100824.5, 5169963.5, 4299137.5, 4038887.25, 4607636, 3193042, 5798126.5, 5217590, 4333434.5, 6398758.5, 6024398.5, 5901414, 4094685.5, 5675750.5, 5377591, 4327097, 5217882, 4992226, 5191845.5, 5420377, 4364697.5, 6597710, 5522821, 4784278, 5178049.5, 7111272.5, 5536284, 4215043, 4517973, 6131225, 4558476.5, 4101268, 5063797, 4819908.5, 5872082.5, 1594271.625, 4492693.5, 5062768.5]	29	-2.75189	-100	354
1627.5395	53.21347	142150.75	2172217.5	4	2	29	407.89215	53.0009	53.21347	0	0	[63, 64, 65, 66, 67, 68, 69, 70, 71, 72, 73, 74, 75, 76, 77, 78, 79, 80, 81, 82, 83, 84, 85, 86, 87, 88, 89, 90, 91]	[18788.95898, 80607.94531, 50084.51172, 26175.75977, 132618.35938, 106590.44531, 61521.00391, 58783.80469, 28485.41602, 49440.09375, 72300.01562, 64384.26562, 106132.38281, 27003.10938, 77532.96094, 122393.25781, 81200.64062, 91470.20312, 135102.10938, 77862.10938, 53245.51172, 74467.375, 54820.33203, 41623.88672, 92689.92969, 91972.96875, 87570.04688, 65199.17578, 142150.75]	91	5.80213	-100	355
2099.08425	53.22899	91940.17969	453866.3125	3	2	7	700.70203	53.22235	53.26325	0	0	[92, 93, 94, 95, 96, 97, 98]	[60166.58594, 91940.17969, 72723.22656, 62867.31641, 44541.23047, 47578.4375, 74049.33594]	93	-0.32218	-100	356
2597.27427	53.37916	25732.01367	82951.26562	6	2	4	433.88632	53.34909	53.37916	0	0	[108, 109, 110, 111]	[21466.75, 17142.78711, 18609.71484, 25732.01367]	111	1.48793	-100	357
1949.52065	53.14882	24200.70312	79556.00781	5	2	4	390.91141	53.14882	53.16907	0	0	[83, 84, 85, 86]	[24200.70312, 17718.14844, 15394.53223, 22242.625]	83	-6.95835	-100	358
516.8181	53.30325	140287.90625	475669.875	1	2	6	517.82538	53.30325	53.34909	0	0	[103, 104, 105, 106, 107, 108]	[140287.90625, 55567.82422, 122363.96094, 72607.04688, 20228.11328, 64615.01562]	103	-1.89763	-100	359
1294.75608	52.95659	232199.23438	6176812.5	2	2	46	648.38531	52.65658	53.05422	0	0	[24, 25, 26, 27, 28, 29, 30, 31, 32, 33, 34, 35, 36, 37, 38, 39, 40, 41, 42, 43, 44, 45, 46, 47, 48, 49, 50, 51, 52, 53, 54, 55, 56, 57, 58, 59, 60, 61, 62, 63, 64, 65, 66, 67, 68, 69]	[63282.76172, 71883.80469, 88852.6875, 65305.20312, 95167.80469, 136179.75, 130940.60156, 101838.02344, 141260.07812, 165955.1875, 104023.53906, 129995.67188, 181553.9375, 212236.53125, 154852.32812, 57875.98438, 174601.03125, 222446.0625, 155658.25, 126756.23438, 184008.51562, 146987.60938, 202893.35938, 162228.8125, 128313.4375, 219352.875, 187102.34375, 205833.95312, 89431.14062, 202704.51562, 164801.95312, 130457.625, 152027.23438, 137901.20312, 232199.23438, 97604.46875, 143765.375, 104083.23438, 111818.61719, 144899.29688, 115096.50781, 51447.25, 70443.94531, 84827.85938, 63425.67188, 62492.02344]	58	-1.62808	-100	360
2214.41758	53.12135	27173.82422	61214.89062	6	2	3	370.07687	53.12135	53.1339	0	0	[79, 80, 81]	[27173.82422, 18936.66602, 15104.40039]	79	5.876	-100	361
2033.94924	52.75836	59685.87109	170670.6875	3	2	4	678.99036	52.75836	52.78476	0	0	[35, 36, 37, 38]	[59685.87109, 56645.22656, 25740.11523, 28599.48633]	35	-0.16888	-100	362
2909.5742	53.00682	23802.3418	43070.10547	6	2	2	485.93631	53.00682	53.01995	0	0	[64, 65]	[23802.3418, 19267.76367]	64	3.41766	-100	363
1443.63264	53.04385	28630.13086	57065.98047	4	2	3	361.91544	53.04385	53.06014	0	0	[68, 69, 70]	[28630.13086, 17487.50977, 10948.33887]	68	-0.54229	-100	364
3490.57977	52.78476	29827.50586	48234.59766	5	2	2	699.12323	52.78476	52.79515	0	0	[38, 39]	[29827.50586, 18407.0918]	38	-3.55706	-100	365
1311.75655	52.70083	87907.14844	491804.28125	3	2	11	438.25946	52.63889	52.73576	0	0	[22, 23, 24, 25, 26, 27, 28, 29, 30, 31, 32]	[17324.33594, 15867.60645, 21305.07812, 77906.10938, 55755.46875, 16953.5332, 83004.21094, 87907.14844, 26380.38477, 71280.0625, 18120.33203]	29	0.16277	-100	366
1700.94797	52.58212	74445.38281	293683.59375	2	2	6	851.48126	52.57346	52.61341	0	0	[14, 15, 16, 17, 18, 19]	[46472.08984, 74445.38281, 21049.58398, 53184.25781, 54017.85156, 44514.43359]	15	-1.14225	-100	367
467.38307	52.79515	601083.9375	1015978.75	1	2	8	468.39035	52.74671	52.81844	0	0	[34, 35, 36, 37, 38, 39, 40, 41]	[26772.98633, 112357.77344, 64893.26172, 80649.22656, 23672.19336, 601083.9375, 76804.75, 29744.62891]	39	-0.07351	-100	368
2145.28486	53.40141	72280.39844	193905.40625	4	2	3	537.32849	53.40141	53.41626	0	0	[114, 115, 116]	[72280.39844, 51231.36328, 70393.64062]	114	-0.71969	-100	369
505.91466	52.69494	253068.625	2338699.5	1	2	14	506.92194	52.63889	52.75836	0	0	[22, 23, 24, 25, 26, 27, 28, 29, 30, 31, 32, 33, 34, 35]	[117785.70312, 148729.32812, 131726.5, 143452.95312, 236905.35938, 146752.125, 253068.625, 237376.46875, 175932.375, 115015.94531, 154582.9375, 168224.84375, 149737.89062, 159408.14062]	28	0.78362	-100	370
2255.53135	53.1127	21479.20898	31114.47656	6	2	2	376.92917	53.1127	53.12135	0	0	[78, 79]	[21479.20898, 9635.26855]	78	-7.04362	-100	371
2414.41918	53.00682	75268.82031	118808.21094	5	2	3	483.89111	53.0009	53.01995	0	0	[63, 64, 65]	[25273.7832, 75268.82031, 18265.60742]	64	-5.68485	-100	372
444.95754	52.70083	4279684	376432000	1	2	117	445.96481	52.45331	53.41626	0	0	[0, 1, 2, 3, 4, 5, 6, 7, 8, 9, 10, 11, 12, 13, 14, 15, 16, 17, 18, 19, 20, 21, 22, 23, 24, 25, 26, 27, 28, 29, 30, 31, 32, 33, 34, 35, 36, 37, 38, 39, 40, 41, 42, 43, 44, 45, 46, 47, 48, 49, 50, 51, 52, 53, 54, 55, 56, 57, 58, 59, 60, 61, 62, 63, 64, 65, 66, 67, 68, 69, 70, 71, 72, 73, 74, 75, 76, 77, 78, 79, 80, 81, 82, 83, 84, 85, 86, 87, 88, 89, 90, 91, 92, 93, 94, 95, 96, 97, 98, 99, 100, 101, 102, 103, 104, 105, 106, 107, 108, 109, 110, 111, 112, 113, 114, 115, 116]	[2726100.5, 2602828, 2966921.25, 2481787.5, 2931104.5, 3689351.25, 2896356, 2546993.75, 2900381.75, 2119417.25, 3415802, 3416265.5, 2809510.75, 3770726.25, 3309586.25, 3973109.25, 2670547.5, 3831808.5, 3529358.5, 2780898, 3391981.5, 3250264, 3556203.25, 3504785, 2887618, 4029392.5, 3525682.75, 3085584, 3431932.5, 4279684, 3448020, 2805887.75, 3306521, 4190958.25, 3074089, 2834008.25, 3451700.25, 3493446.5, 3652654.5, 1009847.25, 2975598.5, 3407725, 3526677.25, 2461073.25, 2968539, 2744903, 3501819.75, 2889442, 3625766, 3526081.5, 3027060.75, 3930350.25, 3298263.25, 4021878.25, 3357408.25, 3398160, 3487453.25, 3004221.75, 4192629.5, 2999292.75, 4046569.5, 3156653, 2870871, 3040618, 3522347.75, 3005589.5, 2790667.5, 3811692.75, 3698681.5, 3352433, 2422114.5, 1914296.625, 3163426.25, 3171303.25, 3171576.25, 3658160.25, 3061424.25, 2756825.25, 3596119.25, 3547301.5, 3402973, 3784239.25, 3395221.75, 3279357.25, 3315409, 2957193, 2911932.5, 3907113.75, 3800483.25, 3312103.5, 3041141.25, 4061139, 3396030, 3416885, 3134673.25, 3334858.25, 3437444.5, 3518872.75, 4212869, 2472061, 2528810.75, 3656390, 2376489, 3071895, 3025557.75, 3619602.5, 3092464.5, 2350868, 3182874, 1925857, 2769675, 3497500.25, 2441467, 3538460.75, 3209818, 2955118.5, 3414981.75]	29	-0.79106	-100	373
1773.78965	52.57346	76246.64844	301385.8125	2	2	6	887.9021	52.52826	52.57346	0	0	[9, 10, 11, 12, 13, 14]	[42366.68359, 22870.3125, 48302.53906, 45557.50391, 66042.14062, 76246.64844]	14	0.16938	-100	374
475.90468	53.3955	264445.25	2047404.75	1	2	10	476.91196	53.34312	53.41626	0	0	[107, 108, 109, 110, 111, 112, 113, 114, 115, 116]	[140295.60938, 211170.32812, 201996.70312, 232731.07812, 204824.23438, 154333.10938, 264445.25, 218593.95312, 194453.6875, 224560.70312]	113	-5.36612	-100	375
3095.68597	53.1942	50855.16406	99290.57812	5	2	2	620.14447	53.18824	53.1942	0	0	[88, 89]	[48435.41016, 50855.16406]	89	-7.1604	-100	376
2044.31771	52.89437	24047.76172	45516.78516	5	2	2	409.87082	52.8854	52.89437	0	0	[49, 50]	[21469.02344, 24047.76172]	50	-4.50097	-100	377
378.96471	52.92554	79685.75	117465.57812	1	2	2	379.97198	52.91945	52.92554	0	0	[53, 54]	[37779.82812, 79685.75]	54	5.3279	-100	378
542.88524	52.77719	78762.0625	185176.67188	1	2	3	543.89252	52.77126	52.78476	0	0	[36, 37, 38]	[56919.01562, 78762.0625, 49495.59375]	37	-5.75946	-100	379
2064.54141	52.94309	31040.17969	58701.75781	5	2	2	413.91556	52.94309	52.94903	0	0	[56, 57]	[31040.17969, 27661.57617]	56	3.28204	-100	380
2235.29428	52.53982	66768.875	184478.53125	5	2	5	448.06613	52.50758	52.54578	0	0	[7, 8, 9, 10, 11]	[17514.63867, 24575.98242, 35899.69141, 66768.875, 39719.34375]	10	-6.61607	-100	381
1293.68979	53.15384	77083.51562	422663.8125	2	2	7	647.85217	53.1127	53.15384	0	0	[78, 79, 80, 81, 82, 83, 84]	[70213.63281, 54380.28516, 30161.46875, 61628.67578, 69759.90625, 59436.35547, 77083.51562]	84	0.72448	-100	382
2909.47075	52.57346	25494.70117	67749.42188	6	2	3	485.91907	52.57346	52.58808	0	0	[14, 15, 16]	[25494.70117, 24483.88086, 17770.83789]	14	-0.20926	-100	383
407.89629	53.40141	177068.75	552712.1875	1	2	4	408.90356	53.3955	53.41626	0	0	[113, 114, 115, 116]	[136624.5625, 177068.75, 83966.09375, 155052.78125]	114	-3.96324	-100	384
398.92116	52.56754	2032708.5	38773512	1	2	38	399.92844	52.45331	52.77719	0	0	[0, 1, 2, 3, 4, 5, 6, 7, 8, 9, 10, 11, 12, 13, 14, 15, 16, 17, 18, 19, 20, 21, 22, 23, 24, 25, 26, 27, 28, 29, 30, 31, 32, 33, 34, 35, 36, 37]	[679834.0625, 468109.53125, 849709.625, 651789.625, 1371146.125, 1200076.125, 769730.5625, 616717.4375, 703532.9375, 421832.53125, 1017395.9375, 809637.875, 690706.875, 2032708.5, 1702367.375, 1304292.875, 621650.4375, 1414977.625, 1202161.75, 747556.8125, 1069684, 815680.5, 1321136.625, 969278.4375, 719804.5, 1469141.125, 1094980.75, 821112.8125, 1108319.75, 1929585, 1189294.875, 854147.75, 1066095.375, 1541930.75, 881594.625, 650295.375, 935493.4375, 1060003.5]	13	-2.14165	-100	385
1408.48549	53.24254	221158.21875	4799930.5	3	2	47	470.50244	53.05422	53.41034	0	0	[69, 70, 71, 72, 73, 74, 75, 76, 77, 78, 79, 80, 81, 82, 83, 84, 85, 86, 87, 88, 89, 90, 91, 92, 93, 94, 95, 96, 97, 98, 99, 100, 101, 102, 103, 104, 105, 106, 107, 108, 109, 110, 111, 112, 113, 114, 115]	[45989.83203, 19967.51172, 15481.21191, 44528.42578, 102361.6875, 108873.65625, 104421.35156, 119239.34375, 50853.32031, 66495.10156, 94475.39844, 108359.95312, 114939.49219, 29820.22266, 105729.03125, 111279.75, 94019.03125, 92813.67969, 122335.10938, 120940.44531, 111489.30469, 96554.61719, 191063.45312, 139871.54688, 203722.25, 158620.375, 221158.21875, 136335.92188, 113681.04688, 106988.6875, 166110.51562, 117745.84375, 183903.45312, 155331.54688, 53166.4375, 143510.48438, 119203.39062, 152762.26562, 127027.14844, 87849.64062, 34237.92578, 75987.67188, 32557.09961, 58064.98047, 64795.08984, 26035.7832, 49232.66797]	95	-2.34137	-100	386
1535.83432	52.95659	63854.45703	86799.9375	2	2	2	768.92444	52.95659	52.96548	0	0	[58, 59]	[63854.45703, 22945.48438]	58	-0.07005	-100	387
1939.38349	53.1339	65632.75	309099.65625	4	2	8	485.85315	53.1127	53.16146	0	0	[78, 79, 80, 81, 82, 83, 84, 85]	[32108.44531, 26109.74023, 51312.03125, 65632.75, 24891.42969, 63136.89453, 29187.88086, 16720.47461]	81	0.90672	-100	388
611.17589	53.32662	283196.84375	6474258.5	1	2	38	612.18317	53.07027	53.36084	0	0	[72, 73, 74, 75, 76, 77, 78, 79, 80, 81, 82, 83, 84, 85, 86, 87, 88, 89, 90, 91, 92, 93, 94, 95, 96, 97, 98, 99, 100, 101, 102, 103, 104, 105, 106, 107, 108, 109]	[133979.45312, 101346.33594, 146735.9375, 182552.70312, 195928.42188, 143446.39062, 226622.54688, 145592.98438, 197348.29688, 169608.76562, 190426.6875, 178143.8125, 177889.125, 181078.3125, 169317.59375, 200177.34375, 176507.09375, 261551.29688, 172085.09375, 189346.6875, 177130.57812, 133135.60938, 160493.45312, 200999.34375, 189640.95312, 225096.85938, 239955.48438, 149570.42188, 138067.78125, 159908.125, 126576.51562, 94615.71875, 163285.29688, 283196.84375, 145062.70312, 115945.53906, 148242.98438, 83649.71875]	105	-4.23385	-100	389
1841.79964	53.00682	88417.21094	352667.0625	3	2	7	614.94049	52.992	53.04385	0	0	[62, 63, 64, 65, 66, 67, 68]	[53804.46094, 57651.27344, 88417.21094, 22798.58398, 45734.34375, 32246.80469, 52014.39062]	64	0.58776	-100	390
2280.39863	52.65047	71399.94531	206561.28125	4	2	4	571.10693	52.63889	52.66554	0	0	[22, 23, 24, 25]	[61510.61719, 71399.94531, 47988.00391, 25662.71094]	23	-1.4231	-100	391
617.22808	52.46841	244772.9375	4706783.5	1	2	35	618.23535	52.45331	52.74671	0	0	[0, 1, 2, 3, 4, 5, 6, 7, 8, 9, 10, 11, 12, 13, 14, 15, 16, 17, 18, 19, 20, 21, 22, 23, 24, 25, 26, 27, 28, 29, 30, 31, 32, 33, 34]	[165992.79688, 178750.90625, 244772.9375, 158049.78125, 222217.40625, 240479.9375, 220888.71875, 145579.76562, 177185.34375, 111255.96094, 230512.26562, 163817.125, 152538.8125, 161038.0625, 180681.21875, 129751.4375, 88243.67188, 153347.89062, 128234.13281, 113687.57031, 128641.46094, 153847.82812, 112381.98438, 76893.65625, 111916.74219, 118822.41406, 99206.17969, 91380.52344, 63923.44531, 104979.90625, 53678.15625, 80755.50781, 57769.82031, 57481.91016, 28077.62109]	2	0	-100	392
416.01006	53.37916	100359.95312	690165.5625	1	2	10	417.01733	53.34312	53.41626	0	0	[107, 108, 109, 110, 111, 112, 113, 114, 115, 116]	[63076.13281, 91399.25, 16016.32324, 74937.84375, 100359.95312, 52342.15234, 55343.5, 79193.17969, 68257.33594, 89239.91406]	111	1.2245	-100	393
1763.78261	52.95659	146683.32812	1892006.875	3	2	23	588.93481	52.90324	53.07922	0	0	[51, 52, 53, 54, 55, 56, 57, 58, 59, 60, 61, 62, 63, 64, 65, 66, 67, 68, 69, 70, 71, 72, 73]	[108085.58594, 71597.28906, 115813.60156, 71251.58594, 90623.75, 134575.28125, 84163.64062, 146683.32812, 88778.84375, 57523.21875, 69517.79688, 76168.57812, 91064.46094, 78579.29688, 75496.46094, 90476.28906, 30142.30469, 103024.75, 112500.53125, 61941.80078, 59347.08984, 24191.57422, 50459.87109]	58	1.14968	-100	394
1629.95907	53.1127	206113.96875	5735646.5	3	2	44	544.32697	52.95659	53.28849	0	0	[58, 59, 60, 61, 62, 63, 64, 65, 66, 67, 68, 69, 70, 71, 72, 73, 74, 75, 76, 77, 78, 79, 80, 81, 82, 83, 84, 85, 86, 87, 88, 89, 90, 91, 92, 93, 94, 95, 96, 97, 98, 99, 100, 101]	[120292.64062, 81364.79688, 150574.32812, 126323.70312, 147871.26562, 124810.94531, 148858.54688, 72727.14062, 81006.58594, 142048.73438, 141185.0625, 170112.23438, 143566.76562, 104998.64844, 109310.16406, 188366.15625, 194281.98438, 135664.78125, 110958.91406, 146596.40625, 206113.96875, 107070.19531, 149979.10938, 175134.84375, 139009.07812, 154667.71875, 158445.25, 131286.34375, 126170.10156, 180925.98438, 158720.53125, 98301.83594, 80052.78906, 141317.92188, 142270.71875, 163089.3125, 117989.05469, 147005.17188, 87924.53125, 94870.40625, 95350.42969, 110220.29688, 60087.32031, 68723.46875]	78	0.70569	-100	395
1372.77352	52.70083	132663.84375	978667.375	3	2	14	458.59845	52.621	52.74168	0	0	[20, 21, 22, 23, 24, 25, 26, 27, 28, 29, 30, 31, 32, 33]	[24045.24414, 22821.23828, 50201.90625, 55026.27734, 50308.4375, 92607.82031, 73356.08594, 55258.58203, 76863.00781, 132663.84375, 107340.78906, 86844.46094, 93842.17969, 57487.41016]	29	0.15207	-100	396
398.92116	52.91945	1560136.625	21024340	1	2	22	399.92844	52.78476	52.96548	0	0	[38, 39, 40, 41, 42, 43, 44, 45, 46, 47, 48, 49, 50, 51, 52, 53, 54, 55, 56, 57, 58, 59]	[1133370.125, 276251.8125, 835144.625, 975581.5, 1384619.25, 498896.375, 572545.9375, 619490.25, 859049.5625, 648363.5, 1157473.625, 993639.4375, 868251.4375, 1285324.125, 1010746.4375, 1560136.625, 1196038.875, 1282899, 978152.4375, 743015.1875, 1485285.375, 660064.25]	53	-2.51411	-100	397
1528.78698	52.60733	52305.87891	94623.11719	3	2	3	510.60294	52.60733	52.621	0	0	[18, 19, 20]	[52305.87891, 16945.30273, 25371.93945]	18	-0.19418	-100	398
841.50241	53.0379	65610.60938	90483.79688	2	2	2	421.75848	53.0379	53.04385	0	0	[67, 68]	[65610.60938, 24873.1875]	67	0.6892	-100	399
2280.39008	52.4941	58935.44922	82275.44531	4	2	2	571.1048	52.48818	52.4941	0	0	[4, 5]	[23339.99805, 58935.44922]	5	1.97046	-100	400
400.91609	52.56754	33243708	628416832	1	2	38	401.92337	52.45331	52.77719	0	0	[0, 1, 2, 3, 4, 5, 6, 7, 8, 9, 10, 11, 12, 13, 14, 15, 16, 17, 18, 19, 20, 21, 22, 23, 24, 25, 26, 27, 28, 29, 30, 31, 32, 33, 34, 35, 36, 37]	[10641676, 8637346, 13029828, 10124865, 22115544, 18727772, 13623562, 10365600, 10953798, 7158233, 15554780, 14080738, 11079248, 33243708, 28588772, 21521604, 11149938, 21593448, 19584574, 11318679, 17580514, 14223098, 20575442, 16574686, 11340735, 24663590, 17552286, 13350761, 17335620, 30631454, 19767382, 12946166, 16421025, 26228166, 13468035, 10940822, 15272402, 16450923]	13	-6.00759	-100	401
1094.60361	52.62862	80683.46875	150389.125	2	2	3	548.30908	52.621	52.63889	0	0	[20, 21, 22]	[29509.72266, 80683.46875, 40195.93359]	21	1.16284	-100	402
2261.41929	53.14882	122009.00781	2231053	6	2	34	377.91049	53.04385	53.28849	0	0	[68, 69, 70, 71, 72, 73, 74, 75, 76, 77, 78, 79, 80, 81, 82, 83, 84, 85, 86, 87, 88, 89, 90, 91, 92, 93, 94, 95, 96, 97, 98, 99, 100, 101]	[59458.18359, 96995.55469, 87659.0625, 46554.25391, 61639.84766, 46974.41797, 54463.14844, 105074.27344, 110688.36719, 19501.12695, 62085.23828, 69105, 67113.72656, 47612.89453, 77699.24219, 122009.00781, 15509.41504, 74821.82812, 73714.08594, 80464.05469, 57865.27344, 68079.76562, 49032.28516, 49735.09766, 66310.53906, 23761.99414, 70894.33594, 61623.44531, 58721.77734, 109437.9375, 57348.23047, 47069.6875, 61979.26172, 70050.42188]	83	6.40611	-100	403
2380.32172	52.46841	176480.59375	3433181	4	2	37	596.08771	52.45331	52.77126	0	0	[0, 1, 2, 3, 4, 5, 6, 7, 8, 9, 10, 11, 12, 13, 14, 15, 16, 17, 18, 19, 20, 21, 22, 23, 24, 25, 26, 27, 28, 29, 30, 31, 32, 33, 34, 35, 36]	[82581.6875, 116965.27344, 176480.59375, 74835.77344, 127613.82031, 145893.95312, 100363.36719, 60583.86328, 59697.02344, 41903.85938, 150621.1875, 107678.14062, 145215.82812, 107252.67188, 27017.19922, 98610.15625, 92583.19531, 94843.65625, 90848.20312, 66131.46875, 114742.90625, 110205.44531, 146769.51562, 100688.60156, 74683.14062, 75559.5, 50132.6875, 61359.24609, 90112.78125, 66348.42969, 86066.92969, 64066.05859, 90117.13281, 125084.89062, 22494.85156, 75020.66406, 112006.86719]	2	1.74528	-100	404
1984.41796	52.69494	49084.89844	61942.19141	5	2	2	397.89087	52.68333	52.69494	0	0	[27, 28]	[12857.29395, 49084.89844]	28	0.94113	-100	405
1862.0024	52.48818	73967.91406	278930.34375	3	2	6	621.67474	52.45331	52.4941	0	0	[0, 1, 2, 3, 4, 5]	[64944.04688, 18908.9668, 51816.16406, 21859.47461, 73967.91406, 47433.78906]	4	-0.67462	-100	406
2220.31468	53.33276	44684.64453	85747.28125	6	2	3	371.05972	53.32662	53.34312	0	0	[105, 106, 107]	[28488.29297, 44684.64453, 12574.3457]	106	3.65792	-100	407
2243.43925	53.32662	26439.17773	145172.96875	6	2	7	374.91382	53.31494	53.36751	0	0	[104, 105, 106, 107, 108, 109, 110]	[15990.34766, 26439.17773, 25078.99805, 21554.10938, 18523.10742, 13696.4541, 23890.76758]	105	5.7627	-100	408
427.90013	53.26325	2461088.75	130300416	1	2	75	428.90741	52.82727	53.41626	0	0	[42, 43, 44, 45, 46, 47, 48, 49, 50, 51, 52, 53, 54, 55, 56, 57, 58, 59, 60, 61, 62, 63, 64, 65, 66, 67, 68, 69, 70, 71, 72, 73, 74, 75, 76, 77, 78, 79, 80, 81, 82, 83, 84, 85, 86, 87, 88, 89, 90, 91, 92, 93, 94, 95, 96, 97, 98, 99, 100, 101, 102, 103, 104, 105, 106, 107, 108, 109, 110, 111, 112, 113, 114, 115, 116]	[1936217.625, 1233935.625, 1611610, 1353833.875, 1912351.875, 1502272.875, 1826597.375, 1871534.125, 1964710.75, 1995313, 1622084, 2327002.5, 1892594.125, 1525325.375, 2016067.625, 1481248.625, 2001592.875, 1537557.75, 1799936.75, 1620331.125, 1458832.625, 1764475.125, 2165007.75, 1550735.625, 1459476.375, 2039560.875, 2246282.25, 1645798.125, 1250046.25, 973428.4375, 1660060.25, 1616310.125, 1671781.25, 1917924.375, 2065064.875, 1439217, 2104084, 1917088.5, 1892185, 1958155.25, 1908163.875, 1712373.125, 1789418.75, 1642809.25, 1480847.25, 2209524.75, 1917679.375, 1873704.25, 1502000.375, 2136442, 1776115.5, 1842118.875, 1729448.25, 1721440, 1829217.75, 1978300.5, 2461088.75, 1335876.5, 1196659.875, 1970831.375, 1181164.875, 2270786.25, 1743255.125, 2407668.5, 1660313.625, 1171401.625, 1677981.125, 910510.1875, 1365267.75, 2043451.125, 1140371.375, 1811349.875, 1771626.875, 1523386, 1780203.5]	98	-6.62499	-100	409
1128.68743	53.25744	141799.65625	1269309.25	3	2	21	377.23642	53.23493	53.40141	0	0	[94, 95, 96, 97, 98, 99, 100, 101, 102, 103, 104, 105, 106, 107, 108, 109, 110, 111, 112, 113, 114]	[80624.63281, 107763.69531, 75746.89844, 141799.65625, 86266.22656, 70720.71094, 49975.21484, 127523.38281, 75692.44531, 25348.79102, 81433.14844, 103917.96875, 57391.16797, 14052.41211, 27614.83398, 42510.61719, 14120.45508, 25516.35547, 15137.08984, 18253.41797, 27900.10742]	97	-1.834	-100	410
2183.57237	52.85389	13707.47656	25585.57422	6	2	2	364.936	52.84353	52.85389	0	0	[44, 45]	[11878.09863, 13707.47656]	45	-1.82159	-100	411
1051.65818	53.16146	53720.99219	216747.78125	2	2	6	526.83636	53.14882	53.18824	0	0	[83, 84, 85, 86, 87, 88]	[38110.41797, 22182.5957, 53720.99219, 46074.10156, 30972.2793, 25687.38672]	85	6.66678	-100	412
400.91619	53.30325	37165952	712408576	1	2	44	401.92346	53.07922	53.41626	0	0	[73, 74, 75, 76, 77, 78, 79, 80, 81, 82, 83, 84, 85, 86, 87, 88, 89, 90, 91, 92, 93, 94, 95, 96, 97, 98, 99, 100, 101, 102, 103, 104, 105, 106, 107, 108, 109, 110, 111, 112, 113, 114, 115, 116]	[13847194, 15365428, 18588018, 14174349, 12609796, 23013456, 16976052, 20022170, 18707112, 15556240, 13180038, 15373120, 12358949, 10263090, 23007198, 29691682, 15050093, 12504002, 23570458, 17187734, 17516914, 13797560, 14390956, 17379008, 16452607, 29828338, 9704200, 9963685, 19072282, 7725315, 37165952, 14952923, 23303102, 11816283, 8678279, 12760540, 6021217, 10320633, 19441742, 8725265, 15618964, 17415380, 12263117, 17048278]	103	-6.37728	-100	413
1203.67397	52.60733	171365.35938	4136920.5	3	2	39	402.23193	52.45331	52.78476	0	0	[0, 1, 2, 3, 4, 5, 6, 7, 8, 9, 10, 11, 12, 13, 14, 15, 16, 17, 18, 19, 20, 21, 22, 23, 24, 25, 26, 27, 28, 29, 30, 31, 32, 33, 34, 35, 36, 37, 38]	[69986.70312, 58540.60156, 72669.50781, 69641.78906, 111750.90625, 83202.3125, 100140.05469, 69022.84375, 89650.91406, 57561.10547, 84334.33594, 112426.21875, 53474.12109, 155679.32812, 166141.14062, 148723.09375, 86858.24219, 94700.49219, 171365.35938, 144329.875, 147611.70312, 162211.89062, 119365.67188, 105039.09375, 117972.03906, 93929.73438, 121238.86719, 106508.16406, 156492.5, 117596.36719, 159813.03125, 94172.96875, 98538.42969, 114077.125, 88548.8125, 77224.51562, 93843.10938, 90461.875, 72076.08594]	18	-3.0541	-100	414
1571.67861	53.41626	88059.53125	541939	3	2	10	524.90015	53.34312	53.41626	0	0	[107, 108, 109, 110, 111, 112, 113, 114, 115, 116]	[46529.63672, 26783.15625, 45749.5, 59541.84375, 69525.08594, 22042.46875, 48495.93359, 66913.54688, 68298.32812, 88059.53125]	116	-5.09225	-100	415
388.14028	52.90324	788381.5625	73100048	1	2	117	389.14755	52.45331	53.41626	0	0	[0, 1, 2, 3, 4, 5, 6, 7, 8, 9, 10, 11, 12, 13, 14, 15, 16, 17, 18, 19, 20, 21, 22, 23, 24, 25, 26, 27, 28, 29, 30, 31, 32, 33, 34, 35, 36, 37, 38, 39, 40, 41, 42, 43, 44, 45, 46, 47, 48, 49, 50, 51, 52, 53, 54, 55, 56, 57, 58, 59, 60, 61, 62, 63, 64, 65, 66, 67, 68, 69, 70, 71, 72, 73, 74, 75, 76, 77, 78, 79, 80, 81, 82, 83, 84, 85, 86, 87, 88, 89, 90, 91, 92, 93, 94, 95, 96, 97, 98, 99, 100, 101, 102, 103, 104, 105, 106, 107, 108, 109, 110, 111, 112, 113, 114, 115, 116]	[579750.125, 556710.6875, 628312.4375, 562112.0625, 556342.5625, 707627.6875, 729599.875, 598978.5625, 707637.6875, 581449.75, 664558.75, 686608.6875, 583213.125, 570187.375, 601417.8125, 712159.8125, 566409.1875, 722179.375, 698462.875, 534905.6875, 634009.5625, 708648.8125, 617065.75, 694625.125, 634852.5625, 655813, 673113.6875, 734454.8125, 594145.875, 623354.25, 564468.3125, 554497, 727182.9375, 773720.9375, 723425.5625, 587900.8125, 651897, 684638.25, 601483.0625, 214683.28125, 633270, 667255.5625, 594068.5, 479452.34375, 673159.375, 502999.59375, 712027.75, 598029.75, 734611.1875, 704779.5625, 745584.625, 788381.5625, 726554.5625, 701788.9375, 605216.5625, 629850.375, 779085.25, 620575.3125, 685212.0625, 702570.75, 663036.625, 580232.6875, 595020.9375, 628389.6875, 705564.625, 597758.25, 657175.375, 565922.6875, 663749.0625, 725241.9375, 501299.8125, 411218.15625, 679514.625, 626887.25, 686859.3125, 687952, 639050.75, 661516.375, 625750.25, 538223.5625, 568743.6875, 720044.5625, 665457.125, 649165.9375, 585702.3125, 570261.9375, 567941.8125, 647879.3125, 472046.65625, 630141.8125, 668869.125, 651509.375, 674470, 564799.1875, 627009.4375, 743403.5625, 592381.1875, 683304.125, 696722.0625, 482305.375, 560449.875, 632088.25, 371715.375, 157587.64062, 727704.6875, 656698, 652938.4375, 526881.875, 679985.4375, 402090.4375, 513722.53125, 625030.3125, 481697.96875, 662900.25, 575167.1875, 705645.375, 778148.875]	51	-1.45502	-100	416
2419.36013	53.3955	31499.84766	81709.24219	5	2	3	484.8793	53.3955	53.41034	0	0	[113, 114, 115]	[31499.84766, 27231.94531, 22977.44922]	113	-3.63839	-100	417
400.91612	53.0379	27181640	515265472	1	2	35	401.9234	52.78476	53.07027	0	0	[38, 39, 40, 41, 42, 43, 44, 45, 46, 47, 48, 49, 50, 51, 52, 53, 54, 55, 56, 57, 58, 59, 60, 61, 62, 63, 64, 65, 66, 67, 68, 69, 70, 71, 72]	[17685520, 4502363, 12189842, 16153163, 20924776, 8974667, 10142721, 9492405, 14904742, 10588402, 17119512, 16097910, 12578271, 19087848, 14766433, 23862942, 18053724, 20761832, 17052282, 11821801, 23238184, 11634491, 19700410, 12677783, 10782521, 12572924, 17550078, 12233360, 11050650, 27181640, 20263144, 14431096, 7805560, 5258410, 12124053]	67	-6.93183	-100	418
2860.89543	52.87188	46160.08984	210807.1875	6	2	7	477.82318	52.85389	52.90324	0	0	[45, 46, 47, 48, 49, 50, 51]	[35468.19922, 24906.86719, 46160.08984, 31596.14844, 25166.41602, 22726.52539, 24782.92188]	47	5.65098	-100	419
400.96657	52.70083	1355774.75	38846908	1	2	43	401.97385	52.45331	52.82727	0	0	[0, 1, 2, 3, 4, 5, 6, 7, 8, 9, 10, 11, 12, 13, 14, 15, 16, 17, 18, 19, 20, 21, 22, 23, 24, 25, 26, 27, 28, 29, 30, 31, 32, 33, 34, 35, 36, 37, 38, 39, 40, 41, 42]	[756134.875, 675042.125, 948649.1875, 664566.8125, 960688.625, 1143403.875, 1006173.625, 652377.1875, 723029, 492751.28125, 961876.25, 848161.875, 725635.1875, 1090085.625, 862097.9375, 1115644.5, 751945.0625, 1163927, 981027.25, 692732.125, 986003.125, 890986.5625, 977490.5625, 1144918.625, 768294.3125, 1046166.3125, 1071111.875, 887738.6875, 976764.375, 1355774.75, 885100.25, 848894, 981887.3125, 1250216.875, 915779.125, 697840.75, 978076.5625, 1019601.8125, 885047.125, 276377.71875, 725951.875, 1051224.25, 1009715.125]	29	-0.18481	-100	420
1726.64851	53.41626	154995.84375	1247568.875	4	2	14	432.6694	53.30325	53.41626	0	0	[103, 104, 105, 106, 107, 108, 109, 110, 111, 112, 113, 114, 115, 116]	[23408.16992, 141165.46875, 32932.70312, 50596.87891, 102566.94531, 122277.40625, 48254.50781, 121544.21094, 61849.625, 124166.88281, 113287.60156, 88512.6875, 62009.87891, 154995.84375]	116	4.14939	-100	421
1159.63828	53.3955	176353.03125	1605197.375	2	2	14	580.82642	53.30325	53.41626	0	0	[103, 104, 105, 106, 107, 108, 109, 110, 111, 112, 113, 114, 115, 116]	[105851.08594, 80579.00781, 104756.08594, 66029.58594, 54830.57031, 90896.5625, 47068.5625, 173736.3125, 164105.76562, 101909.91406, 176353.03125, 131582.14062, 147093.46875, 160405.25]	113	0.21333	-100	422
2884.86448	52.70083	113091.03125	2998524.25	6	2	39	481.81802	52.45331	52.78476	0	0	[0, 1, 2, 3, 4, 5, 6, 7, 8, 9, 10, 11, 12, 13, 14, 15, 16, 17, 18, 19, 20, 21, 22, 23, 24, 25, 26, 27, 28, 29, 30, 31, 32, 33, 34, 35, 36, 37, 38]	[62875.38672, 74622.1875, 90866.88281, 72147.5, 62038.09375, 77836.78125, 84071.27344, 53744.67969, 79708.26562, 62196.73438, 58828.03125, 100695.64062, 64788.00781, 84480.34375, 70025.10156, 98073.64062, 83774.54688, 89439.83594, 76561.90625, 72447.17188, 63733.02344, 60981.20703, 88832.75781, 90400.39062, 53542.24609, 92910.71875, 79378.95312, 63269.33203, 57164.54297, 113091.03125, 102390.38281, 74218.75, 76922.15625, 75250.40625, 51711.85547, 77178.33594, 76387.0625, 87526.30469, 94412.85156]	29	-4.59186	-100	423
2054.11933	53.24847	188044.875	2315626	4	2	25	514.53711	53.22235	53.41626	0	0	[92, 93, 94, 95, 96, 97, 98, 99, 100, 101, 102, 103, 104, 105, 106, 107, 108, 109, 110, 111, 112, 113, 114, 115, 116]	[54749.15625, 103214.8125, 64674.69531, 75909.89062, 188044.875, 125957.33594, 93669.10938, 93996.8125, 151276.07812, 154191.82812, 59490.29297, 21936.78125, 150705.32812, 115297.17969, 98360.73438, 96673.52344, 95041.28906, 77640.89062, 75724.94531, 59381.25391, 63165.23438, 82810.89062, 70694.00781, 115580.44531, 27438.45508]	96	-1.53601	-100	424
402.91194	52.95659	3930148.75	61921324	1	2	25	403.91922	52.78476	52.992	0	0	[38, 39, 40, 41, 42, 43, 44, 45, 46, 47, 48, 49, 50, 51, 52, 53, 54, 55, 56, 57, 58, 59, 60, 61, 62]	[2791665.75, 682126.25, 2026100.875, 2618133.5, 3329793, 1499199.625, 1602129.125, 1503463.125, 2450190, 1709853.25, 2981534.25, 2845048.75, 2025448.875, 3310941.5, 2395368.25, 3797953.5, 3034716.5, 3532745.5, 3000040.5, 1845802.25, 3930148.75, 1882391.375, 3283056.5, 2134798, 1708676.25]	58	-6.42193	-100	425
2296.41108	52.46841	59583.51562	172628.4375	4	2	4	575.11005	52.45331	52.48153	0	0	[0, 1, 2, 3]	[20013.66992, 35339.46875, 59583.51562, 57691.77734]	2	1.73327	-100	426
1480.22602	53.05422	50835	77940.21875	4	2	2	371.06378	53.04385	53.05422	0	0	[68, 69]	[27105.21875, 50835]	69	5.22375	-100	427
1741.78194	52.97574	145505.75	1823166.375	3	2	22	581.60126	52.93421	53.10174	0	0	[55, 56, 57, 58, 59, 60, 61, 62, 63, 64, 65, 66, 67, 68, 69, 70, 71, 72, 73, 74, 75, 76]	[88772.6875, 103245.875, 66946.26562, 102737.02344, 88302.8125, 145505.75, 69277.22656, 58638.49219, 68594.08594, 71108.35156, 124424.22656, 52434.30859, 140399.46875, 119622.03906, 85928.07812, 68222.5, 56043.57031, 49435.10547, 55255.53125, 59148.42969, 82928.98438, 66195.48438]	60	-1.38448	-100	428
830.52274	52.95659	203485.5	4927456.5	2	2	65	416.26865	52.72279	53.24254	0	0	[31, 32, 33, 34, 35, 36, 37, 38, 39, 40, 41, 42, 43, 44, 45, 46, 47, 48, 49, 50, 51, 52, 53, 54, 55, 56, 57, 58, 59, 60, 61, 62, 63, 64, 65, 66, 67, 68, 69, 70, 71, 72, 73, 74, 75, 76, 77, 78, 79, 80, 81, 82, 83, 84, 85, 86, 87, 88, 89, 90, 91, 92, 93, 94, 95]	[68067.42969, 19159.63672, 70245.96094, 53092.16016, 54227.88281, 57789, 23667.24023, 30162.2832, 32672.55664, 69690.64844, 66457.79688, 88928.29688, 68538.92188, 52446.53516, 77724.625, 80167.50781, 69086.14062, 107686.52344, 87540.5625, 97105.20312, 125358.1875, 109485.85938, 112247.79688, 92301.85156, 112853.64844, 125583.39844, 75639.59375, 203485.5, 143624.375, 110966.03125, 191230.04688, 95722.57812, 110782.86719, 97853.75, 64021.94141, 90237.38281, 92424.78125, 138720.71875, 86146.10938, 78124.4375, 56415.65234, 83477.45312, 103208.59375, 105290.53906, 80567.96094, 69893.00781, 86128.14062, 99593.77344, 27032.34961, 62904.21875, 128846.92188, 17808.87305, 51972.38672, 48967.49609, 20258.85547, 17265.30273, 58550.39062, 51743.4375, 20834.30273, 27560.67383, 34340.44531, 53032.19141, 53039.60156, 12720.80078, 24733.97266]	58	0.08786	-100	429
1652.0788	53.27819	57209.78516	95790.5625	4	2	3	414.02698	53.26325	53.27819	0	0	[98, 99, 100]	[21266.70508, 17314.06836, 57209.78516]	100	-7.35811	-100	430
1984.41308	53.27224	42899.61328	108075.86719	5	2	4	397.88989	53.25744	53.27819	0	0	[97, 98, 99, 100]	[24264.66797, 20263.30273, 42899.61328, 20648.28711]	99	4.51746	-100	431
402.94832	53.26325	7276749	377899264	1	2	75	403.9556	52.82727	53.41626	0	0	[42, 43, 44, 45, 46, 47, 48, 49, 50, 51, 52, 53, 54, 55, 56, 57, 58, 59, 60, 61, 62, 63, 64, 65, 66, 67, 68, 69, 70, 71, 72, 73, 74, 75, 76, 77, 78, 79, 80, 81, 82, 83, 84, 85, 86, 87, 88, 89, 90, 91, 92, 93, 94, 95, 96, 97, 98, 99, 100, 101, 102, 103, 104, 105, 106, 107, 108, 109, 110, 111, 112, 113, 114, 115, 116]	[6039927, 3533560.5, 4520362.5, 4224385, 5178516, 4243188.5, 5742378, 5575174.5, 4961397.5, 5913193.5, 5423335.5, 6053145.5, 5510138, 5478110.5, 5482122, 4759238.5, 6403634, 4383849, 5610108, 5025309.5, 4088280.25, 4837363.5, 5801629, 4789514, 4124238.75, 6678817.5, 6032132, 5038403, 3480132, 3152742.25, 4664800, 5166602, 5003363.5, 5673524, 5037655.5, 4250896.5, 6177668.5, 5394251, 5631817, 5581930, 5328225.5, 4799313, 5066587, 4622746.5, 4589345.5, 6358515, 6683923.5, 5555979.5, 4416001.5, 6183189.5, 5385673.5, 5234075, 4629255.5, 4689148.5, 5063430, 5613922.5, 7276749, 3762362, 3788686, 5715513.5, 4062214, 4038830.5, 4585642, 5538102, 4353576, 3547884.75, 4980943.5, 2953967.25, 4355847, 5740141.5, 3814140.25, 5488446.5, 5242562, 4464229, 5303382]	98	-2.84362	-100	432
386.0483	53.22235	64355.01172	108172.66406	1	2	3	387.05557	53.22235	53.23493	0	0	[92, 93, 94]	[64355.01172, 20563.71875, 23253.92773]	92	1.07565	-100	433
2639.28434	52.84353	61452.19531	387451.15625	6	2	8	440.888	52.80812	52.87188	0	0	[40, 41, 42, 43, 44, 45, 46, 47]	[60443.84375, 22181.74609, 54930.92969, 47889.35938, 61452.19531, 39248.92578, 50612.97266, 50691.16797]	44	-5.08425	-100	434
1855.04877	53.23493	71565.40625	122459.35938	4	2	3	464.76947	53.22899	53.24254	0	0	[93, 94, 95]	[28519.38477, 71565.40625, 22374.56836]	94	1.26726	-100	435
424.14162	53.41626	602511.1875	6178467.5	1	2	12	425.1489	53.32662	53.41626	0	0	[105, 106, 107, 108, 109, 110, 111, 112, 113, 114, 115, 116]	[409272.5625, 548580.25, 440144.15625, 554029.625, 386941.84375, 523565.84375, 502384.03125, 560711.5625, 568549.1875, 523894.875, 557882.375, 602511.1875]	116	-0.67978	-100	436
825.50888	53.08517	44030.71484	122202.8125	2	2	4	413.76172	53.06523	53.08517	0	0	[71, 72, 73, 74]	[33270.34375, 21760.24219, 23141.50586, 44030.71484]	74	-4.43283	-100	437
2017.09695	52.65658	45687.69922	71242.33594	5	2	2	404.42667	52.65658	52.66554	0	0	[24, 25]	[45687.69922, 25554.63477]	24	-0.27553	-100	438
2274.44648	52.56754	66258.36719	245551.20312	4	2	6	569.6189	52.54578	52.58808	0	0	[11, 12, 13, 14, 15, 16]	[26569.47266, 52428.88672, 66258.36719, 58405.35547, 24031.60156, 17857.51953]	13	2.96726	-100	439
1810.42658	53.15384	51104.85938	137566.625	4	2	4	453.61392	53.1339	53.15384	0	0	[81, 82, 83, 84]	[48473.34375, 18358.61133, 19629.80859, 51104.85938]	84	-2.55123	-100	440
1535.8375	52.85389	94908.85938	506831.34375	2	2	9	768.92603	52.80812	52.87779	0	0	[40, 41, 42, 43, 44, 45, 46, 47, 48]	[27551.65234, 71667.71094, 27020.14648, 47956.11328, 55442.35938, 94908.85938, 66024.98438, 42810.67188, 73448.83594]	45	-0.4203	-100	441
1946.06209	52.46841	38601.15625	58560.00391	3	2	2	649.69464	52.45944	52.46841	0	0	[1, 2]	[19958.84766, 38601.15625]	2	1.62379	-100	442
1447.90829	53.1942	79558.92969	198255.73438	3	2	5	483.64337	53.16907	53.20315	0	0	[86, 87, 88, 89, 90]	[17674.12695, 24079.1582, 57947.97266, 79558.92969, 18995.55078]	89	0.21062	-100	443
2273.62675	53.12135	28451.35156	90842.44531	6	2	5	379.94507	53.10769	53.1339	0	0	[77, 78, 79, 80, 81]	[14220.875, 22553.77344, 28451.35156, 12574.14844, 13042.29883]	79	4.43824	-100	444
611.17601	53.37916	233859.0625	1278907.625	1	2	7	612.18329	53.36751	53.41626	0	0	[110, 111, 112, 113, 114, 115, 116]	[123891.09375, 233859.0625, 118694.96094, 188180.5625, 229887.14062, 162267.07812, 222127.78125]	111	-3.93846	-100	445
2574.42198	53.18824	109108.19531	2865506.5	6	2	47	430.07761	53.06014	53.41626	0	0	[70, 71, 72, 73, 74, 75, 76, 77, 78, 79, 80, 81, 82, 83, 84, 85, 86, 87, 88, 89, 90, 91, 92, 93, 94, 95, 96, 97, 98, 99, 100, 101, 102, 103, 104, 105, 106, 107, 108, 109, 110, 111, 112, 113, 114, 115, 116]	[49701.00391, 32840.03906, 46253.21484, 76288.49219, 44201.6875, 29731.68164, 70236.75, 50304.71484, 56468.37891, 83736.60156, 62756.98438, 97632.57812, 50385.61328, 42971.98438, 28678.32031, 75943.22656, 48644.84375, 57298.51172, 109108.19531, 69422.30469, 67658.71875, 88724.07031, 73198.17188, 70494.67969, 57995.92578, 64276.76953, 61791.47656, 84641.35156, 95427.75, 49679.86328, 50294.98047, 54727.25391, 17444.03125, 30942.99219, 85642.75781, 58396.32422, 65188.33594, 55449.77734, 93154.94531, 35464.14453, 39033.27344, 30441.66406, 29428.39844, 81045.72656, 95652.32812, 68468.41406, 78236.91406]	88	0.92139	-100	446
1445.89788	52.46841	260913.76562	6768875	3	2	41	482.97324	52.45331	52.80812	0	0	[0, 1, 2, 3, 4, 5, 6, 7, 8, 9, 10, 11, 12, 13, 14, 15, 16, 17, 18, 19, 20, 21, 22, 23, 24, 25, 26, 27, 28, 29, 30, 31, 32, 33, 34, 35, 36, 37, 38, 39, 40]	[169996.71875, 170427.59375, 260913.76562, 203337.42188, 97490.26562, 223659.48438, 183161.85938, 223717.65625, 210583.21875, 172854.875, 166363.54688, 201615.125, 130907.6875, 176813.3125, 203947.60938, 222053.8125, 200268.375, 103095.21875, 138771.51562, 133884.59375, 201126.71875, 115327.38281, 127759.03125, 207515.51562, 154242.375, 115913.4375, 163671.73438, 165472.04688, 153637.9375, 243944.29688, 114012.98438, 122386.6875, 172289.29688, 132449.29688, 148500.64062, 144133.26562, 189399.20312, 151359.04688, 146611.9375, 39077.04297, 166181.45312]	2	-0.42213	-100	447
1700.94651	52.4941	54754.99609	105106.73438	2	2	3	851.48053	52.48818	52.50173	0	0	[4, 5, 6]	[25333.66797, 54754.99609, 25018.07031]	5	0.30059	-100	448
1231.67148	53.32662	163640.90625	2326039.75	2	2	26	616.84302	53.21347	53.41626	0	0	[91, 92, 93, 94, 95, 96, 97, 98, 99, 100, 101, 102, 103, 104, 105, 106, 107, 108, 109, 110, 111, 112, 113, 114, 115, 116]	[29425.97852, 65363.53516, 73855.53125, 100719.10938, 78735.65625, 88691.28125, 82354.05469, 116065.97656, 66685.80469, 21456.75, 72675.07812, 89008.97656, 130307.07031, 114483.44531, 163640.90625, 100842.78125, 90384.08594, 77247.00781, 83635.49219, 87220.94531, 129429.76562, 57110.42188, 82783.13281, 111636.48438, 98005.89062, 114274.58594]	105	-3.11899	-100	449
1903.46052	53.0009	28041.68945	67701.53906	4	2	3	476.87241	52.98166	53.0009	0	0	[61, 62, 63]	[24109.82227, 15550.02441, 28041.68945]	63	0.78899	-100	450
2044.31466	52.46841	23611.24219	45512.81641	5	2	3	409.87021	52.45331	52.46841	0	0	[0, 1, 2]	[10173.60547, 11727.96875, 23611.24219]	2	-1.44031	-100	451
449.00371	52.95659	298591.6875	13292463	1	2	65	450.01099	52.45331	53.00682	0	0	[0, 1, 2, 3, 4, 5, 6, 7, 8, 9, 10, 11, 12, 13, 14, 15, 16, 17, 18, 19, 20, 21, 22, 23, 24, 25, 26, 27, 28, 29, 30, 31, 32, 33, 34, 35, 36, 37, 38, 39, 40, 41, 42, 43, 44, 45, 46, 47, 48, 49, 50, 51, 52, 53, 54, 55, 56, 57, 58, 59, 60, 61, 62, 63, 64]	[203824.0625, 184471.14062, 239986.875, 184287.8125, 195954.5625, 251124.89062, 232579.71875, 151035.53125, 203864.875, 157387.65625, 188225.09375, 222309.5, 173515.82812, 212730.10938, 149803.60938, 171889.59375, 185697.32812, 204223.28125, 195626.17188, 176167.25, 225406.79688, 242418.26562, 218736.9375, 180909.92188, 172439.23438, 244465.6875, 204064.21875, 236604.95312, 221846.04688, 194829.53125, 157520.65625, 198194.73438, 247090.6875, 244411.875, 206479.26562, 154315.95312, 225343.40625, 225316.4375, 181869.6875, 94406.96875, 203573.54688, 209587.35938, 167344.70312, 124800, 229623.34375, 181015, 187747.17188, 196789.60938, 275531.1875, 226681.01562, 202177.73438, 261188.10938, 224655.01562, 234510.54688, 190303.96875, 200578.21875, 188311.78125, 194713.42188, 298591.6875, 208211.10938, 278991.4375, 221567.51562, 200302.57812, 233044.14062, 191246.51562]	58	-0.23413	-100	452
1620.92299	52.54578	83799.64062	377419.21875	3	2	7	541.31494	52.50173	52.55588	0	0	[6, 7, 8, 9, 10, 11, 12]	[63763.56641, 21647.33203, 55298.05469, 32828.33203, 82086.11719, 83799.64062, 37996.16797]	11	-1.42318	-100	453
1832.06916	53.33276	81631.79688	248128	4	2	5	459.02457	53.30325	53.34312	0	0	[103, 104, 105, 106, 107]	[66179.72656, 54409.84375, 29279.2793, 81631.79688, 16627.35547]	106	4.17714	-100	454
1254.45745	53.0009	51457.21484	74230.27344	3	2	2	419.15976	52.992	53.0009	0	0	[62, 63]	[22773.05664, 51457.21484]	63	-0.26101	-100	455
2278.40961	52.78476	213780.92188	3331260	4	2	31	570.60968	52.67161	52.94309	0	0	[26, 27, 28, 29, 30, 31, 32, 33, 34, 35, 36, 37, 38, 39, 40, 41, 42, 43, 44, 45, 46, 47, 48, 49, 50, 51, 52, 53, 54, 55, 56]	[86360.5625, 76171.01562, 29335.73047, 169612.39062, 52840.98828, 60433.47266, 125534.875, 135727.34375, 66244.39062, 71786.64062, 134321.82812, 137517.98438, 213780.92188, 38391.14844, 144330.92188, 80762.95312, 207942.875, 64251.83984, 65340.84375, 103356.85156, 196679.98438, 104941.59375, 171818.95312, 108317.5, 69192.53906, 100454.13281, 109166.58594, 70799.54688, 103489.07031, 105881.86719, 126473.10156]	38	5.26141	-100	456
1905.02743	53.17936	84941.40625	215204.9375	3	2	4	636.01642	53.17936	53.20315	0	0	[87, 88, 89, 90]	[84941.40625, 78451.47656, 27123.17773, 24688.88672]	87	-2.04896	-100	457
391.95738	52.90324	382399.375	7402094.5	1	2	27	392.96466	52.82727	53.04385	0	0	[42, 43, 44, 45, 46, 47, 48, 49, 50, 51, 52, 53, 54, 55, 56, 57, 58, 59, 60, 61, 62, 63, 64, 65, 66, 67, 68]	[347270.34375, 187353.65625, 213106.34375, 202957.8125, 248965.95312, 222266.03125, 278188.53125, 299198.53125, 238086.92188, 382399.375, 311626.875, 358466.28125, 238483.9375, 299839.9375, 305694.25, 230541.9375, 323440.5, 246185, 316927.78125, 227513.6875, 255437.29688, 285704.09375, 291008.5625, 265207.1875, 160235.29688, 333058.21875, 332930.15625]	51	-3.6326	-100	458
2681.22722	52.45944	27408.85352	39982.20312	6	2	2	447.87848	52.45331	52.45944	0	0	[0, 1]	[12573.35156, 27408.85352]	1	3.86223	-100	459
2561.2382	52.78476	26548.97266	75713.27344	6	2	3	427.88031	52.77126	52.78476	0	0	[36, 37, 38]	[22894.97656, 26269.32422, 26548.97266]	38	-1.35054	-100	460
1270.68833	53.40141	158551.64062	748820.375	2	2	8	636.35144	53.36084	53.41626	0	0	[109, 110, 111, 112, 113, 114, 115, 116]	[71870.14844, 98230.23438, 81291.82812, 102096.85938, 78132.46094, 158551.64062, 57031.90234, 101615.32812]	114	5.95356	-100	461
414.94267	52.84353	79823.46094	438150.9375	1	2	13	415.94995	52.77719	52.8854	0	0	[37, 38, 39, 40, 41, 42, 43, 44, 45, 46, 47, 48, 49]	[23416.53906, 62760.89453, 12322.9082, 26399.66992, 14324.62109, 29936.41016, 20765.13086, 79823.46094, 18652.80469, 54705.5, 52049.62891, 20797.29102, 22196.09375]	44	2.2828	-100	462
387.24748	53.32662	409838.5625	12086300	1	2	44	388.25476	53.07922	53.41626	0	0	[73, 74, 75, 76, 77, 78, 79, 80, 81, 82, 83, 84, 85, 86, 87, 88, 89, 90, 91, 92, 93, 94, 95, 96, 97, 98, 99, 100, 101, 102, 103, 104, 105, 106, 107, 108, 109, 110, 111, 112, 113, 114, 115, 116]	[254261.84375, 195538.76562, 234384.09375, 346582.53125, 187220.875, 326912.5625, 247854.96875, 378316.5625, 308461.6875, 340391.8125, 242391.42188, 283482.25, 254371.82812, 226979.28125, 333889.03125, 391615.40625, 278346.59375, 234722.29688, 276783.34375, 316020.28125, 219494.40625, 248454.73438, 217388.96875, 233402.73438, 366366.21875, 375389.65625, 206996.34375, 182021.78125, 298794.46875, 283582.375, 233258.26562, 266566.28125, 409838.5625, 236509.96875, 172314.17188, 286467.28125, 209768.46875, 219045.875, 408742.78125, 166244.98438, 321906.71875, 342074.78125, 271598.5625, 251542.78125]	105	-1.9467	-100	463
2465.56614	52.51793	23176.5957	93239.5625	6	2	5	411.93497	52.51793	52.55588	0	0	[8, 9, 10, 11, 12]	[23176.5957, 9328.14062, 21841.45703, 22822.06055, 16071.30371]	8	1.69774	-100	464
448.94725	53.26325	8833599	509648768	1	2	74	449.95453	52.83323	53.41626	0	0	[43, 44, 45, 46, 47, 48, 49, 50, 51, 52, 53, 54, 55, 56, 57, 58, 59, 60, 61, 62, 63, 64, 65, 66, 67, 68, 69, 70, 71, 72, 73, 74, 75, 76, 77, 78, 79, 80, 81, 82, 83, 84, 85, 86, 87, 88, 89, 90, 91, 92, 93, 94, 95, 96, 97, 98, 99, 100, 101, 102, 103, 104, 105, 106, 107, 108, 109, 110, 111, 112, 113, 114, 115, 116]	[5057932, 6018520, 6066307.5, 7172521, 6256271.5, 8154224.5, 7656193.5, 6437919, 8308459, 7677579.5, 8105560, 7210580.5, 7638362.5, 7323456.5, 6806427, 8761868, 6141160, 8585192, 6458507.5, 5918342, 6886379.5, 7653276.5, 6719743, 5881399, 7921790, 7659560.5, 6991784.5, 4939928, 4076182.25, 6786660, 6828789.5, 6910085, 7920888.5, 6845684.5, 6026793, 7782945.5, 7366082, 6967563.5, 8061027.5, 7322727.5, 6417906, 6954214.5, 5978158.5, 6234696, 8316360.5, 8163724.5, 6959924.5, 6509411, 8774913, 7049698.5, 7456219.5, 6618686.5, 6988284, 7390556, 7436138.5, 8833599, 5140132, 5504802, 7744458, 5261347.5, 6471852.5, 6923356.5, 7879514.5, 6445404.5, 5143909, 6737409, 3881978.25, 6127790.5, 7486208, 5197563, 7422789, 7057343, 6451210.5, 7384602]	98	-4.29323	-100	465
494.90343	53.29732	157165.0625	717202.9375	1	2	7	495.91071	53.24847	53.29732	0	0	[96, 97, 98, 99, 100, 101, 102]	[102350.4375, 102105.78906, 69064.89844, 105407.30469, 90979.33594, 90130.09375, 157165.0625]	102	-2.96932	-100	466
816.50742	53.41626	346709.5	14753306	2	2	94	409.26099	52.65047	53.41626	0	0	[23, 24, 25, 26, 27, 28, 29, 30, 31, 32, 33, 34, 35, 36, 37, 38, 39, 40, 41, 42, 43, 44, 45, 46, 47, 48, 49, 50, 51, 52, 53, 54, 55, 56, 57, 58, 59, 60, 61, 62, 63, 64, 65, 66, 67, 68, 69, 70, 71, 72, 73, 74, 75, 76, 77, 78, 79, 80, 81, 82, 83, 84, 85, 86, 87, 88, 89, 90, 91, 92, 93, 94, 95, 96, 97, 98, 99, 100, 101, 102, 103, 104, 105, 106, 107, 108, 109, 110, 111, 112, 113, 114, 115, 116]	[24763.13281, 58476.94141, 27395.87695, 90034.96094, 46881.89844, 55118.6875, 72057.92969, 20677.6875, 55557.15234, 67907.48438, 59775.03516, 108021.36719, 64862.05859, 92995.57031, 62286.1875, 106320.71094, 19574.35352, 128797.24219, 119043.47656, 169714.48438, 53694.70703, 129469.60156, 97818.63281, 96441.22656, 119454.5625, 143528.25, 134839.65625, 119503.13281, 129572.98438, 110649.08594, 104801.9375, 246177.95312, 101595.90625, 125512.15625, 163191.95312, 143738.60938, 102793.35938, 138737.57812, 174142.10938, 139952.53125, 172928.29688, 177929.46875, 210440.75, 94637.6875, 253272.57812, 158181.09375, 136310.46875, 81303.28125, 132134.54688, 172522.01562, 144437.32812, 136343.40625, 168923.57812, 196711.04688, 160971.34375, 195367.29688, 209598.90625, 191364.21875, 239160.79688, 220126.53125, 147301.6875, 235993.39062, 175038.42188, 117515.44531, 270962.40625, 195131.20312, 171739.23438, 155834.125, 220480.59375, 169067.07812, 138408.03125, 188275.875, 147858.5, 127635.88281, 165692.32812, 226562.95312, 187884.26562, 195924.51562, 287687.78125, 160399.07812, 191157.79688, 287148.15625, 289207.25, 217101.15625, 230009.71875, 295008.21875, 194236.15625, 211716.53125, 272900.28125, 208700.35938, 330582.0625, 267974.65625, 246917.89062, 346709.5]	116	-0.27036	-100	467
374.98763	53.34909	272555.34375	3278165.5	1	2	16	375.9949	53.28849	53.41626	0	0	[101, 102, 103, 104, 105, 106, 107, 108, 109, 110, 111, 112, 113, 114, 115, 116]	[222698.57812, 148016.17188, 68210.4375, 237404, 222234.90625, 244868.53125, 188582.71875, 272555.34375, 186754.76562, 184856.65625, 202777.04688, 182317.32812, 219813.875, 237159.95312, 213295.67188, 246619.125]	108	-3.67637	-100	468
1839.3934	53.1339	25074.79883	43602.88672	5	2	2	368.88596	53.12797	53.1339	0	0	[80, 81]	[18528.08789, 25074.79883]	81	-2.63556	-100	469
1652.07075	52.82727	86408.28906	230907.9375	4	2	5	414.02496	52.81844	52.85389	0	0	[41, 42, 43, 44, 45]	[77018.23438, 86408.28906, 39797.76172, 18381.60352, 9302.03906]	42	-2.48227	-100	470
2543.37832	52.77719	54394.73047	81565.35938	3	2	2	848.80005	52.77126	52.77719	0	0	[36, 37]	[27170.625, 54394.73047]	37	0.06042	-100	471
1984.41171	53.12135	28822.66016	51514.75	5	2	2	397.88962	53.1127	53.12135	0	0	[78, 79]	[22692.0918, 28822.66016]	79	5.74094	-100	472
513.42479	53.06014	173718.53125	889992.6875	1	2	9	514.43207	53.04385	53.10174	0	0	[68, 69, 70, 71, 72, 73, 74, 75, 76]	[66197.84375, 110427.78906, 173718.53125, 115846.42188, 93961.35938, 95368.64844, 77382.46875, 81093.375, 75996.32812]	70	0.89432	-100	473
2252.37938	52.83323	48116.12109	83535.16406	6	2	3	376.40384	52.82727	52.84353	0	0	[42, 43, 44]	[17641.08594, 48116.12109, 17777.95898]	43	1.12525	-100	474
2342.49775	52.91945	69881.67969	291318	4	2	5	586.63171	52.90324	52.93421	0	0	[51, 52, 53, 54, 55]	[58115.12891, 61676.82031, 69881.67969, 34304.03125, 67340.32812]	53	-2.41856	-100	475
1839.76926	52.78476	58410.08594	86203.50781	2	2	2	920.89191	52.77719	52.78476	0	0	[37, 38]	[27793.42383, 58410.08594]	38	-1.76401	-100	476
2327.19316	53.01995	16798.78125	43722.23047	6	2	3	388.8728	53.01995	53.0379	0	0	[65, 66, 67]	[16798.78125, 16119.51172, 10803.93652]	65	6.03985	-100	477
1905.02761	53.08517	76169.32031	132092.98438	3	2	2	636.01648	53.08517	53.09276	0	0	[74, 75]	[76169.32031, 55923.66797]	74	-0.46567	-100	478
2235.56298	52.63889	47317.78906	63354.01562	5	2	2	448.11987	52.63889	52.65047	0	0	[22, 23]	[47317.78906, 16036.22656]	22	1.25998	-100	479
1172.66625	52.48153	27526.33398	43855.28516	3	2	2	391.89603	52.46841	52.48153	0	0	[2, 3]	[16328.95215, 27526.33398]	3	-7.2173	-100	480
2294.39492	52.48153	44203.29297	57050.84375	5	2	2	459.88626	52.46841	52.48153	0	0	[2, 3]	[12847.54883, 44203.29297]	3	2.34816	-100	481
1703.92196	52.46841	63265.13281	169273.45312	3	2	4	568.98126	52.45331	52.48153	0	0	[0, 1, 2, 3]	[21613.97656, 38970.67969, 63265.13281, 45423.66797]	2	-0.5503	-100	482
402.91194	52.56754	5585851.5	104906328	1	2	38	403.91922	52.45331	52.77719	0	0	[0, 1, 2, 3, 4, 5, 6, 7, 8, 9, 10, 11, 12, 13, 14, 15, 16, 17, 18, 19, 20, 21, 22, 23, 24, 25, 26, 27, 28, 29, 30, 31, 32, 33, 34, 35, 36, 37]	[1826756.125, 1505739.25, 2223963.5, 1731079.125, 3679442, 3061872.25, 2319585, 1533351.375, 1820988.75, 1204328, 2750644.25, 2431834, 1831577.875, 5585851.5, 5044519.5, 3460569.75, 1786951.875, 3620787, 3371278, 1888343.25, 2994913.75, 2212859.25, 3440665.75, 2852109, 1919741.375, 4038019.25, 2891966.75, 2073475.5, 2923075.75, 4980702, 3224778.75, 1974781.375, 2806765.5, 4256755, 2355122.75, 1827732.625, 2553964, 2899449.5]	13	-6.42193	-100	483
1239.71123	52.46841	47658.45703	106864.26562	3	2	4	414.24435	52.45331	52.48153	0	0	[0, 1, 2, 3]	[34159.51562, 14058.5918, 47658.45703, 10987.7002]	2	0.53133	-100	484
1619.40913	52.4941	83408.36719	440810.6875	4	2	9	405.85956	52.45331	52.51793	0	0	[0, 1, 2, 3, 4, 5, 6, 7, 8]	[18556.72852, 29590.03906, 74636.15625, 34170.83984, 61293.29297, 83408.36719, 49716.89062, 48544.3125, 40894.05859]	5	1.09608	-100	485
1734.77854	53.0379	69447.6875	116814.82031	2	2	2	868.39655	53.0276	53.0379	0	0	[66, 67]	[47367.13281, 69447.6875]	67	3.21044	-100	486
1027.5969	52.95659	101954.35938	377783.4375	2	2	7	514.80573	52.92554	52.97574	0	0	[54, 55, 56, 57, 58, 59, 60]	[36041.37109, 51911.41797, 58036.16016, 26765.35742, 101954.35938, 42594.84375, 60479.90234]	58	-2.04492	-100	487
1456.84026	52.4941	125688.55469	426599.625	3	2	7	486.6207	52.46841	52.51793	0	0	[2, 3, 4, 5, 6, 7, 8]	[81702.58594, 60687.30078, 25793.57617, 125688.55469, 20829.91016, 65878.96094, 46018.73047]	5	-0.83478	-100	488
2034.42468	52.46841	89353.78125	405990.90625	5	2	7	407.89221	52.45331	52.50173	0	0	[0, 1, 2, 3, 4, 5, 6]	[45152.89453, 59897.42188, 89353.78125, 45893.92969, 27635.98828, 82733.67188, 55323.21094]	2	-7.07264	-100	489
2860.89543	52.81844	58850.32031	232822.39062	6	2	8	477.82318	52.77126	52.83323	0	0	[36, 37, 38, 39, 40, 41, 42, 43]	[28000.69922, 27784.43164, 30002.33008, 17881.48242, 28817.84766, 58850.32031, 25138.4082, 16346.85938]	41	6.1517	-100	490
2005.19448	53.05422	46677.05859	89910.03125	5	2	4	402.04617	53.04385	53.06523	0	0	[68, 69, 70, 71]	[14701.6543, 46677.05859, 12370.23828, 16161.08008]	69	-2.77976	-100	491
1239.70053	52.67161	146867.04688	3003949.5	2	2	36	620.85754	52.54578	52.86425	0	0	[11, 12, 13, 14, 15, 16, 17, 18, 19, 20, 21, 22, 23, 24, 25, 26, 27, 28, 29, 30, 31, 32, 33, 34, 35, 36, 37, 38, 39, 40, 41, 42, 43, 44, 45, 46]	[53688.42969, 54392.1875, 91539.15625, 96490.14062, 75633.29688, 47637.77734, 75279.8125, 90283.6875, 118882.00781, 55771.55469, 91992.86719, 98363.70312, 99183.34375, 95708.91406, 107073.41406, 146867.04688, 136995.04688, 87720.66406, 109100.17969, 131387.28125, 84475.33594, 88633.74219, 115372.47656, 98919.67969, 71330.40625, 73264.64844, 114065.74219, 69905.72656, 36011.18359, 77958.28125, 26435.33984, 91973.07812, 45437.45312, 70801.60938, 43927.83594, 31446.83203]	26	-1.64093	-100	492
1939.38313	52.621	78972.91406	439499.875	4	2	8	485.85306	52.60733	52.66554	0	0	[18, 19, 20, 21, 22, 23, 24, 25]	[59754.26172, 53818.47266, 78972.91406, 25399.03516, 70348.97656, 31648.78711, 62231.88672, 57325.5625]	20	1.39496	-100	493
1705.305	52.46841	95296.16406	173025.09375	4	2	2	427.33353	52.45944	52.46841	0	0	[1, 2]	[77728.9375, 95296.16406]	2	-6.17186	-100	494
459.90941	52.89437	386895.875	22081504	1	2	101	460.91669	52.58808	53.41626	0	0	[16, 17, 18, 19, 20, 21, 22, 23, 24, 25, 26, 27, 28, 29, 30, 31, 32, 33, 34, 35, 36, 37, 38, 39, 40, 41, 42, 43, 44, 45, 46, 47, 48, 49, 50, 51, 52, 53, 54, 55, 56, 57, 58, 59, 60, 61, 62, 63, 64, 65, 66, 67, 68, 69, 70, 71, 72, 73, 74, 75, 76, 77, 78, 79, 80, 81, 82, 83, 84, 85, 86, 87, 88, 89, 90, 91, 92, 93, 94, 95, 96, 97, 98, 99, 100, 101, 102, 103, 104, 105, 106, 107, 108, 109, 110, 111, 112, 113, 114, 115, 116]	[192108.51562, 187534.39062, 191585.32812, 176030.90625, 215186.95312, 199841.875, 130039.78125, 206311.5625, 224993.67188, 136900.51562, 270892.21875, 210975.3125, 257205.21875, 201638.98438, 182979.4375, 188191.90625, 150475.17188, 171837.46875, 131170.6875, 196262.04688, 208005.45312, 201333.09375, 209009.46875, 54417.18359, 263215.5625, 208854.65625, 274258.59375, 260674.3125, 239860.95312, 229571.67188, 264279.71875, 254561.70312, 239819.96875, 207325.8125, 386895.875, 239881.75, 167933.96875, 287140.34375, 246180.34375, 172520.04688, 232262.29688, 218462.8125, 234750.59375, 220073.125, 160650.4375, 318451.78125, 215868.78125, 265197.4375, 268897.65625, 240526.26562, 129423.00781, 224852.78125, 258197.20312, 210928.60938, 230681.875, 287782.40625, 256195.1875, 274746.65625, 187482.75, 222047.95312, 310357.1875, 191239, 239006.32812, 210950.04688, 227272.17188, 213138.42188, 269708.28125, 267386.40625, 199627.20312, 256903.17188, 266579.875, 280757.15625, 186052.875, 307244.34375, 201831.15625, 204289.21875, 237512.75, 151801.35938, 224300.89062, 174749.8125, 226278.51562, 234300.64062, 234080.73438, 222252.28125, 174734.53125, 219886.95312, 285062.875, 78125.03125, 186059.20312, 180986.6875, 202594.17188, 214212.82812, 281084.6875, 200214.875, 155353.75, 232940.35938, 165980.375, 241333.07812, 210783.28125, 200897.17188, 218260.21875]	50	-6.09903	-100	495
402.91188	53.30325	6251867	141787312	1	2	54	403.91916	53.0009	53.41626	0	0	[63, 64, 65, 66, 67, 68, 69, 70, 71, 72, 73, 74, 75, 76, 77, 78, 79, 80, 81, 82, 83, 84, 85, 86, 87, 88, 89, 90, 91, 92, 93, 94, 95, 96, 97, 98, 99, 100, 101, 102, 103, 104, 105, 106, 107, 108, 109, 110, 111, 112, 113, 114, 115, 116]	[1940044, 2941230, 1926590.125, 1836080, 4507469, 3400692.75, 2441786.25, 1354119.125, 877983, 2113745.25, 2317470.5, 2594049.5, 3100899.75, 2408256.5, 2048477.875, 3756233.25, 2737088.75, 3320940.5, 3208267, 2710020.25, 2119198, 2587699.5, 2060233.625, 1723072.875, 4013283.25, 4805480.5, 2639499.75, 1992478.75, 3916145.5, 2882923.5, 2939836.5, 2294776.25, 2327632.5, 2927664, 2781286, 5049809.5, 1589258.75, 1567248.5, 3147911.5, 1215073.75, 6251867, 2605923, 3883264, 1928042, 1511254.125, 2059063.375, 983234.6875, 1606797.125, 3196948.75, 1400401.75, 2591431, 2893845.5, 2027796.125, 2725498.25]	103	-6.51368	-100	496
1964.43078	53.24254	92808.25781	1044035.875	5	2	17	393.89343	53.16907	53.29732	0	0	[86, 87, 88, 89, 90, 91, 92, 93, 94, 95, 96, 97, 98, 99, 100, 101, 102]	[77501.67188, 77929.86719, 18052.85742, 65005.5, 61019.5625, 28551.08789, 58617.46875, 53542.98047, 69520.14062, 92808.25781, 56122.64453, 81109.76562, 55427.95703, 45343.16797, 46413.85156, 68785.375, 88283.73438]	95	-6.59288	-100	497
1353.72606	52.84353	77046.69531	320223.875	3	2	6	452.2493	52.80812	52.85389	0	0	[40, 41, 42, 43, 44, 45]	[24501.84766, 68341.07031, 21828.96094, 63344.19141, 77046.69531, 65161.10547]	44	-1.0093	-100	498
1725.8622	52.73576	159868.375	1443082.625	3	2	17	576.29468	52.621	52.77126	0	0	[20, 21, 22, 23, 24, 25, 26, 27, 28, 29, 30, 31, 32, 33, 34, 35, 36]	[40151.84766, 67607.05469, 56870.19531, 74403.69531, 50143.08984, 132847.6875, 50902.61719, 22911.55469, 96645.57812, 113719.47656, 72570.22656, 66607.17969, 159868.375, 119990.08594, 95793.74219, 116811.01562, 105239.14062]	32	-1.18769	-100	499
537.15636	52.48818	639982.625	9625233	1	2	22	538.16364	52.45331	52.62862	0	0	[0, 1, 2, 3, 4, 5, 6, 7, 8, 9, 10, 11, 12, 13, 14, 15, 16, 17, 18, 19, 20, 21]	[385525.875, 405934.15625, 472311, 522226.53125, 639982.625, 444766.40625, 525183.75, 387207.0625, 412334.46875, 328806.78125, 341149, 518288.96875, 418384.96875, 468412.0625, 583278.1875, 383114.625, 346782.84375, 435184.625, 408875.125, 350332.96875, 461972.40625, 385178.9375]	4	-6.32917	-100	500
2470.34174	52.77719	55464.91406	83658	4	2	2	618.59271	52.77126	52.77719	0	0	[36, 37]	[28193.08984, 55464.91406]	37	-1.3596	-100	501
515.8449	53.40141	79112.375	240478.71875	1	2	5	516.85217	53.38512	53.41626	0	0	[112, 113, 114, 115, 116]	[37099.89844, 24772.25586, 79112.375, 49412.78516, 50081.40625]	114	5.32834	-100	502
1620.92171	52.59703	64418.71484	86723.25781	3	2	2	541.31451	52.58808	52.59703	0	0	[16, 17]	[22304.54102, 64418.71484]	17	-0.1186	-100	503
398.92116	53.37916	1239717.625	6277237.5	1	2	7	399.92844	53.36751	53.41626	0	0	[110, 111, 112, 113, 114, 115, 116]	[617395.875, 1239717.625, 548314.875, 909317.5625, 1155714.125, 804975.5625, 1001801.8125]	111	-4.74887	-100	504
2201.40208	52.58808	23371.92969	74449.82812	6	2	4	367.90762	52.56754	52.58808	0	0	[13, 14, 15, 16]	[15701.46289, 12873.1416, 22503.28906, 23371.92969]	16	2.01129	-100	505
2303.42808	52.82727	28363.84961	55470.88672	6	2	2	384.91196	52.81844	52.82727	0	0	[41, 42]	[27107.03711, 28363.84961]	42	-6.72682	-100	506
1763.7839	52.82727	109056.61719	178479.29688	3	2	2	588.93524	52.81844	52.82727	0	0	[41, 42]	[69422.67969, 109056.61719]	42	0.6271	-100	507
1445.8976	52.87779	238238.42188	7645317.5	3	2	56	482.97314	52.81844	53.24847	0	0	[41, 42, 43, 44, 45, 46, 47, 48, 49, 50, 51, 52, 53, 54, 55, 56, 57, 58, 59, 60, 61, 62, 63, 64, 65, 66, 67, 68, 69, 70, 71, 72, 73, 74, 75, 76, 77, 78, 79, 80, 81, 82, 83, 84, 85, 86, 87, 88, 89, 90, 91, 92, 93, 94, 95, 96]	[144827.17188, 93689.28125, 81066.82031, 182480.95312, 154605.07812, 136439.98438, 167761.82812, 238238.42188, 153989.6875, 91280.125, 182484.3125, 164699.46875, 107140.30469, 126138.0625, 128556.51562, 136295.1875, 124602.05469, 91132.9375, 172380.14062, 218564.875, 167682.84375, 105892.40625, 204055.28125, 183771.60938, 159835.42188, 138766.51562, 164560.73438, 97807.01562, 135660.65625, 142518.23438, 48998.875, 89983.79688, 194430.625, 134104.65625, 79373.76562, 197713.90625, 124172.85938, 105075.64844, 129565.53906, 91509.6875, 130743.71875, 132216.01562, 122228.10156, 141399.9375, 104912.17188, 159111.21875, 123436.39062, 93410.24219, 131826.0625, 80619.46875, 174280.03125, 173176.64062, 65930.13281, 132101.1875, 133116.17188, 154958.14062]	48	-0.14071	-100	508
1627.46919	52.78476	102974.88281	2461488.25	4	2	32	407.87457	52.621	52.90324	0	0	[20, 21, 22, 23, 24, 25, 26, 27, 28, 29, 30, 31, 32, 33, 34, 35, 36, 37, 38, 39, 40, 41, 42, 43, 44, 45, 46, 47, 48, 49, 50, 51]	[61960.35547, 71657.61719, 81341.19531, 48971.28906, 93637.98438, 31753.80469, 63768.46094, 78736.17188, 98444.08594, 96819.19531, 97121.54688, 64729.71875, 73954.79688, 74081.35156, 60441.71094, 65510.5625, 80662.89844, 83112.24219, 102974.88281, 33022.72656, 75352.72656, 93036.875, 74014.57812, 94104.17188, 91631.14062, 92666.40625, 100770.28125, 100115.9375, 86984.59375, 81562.07031, 71375.67188, 37171.46484]	38	-4.44254	-100	509
1277.46933	53.31494	97823.75	332148.4375	2	2	7	639.74194	53.31494	53.36751	0	0	[104, 105, 106, 107, 108, 109, 110]	[97823.75, 83168.60938, 39542.50781, 43113.37109, 28253.25781, 18376.34961, 21870.60938]	104	-1.66116	-100	510
2706.44194	52.58212	95521.98438	981636.5625	6	2	18	452.08093	52.54578	52.69494	0	0	[11, 12, 13, 14, 15, 16, 17, 18, 19, 20, 21, 22, 23, 24, 25, 26, 27, 28]	[25604.50391, 47037.1875, 29909.16992, 23511.73438, 95521.98438, 52021.9375, 49193.76562, 35744.16016, 59794.17188, 61676.23047, 71241.88281, 67693.70312, 57974.36328, 68456.92188, 44959.69141, 75307.60938, 58614.80469, 57372.72656]	15	3.7308	-100	511
1696.92458	52.54578	42756.78125	68057.53906	3	2	2	566.6488	52.54578	52.55588	0	0	[11, 12]	[42756.78125, 25300.75977]	11	-2.43626	-100	512
1731.962	53.41626	106546.85156	502443	3	2	8	578.32794	53.36084	53.41626	0	0	[109, 110, 111, 112, 113, 114, 115, 116]	[16260.36523, 79828.42188, 84813.52344, 44115.64062, 30219.27539, 71519.29688, 69139.625, 106546.85156]	116	2.36287	-100	513
611.17565	53.00682	244345.25	12314276	1	2	72	612.18292	52.45331	53.06523	0	0	[0, 1, 2, 3, 4, 5, 6, 7, 8, 9, 10, 11, 12, 13, 14, 15, 16, 17, 18, 19, 20, 21, 22, 23, 24, 25, 26, 27, 28, 29, 30, 31, 32, 33, 34, 35, 36, 37, 38, 39, 40, 41, 42, 43, 44, 45, 46, 47, 48, 49, 50, 51, 52, 53, 54, 55, 56, 57, 58, 59, 60, 61, 62, 63, 64, 65, 66, 67, 68, 69, 70, 71]	[141024.03125, 164141.75, 207550.20312, 210000.15625, 231209.6875, 166072.26562, 158206.10938, 133086.98438, 163337, 133656.32812, 126002.57031, 192270.65625, 127349.16406, 171659.46875, 190705.39062, 170238.5625, 171901.14062, 148963.14062, 173931.42188, 146962.625, 216987.14062, 191413.125, 160034.90625, 134819.375, 159022.375, 167297.35938, 183702.95312, 190509.59375, 232336.35938, 200477.78125, 181824.76562, 167692.4375, 187001.59375, 177597.28125, 171030.57812, 132168.40625, 196299.65625, 193186.95312, 153938.125, 163399, 172116.60938, 191177.875, 176796.625, 109954.82031, 142543.8125, 137967.40625, 192226.875, 157862.79688, 190866.875, 156890.78125, 239008.46875, 196850.48438, 134361.20312, 173157.5625, 202812.57812, 149892.03125, 221588.04688, 139353.42188, 199676.76562, 126161.375, 147910.10938, 197345.60938, 151042.10938, 147911.35938, 244345.25, 178216.04688, 130989.60156, 191750.0625, 226731.39062, 152175.125, 124026.73438, 121557.07812]	64	-3.3477	-100	514
1317.72716	52.45944	49910.79688	118579.4375	3	2	3	440.24966	52.45331	52.46841	0	0	[0, 1, 2]	[22055.41016, 49910.79688, 46613.23047]	1	-1.69747	-100	515
1239.71279	52.57346	27568.13477	93417.82812	3	2	4	414.24487	52.54578	52.57346	0	0	[11, 12, 13, 14]	[26166.52148, 23307.59766, 16375.57715, 27568.13477]	14	-0.53133	-100	516
1221.69915	52.54578	133581.6875	1505323.625	3	2	20	408.24033	52.45331	52.61341	0	0	[0, 1, 2, 3, 4, 5, 6, 7, 8, 9, 10, 11, 12, 13, 14, 15, 16, 17, 18, 19]	[65971.90625, 46267.86328, 57618.46484, 86378.55469, 50840.77734, 103349.71875, 87652.20312, 51936.41016, 48286.44141, 53087.69141, 127880.33594, 133581.6875, 76699.55469, 93555.61719, 78381.17969, 85940.17969, 73226.5625, 66984.75, 68303.57812, 49380.25]	11	0.18103	-100	517
2705.55571	52.50173	32423.69727	103500.86719	6	2	4	451.93323	52.48818	52.50758	0	0	[4, 5, 6, 7]	[30051.54492, 21193.72461, 32423.69727, 19831.89844]	6	-7.85407	-100	518
2412.34983	52.87779	20299.83008	66432.89844	6	2	4	403.06558	52.87188	52.89437	0	0	[47, 48, 49, 50]	[15896.44824, 20299.83008, 14871.38965, 15365.22754]	48	2.49262	-100	519
409.94829	53.26325	291765.5625	9297828	1	2	47	410.95557	53.06014	53.41626	0	0	[70, 71, 72, 73, 74, 75, 76, 77, 78, 79, 80, 81, 82, 83, 84, 85, 86, 87, 88, 89, 90, 91, 92, 93, 94, 95, 96, 97, 98, 99, 100, 101, 102, 103, 104, 105, 106, 107, 108, 109, 110, 111, 112, 113, 114, 115, 116]	[144979.20312, 113020.35938, 157609.76562, 176422.89062, 222435.42188, 182933.53125, 180647.10938, 180151.09375, 267936.15625, 240606.01562, 255363.0625, 239612.84375, 204378.6875, 162134.07812, 188528.34375, 162022.40625, 167213.92188, 269613.78125, 244008.75, 216771.46875, 222930.65625, 236540.67188, 216407.14062, 202099.20312, 166500.25, 200389, 225007.98438, 215831.84375, 291765.5625, 118900.79688, 152807.8125, 249889.9375, 166736.76562, 247559.78125, 209375.57812, 200611.59375, 183534.125, 115258.36719, 190574.65625, 132059.54688, 178148.10938, 197835.3125, 150085.07812, 207767.28125, 229126.85938, 172177.89062, 241516.65625]	98	-4.29127	-100	520
1839.76828	52.82727	94635.08594	153533.53125	2	2	2	920.89142	52.81844	52.82727	0	0	[41, 42]	[58898.4375, 94635.08594]	42	1.17601	-100	521
910.55973	53.0379	34682.1875	92133.21875	2	2	3	456.28714	53.0379	53.05422	0	0	[67, 68, 69]	[34682.1875, 31435.64258, 26015.38672]	67	0.30628	-100	522
449.00481	53.31494	236319.15625	2235780.25	1	2	13	450.01208	53.31494	53.41626	0	0	[104, 105, 106, 107, 108, 109, 110, 111, 112, 113, 114, 115, 116]	[236319.15625, 226017.85938, 198122.01562, 166004.98438, 229998.28125, 86698.23438, 170569.34375, 185141.98438, 167591.23438, 148220.60938, 73840.34375, 161381.8125, 185874.34375]	104	-4.83872	-100	523
1894.68713	53.17936	26013.9082	87127.02344	5	2	5	379.9447	53.14882	53.17936	0	0	[83, 84, 85, 86, 87]	[14152.8623, 17382.91602, 17263.4668, 12313.87109, 26013.9082]	87	-7.05991	-100	524
1472.58418	53.25744	21912.91797	63459.02344	4	2	4	369.15332	53.24254	53.26325	0	0	[95, 96, 97, 98]	[13277.62695, 10480.27441, 21912.91797, 17788.20312]	97	-2.63216	-100	525
1788.79795	52.70083	61926.08594	148807.09375	2	2	3	895.40625	52.69494	52.70979	0	0	[28, 29, 30]	[59458.67969, 61926.08594, 27422.33594]	29	0.55752	-100	526
1060.5709	52.59703	153007.21875	3929836.5	2	2	39	531.29272	52.45331	52.78476	0	0	[0, 1, 2, 3, 4, 5, 6, 7, 8, 9, 10, 11, 12, 13, 14, 15, 16, 17, 18, 19, 20, 21, 22, 23, 24, 25, 26, 27, 28, 29, 30, 31, 32, 33, 34, 35, 36, 37, 38]	[113883.00781, 75578.08594, 96838.25781, 96979.23438, 82714.35938, 114776.21875, 140870.8125, 141242.48438, 148185, 111008.875, 81264.47656, 103841.09375, 88845.91406, 81638.20312, 123714.42188, 119538.15625, 123882.21094, 153007.21875, 128366.91406, 109045.40625, 120180.53906, 128366.97656, 87245.90625, 101382.14062, 118326.19531, 125030.78125, 93572.77344, 127167.60938, 87206.71094, 143651.35938, 108211.8125, 65756.75, 24899.80664, 92936.14062, 72855.83594, 47131.21875, 54375.21094, 69456.28906, 26861.91016]	17	0.73146	-100	527
741.80552	52.59703	21530.9043	54975.66797	2	2	3	371.91003	52.59703	52.61341	0	0	[17, 18, 19]	[21530.9043, 13757.48242, 19687.28125]	17	-4.88865	-100	528
1231.77837	52.992	78049.58594	153076.9375	3	2	3	411.60007	52.98166	53.0009	0	0	[61, 62, 63]	[50396.19922, 78049.58594, 24631.14844]	62	0.89409	-100	529
620.35308	52.81844	65978.32031	130429.25	1	2	2	621.36035	52.81844	52.82727	0	0	[41, 42]	[65978.32031, 64450.92969]	41	3.85167	-100	530
2327.48869	52.65047	29161.97852	41872.84375	6	2	2	388.92206	52.65047	52.65658	0	0	[23, 24]	[29161.97852, 12710.86426]	23	-6.91529	-100	531
1271.19065	52.74168	147606.96875	1410207.875	2	2	19	636.6026	52.62862	52.79515	0	0	[21, 22, 23, 24, 25, 26, 27, 28, 29, 30, 31, 32, 33, 34, 35, 36, 37, 38, 39]	[92891.26562, 56508.53516, 31855.67578, 45256.3125, 56436.28906, 61284.57812, 76256.54688, 75841.67969, 122787.21094, 71200.25, 60192.1875, 121878.74219, 147606.96875, 58104.45703, 105181.26562, 74443.55469, 24486.25, 112223.00781, 15773.13379]	33	-1.39454	-100	532
964.79526	52.77719	43243.62109	73140.5	2	2	2	483.40491	52.77719	52.78476	0	0	[37, 38]	[43243.62109, 29896.88086]	37	2.31738	-100	533
2444.71108	52.4941	54885.01172	171506.28125	5	2	6	489.94949	52.45331	52.4941	0	0	[0, 1, 2, 3, 4, 5]	[19236.73828, 40340.05078, 21494.2832, 18645.98242, 16904.21289, 54885.01172]	5	0.20666	-100	534
1840.00869	52.96548	63538.57812	125434.96875	3	2	2	614.34351	52.96548	52.97574	0	0	[59, 60]	[63538.57812, 61896.39062]	59	-1.76586	-100	535
2220.31797	53.10174	66577.625	250871.10938	6	2	6	371.06027	53.06523	53.10174	0	0	[71, 72, 73, 74, 75, 76]	[42738.99609, 53347.5625, 18395.25, 54943.99609, 14867.67773, 66577.625]	76	2.19475	-100	536
372.06874	52.78476	55815.07812	118986.6875	1	2	5	373.07602	52.74671	52.78476	0	0	[34, 35, 36, 37, 38]	[21575.28711, 15825.52734, 9138.0332, 16632.76562, 55815.07812]	38	4.44272	-100	537
1895.69308	53.26325	73371.03125	182768.46875	3	2	3	632.90497	53.24847	53.26325	0	0	[96, 97, 98]	[45511.32422, 63886.10547, 73371.03125]	98	4.69109	-100	538
2134.35983	53.08517	60375.64453	154575.04688	5	2	4	427.87924	53.08517	53.10769	0	0	[74, 75, 76, 77]	[60375.64453, 46580.48438, 29025.19141, 18593.72852]	74	-1.18159	-100	539
909.23697	52.45331	74205.55469	222117.01562	2	2	4	455.62576	52.45331	52.48153	0	0	[0, 1, 2, 3]	[74205.55469, 37927.30469, 71414.84375, 38569.30859]	0	2.45554	-100	540
1200.54709	53.40141	77331.80469	152041	2	2	3	601.28082	53.38512	53.40141	0	0	[112, 113, 114]	[44703.375, 30005.81055, 77331.80469]	114	0.91146	-100	541
1216.57041	53.08517	105339.85938	474843.875	2	2	9	609.29248	53.05422	53.10769	0	0	[69, 70, 71, 72, 73, 74, 75, 76, 77]	[41567.08984, 52383.50391, 48659.05859, 19501.10547, 70334.74219, 105339.85938, 31651.11133, 24263.18359, 81144.17188]	74	-1.48927	-100	542
1971.55219	53.0276	34766.67578	55361.64062	4	2	2	493.89532	53.01995	53.0276	0	0	[65, 66]	[20594.96289, 34766.67578]	66	-0.27221	-100	543
1317.72808	53.40141	67454.28906	175990.03125	3	2	3	440.24997	53.40141	53.41626	0	0	[114, 115, 116]	[67454.28906, 50631.12891, 57904.60938]	114	0.16166	-100	544
2887.40473	52.77126	78090.28125	230340.15625	4	2	4	722.85846	52.74671	52.77719	0	0	[34, 35, 36, 37]	[76332.57812, 26303.90039, 78090.28125, 49613.40234]	36	0.23066	-100	545
1350.44333	53.26325	104477.90625	572234.5	2	2	9	676.22894	53.26325	53.33276	0	0	[98, 99, 100, 101, 102, 103, 104, 105, 106]	[104477.90625, 33620.37109, 45995.36328, 80003.90625, 30996.65234, 65452.21484, 69594.04688, 84288.875, 57805.14453]	98	0.67939	-100	546
2387.84575	52.91945	28397.50977	67714.26562	6	2	3	398.98157	52.90324	52.91945	0	0	[51, 52, 53]	[22978.84766, 16337.91016, 28397.50977]	53	-4.4995	-100	547
2243.31419	52.60733	25793.86719	39306.33594	6	2	2	374.89297	52.59703	52.60733	0	0	[17, 18]	[13512.46973, 25793.86719]	18	-7.30689	-100	548
3041.5048	53.01995	23462.32227	39605.73438	6	2	2	507.92474	53.01995	53.0276	0	0	[65, 66]	[23462.32227, 16143.41406]	65	-4.24254	-100	549
1443.70493	52.63889	61047.01562	108578.35938	2	2	2	722.85974	52.62862	52.63889	0	0	[21, 22]	[47531.33984, 61047.01562]	22	-1.15269	-100	550
1990.3852	53.30325	25575.56641	46322.55859	4	2	2	498.60358	53.29732	53.30325	0	0	[102, 103]	[20746.99219, 25575.56641]	103	4.5622	-100	551
2103.31757	53.21347	122577.69531	213832.9375	4	2	3	526.83667	53.20315	53.22235	0	0	[90, 91, 92]	[64733.96094, 122577.69531, 26521.28711]	91	-0.37064	-100	552
2093.85507	52.46841	16461.21094	43609.22656	5	2	3	419.77829	52.45331	52.46841	0	0	[0, 1, 2]	[13741.35352, 13406.66211, 16461.21094]	2	0.17371	-100	553
1199.54465	53.21347	303093.75	4465474	2	2	36	600.7796	53.0379	53.29732	0	0	[67, 68, 69, 70, 71, 72, 73, 74, 75, 76, 77, 78, 79, 80, 81, 82, 83, 84, 85, 86, 87, 88, 89, 90, 91, 92, 93, 94, 95, 96, 97, 98, 99, 100, 101, 102]	[32488.50977, 62278.20312, 27776.35352, 46204.08594, 19738.50977, 100238.78125, 86716.21875, 83455.77344, 83290.92188, 87433.88281, 86967.14062, 108953.375, 108879.32031, 118322.88281, 124910.49219, 207531.10938, 126572.67969, 87710.42188, 129045.59375, 129305.625, 85097.5, 110925.28125, 95720.96875, 146764.6875, 303093.75, 220381.96875, 169812.57812, 204106.3125, 179149.5625, 102727.19531, 147425.70312, 159458, 166776.71875, 157584.04688, 222657.4375, 135972.48438]	91	0.9126	-100	554
591.87529	53.16907	64511.88672	98495.13281	1	2	2	592.88257	53.16907	53.17936	0	0	[86, 87]	[64511.88672, 33983.24609]	86	4.44191	-100	555
813.80576	53.17936	31775.46484	46570.57031	2	2	2	407.91016	53.16907	53.17936	0	0	[86, 87]	[14795.10742, 31775.46484]	87	-0.63398	-100	556
2006.51765	53.22235	51962.10547	102870.4375	4	2	2	502.63669	53.21347	53.22235	0	0	[91, 92]	[50908.33594, 51962.10547]	92	-2.784	-100	557
2165.94975	53.12135	20609.73242	48588.65625	6	2	3	361.9989	53.1127	53.12797	0	0	[78, 79, 80]	[14459.66113, 20609.73242, 13519.26172]	79	-1.73534	-100	558
459.90911	52.48153	311301.09375	3386931.25	1	2	16	460.91638	52.45331	52.58212	0	0	[0, 1, 2, 3, 4, 5, 6, 7, 8, 9, 10, 11, 12, 13, 14, 15]	[193494.75, 224073, 219910.04688, 311301.09375, 207958.3125, 224365.73438, 224495.5625, 179077.89062, 212223.1875, 208040.73438, 216132.04688, 245181.65625, 245535.90625, 123992.54688, 177533.70312, 173614.92188]	3	-6.40022	-100	559
1198.70359	53.26325	619831.375	16543057	2	2	44	600.35907	53.07922	53.41626	0	0	[73, 74, 75, 76, 77, 78, 79, 80, 81, 82, 83, 84, 85, 86, 87, 88, 89, 90, 91, 92, 93, 94, 95, 96, 97, 98, 99, 100, 101, 102, 103, 104, 105, 106, 107, 108, 109, 110, 111, 112, 113, 114, 115, 116]	[315752.96875, 327120.46875, 388586.8125, 469905.75, 256090.60938, 423269.625, 350122.8125, 462390, 491326.0625, 355790.25, 319678.34375, 372863.1875, 332689.1875, 356465.46875, 447907.65625, 394619.5, 366576.0625, 258201.21875, 415078.1875, 387130.1875, 278745.03125, 351822.78125, 428543.5625, 413798.46875, 463995.65625, 619831.375, 378576.46875, 351691.15625, 361678.0625, 297528.03125, 425292.5, 451852.53125, 424411.0625, 348759.8125, 276457.09375, 385062.875, 241371.1875, 306591.15625, 402044.03125, 280287.96875, 393026.125, 419988.34375, 310802.0625, 439336.65625]	98	-0.60904	-100	560
2294.39263	52.84353	21015.48438	35701.28125	5	2	2	459.8858	52.83323	52.84353	0	0	[43, 44]	[14685.79492, 21015.48438]	44	2.7269	-100	561
1438.84685	53.40141	55556.55859	157401.10938	3	2	4	480.62289	53.3955	53.41626	0	0	[113, 114, 115, 116]	[51645.23828, 55556.55859, 20239.39062, 29959.92578]	114	-0.56696	-100	562
505.88072	52.84353	57360.34766	97917.60938	1	2	2	506.888	52.84353	52.85389	0	0	[44, 45]	[57360.34766, 40557.26172]	44	1.76333	-100	563
1257.46139	53.09276	56758.61719	167817.14062	3	2	5	420.16107	53.07922	53.10769	0	0	[73, 74, 75, 76, 77]	[15930.91699, 20069.1875, 56758.61719, 55640.36719, 19418.04883]	75	4.50803	-100	564
2033.94869	52.8854	123456.875	1251987.25	3	2	18	678.99017	52.80812	52.94903	0	0	[40, 41, 42, 43, 44, 45, 46, 47, 48, 49, 50, 51, 52, 53, 54, 55, 56, 57]	[29269.72461, 89601.20312, 67884.53906, 68575.99219, 97481.25, 50301.05469, 61655.0625, 69248.5, 61811.83984, 123456.875, 53512.21484, 75000.77344, 90725.03906, 35448.48047, 107258.70312, 28277.94922, 90576.96875, 51900.98828]	49	-0.50663	-100	565
360.96724	52.45331	58366.88672	184492.03125	1	2	5	361.97452	52.45331	52.48818	0	0	[0, 1, 2, 3, 4]	[58366.88672, 55478.41406, 25295.67188, 21828.29883, 23522.77148]	0	-3.67523	-100	566
1286.77071	53.41626	107421.77344	878385.1875	3	2	16	429.93085	53.28849	53.41626	0	0	[101, 102, 103, 104, 105, 106, 107, 108, 109, 110, 111, 112, 113, 114, 115, 116]	[32468.04297, 26538.2793, 16590.8418, 41211.47266, 52817.69922, 34203.46484, 37873.19531, 94830.97656, 37468.05469, 59975.14844, 44888.34375, 63916.08203, 85445.69531, 95967.0625, 46769.08594, 107421.77344]	116	-2.09393	-100	567
1268.45322	53.32662	81966.24219	279843.3125	2	2	5	635.23389	53.31494	53.34909	0	0	[104, 105, 106, 107, 108]	[70223.42969, 81966.24219, 23679.59961, 47245.54297, 56728.48828]	105	-0.37308	-100	568
2140.29214	53.0379	60885.46875	211794.375	5	2	6	429.0657	53.0009	53.04385	0	0	[63, 64, 65, 66, 67, 68]	[27618.99805, 57288.39844, 18934.56641, 23824.9043, 60885.46875, 23242.0293]	67	4.20248	-100	569
1480.23054	52.4941	57888.24219	379974.96875	4	2	10	371.06491	52.45331	52.52826	0	0	[0, 1, 2, 3, 4, 5, 6, 7, 8, 9]	[17827.25195, 48993.81641, 53955.57422, 19243.375, 18870.72852, 57888.24219, 22250.75, 38276.49609, 51321.55859, 51347.16016]	5	0.73132	-100	570
1655.977	52.98166	67106.07812	279615.21875	4	2	8	415.00153	52.96548	53.0276	0	0	[59, 60, 61, 62, 63, 64, 65, 66]	[45763.46484, 20726.46875, 67106.07812, 43717.35156, 20933.5332, 24406.07227, 38905.95312, 18056.27148]	61	5.21206	-100	571
2542.38296	52.86425	61959.46094	163673.10938	3	2	3	848.46826	52.86425	52.87779	0	0	[46, 47, 48]	[61959.46094, 44801.19922, 56912.45312]	46	-2.17645	-100	572
1410.48647	53.26325	79050.17969	348050.5625	3	2	5	471.16943	53.26325	53.29732	0	0	[98, 99, 100, 101, 102]	[79050.17969, 67057.46875, 48426.78516, 77487.27344, 76028.85156]	98	-0.65711	-100	573
362.03853	52.48818	70180.60938	298538.03125	1	2	7	363.04581	52.45331	52.50173	0	0	[0, 1, 2, 3, 4, 5, 6]	[44031.32031, 61126.78125, 16524.88477, 41745.85938, 70180.60938, 35489.3125, 29439.27148]	4	-7.74851	-100	574
386.04784	52.57346	47563.98047	174851.125	1	2	7	387.05511	52.56754	52.61341	0	0	[13, 14, 15, 16, 17, 18, 19]	[25787.77734, 47563.98047, 16505.24414, 14132.75488, 29715.53711, 21325.97266, 19819.85156]	14	3.81368	-100	575
1573.8865	53.07027	62960.60938	152596.39062	3	2	3	525.63611	53.06523	53.07922	0	0	[71, 72, 73]	[42288.20703, 62960.60938, 47347.57422]	72	2.97457	-100	576
2015.06699	52.82727	61432.52344	196984.48438	2	2	4	1008.54077	52.80812	52.83323	0	0	[40, 41, 42, 43]	[52464.30859, 46987.65234, 61432.52344, 36099.99609]	42	0.27986	-100	577
2034.6975	53.26325	89348.05469	670427.3125	5	2	15	407.94678	53.22235	53.33276	0	0	[92, 93, 94, 95, 96, 97, 98, 99, 100, 101, 102, 103, 104, 105, 106]	[25815.90234, 47041.24609, 21891.18359, 21185.08789, 51785.55078, 21468.05664, 89348.05469, 50932.10547, 41290.10547, 58098.63281, 67332.19531, 19291.43359, 77229.3125, 27028.72852, 50689.67578]	98	-7.34319	-100	578
1704.9219	52.68333	61615.20312	86092.6875	3	2	2	569.31458	52.68333	52.69494	0	0	[27, 28]	[61615.20312, 24477.48633]	27	0.8797	-100	579
1635.46027	52.82727	19364.79688	35015.01953	4	2	2	409.87234	52.81844	52.82727	0	0	[41, 42]	[15650.22266, 19364.79688]	42	-2.97008	-100	580
1583.9031	53.26325	72532.65625	253595.15625	3	2	4	528.97498	53.25744	53.27819	0	0	[97, 98, 99, 100]	[66907.42969, 72532.65625, 47496.41406, 66658.65625]	98	-1.10493	-100	581
2345.63957	53.1339	145885.17188	1577887.125	6	2	16	391.9472	53.07027	53.17936	0	0	[72, 73, 74, 75, 76, 77, 78, 79, 80, 81, 82, 83, 84, 85, 86, 87]	[71205.78906, 68839.89844, 72207.09375, 130304.32812, 73029.96875, 114111.46094, 100716.51562, 102979.66406, 93080.84375, 145885.17188, 118801.74219, 124028.51562, 105884.04688, 89617.60938, 68176.90625, 99017.60156]	81	-3.56212	-100	582
1150.66172	52.54578	330886.25	8158374	2	2	39	576.33813	52.45331	52.78476	0	0	[0, 1, 2, 3, 4, 5, 6, 7, 8, 9, 10, 11, 12, 13, 14, 15, 16, 17, 18, 19, 20, 21, 22, 23, 24, 25, 26, 27, 28, 29, 30, 31, 32, 33, 34, 35, 36, 37, 38]	[247930.375, 254026.64062, 291874.3125, 287495.6875, 285427.03125, 277024.1875, 295611.75, 206542.76562, 301108.53125, 171881.76562, 265744, 330886.25, 167983.82812, 315322.625, 253755.28125, 213025.8125, 222571.28125, 247780.95312, 273881.5, 191706, 159442.8125, 158657.26562, 266344.0625, 148089.01562, 162331.54688, 202824.09375, 231959.92188, 226639.42188, 134428.73438, 237466.95312, 128782.21094, 169454.09375, 157416.15625, 76643.55469, 116794.85156, 113103.375, 150861.32812, 111581.94531, 103972.14844]	11	-2.91365	-100	583
1348.73923	53.34909	76212.59375	128572.72656	2	2	3	675.37689	53.34909	53.36751	0	0	[108, 109, 110]	[76212.59375, 30775.74414, 21584.39258]	108	-2.8078	-100	584
1269.74009	53.30325	78041.46875	129599.25	2	2	2	635.87732	53.30325	53.31494	0	0	[103, 104]	[78041.46875, 51557.78125]	103	2.04882	-100	585
414.9453	52.59703	68749.75781	105106.42188	1	2	3	415.95258	52.59703	52.61341	0	0	[17, 18, 19]	[68749.75781, 19721.87305, 16634.78516]	17	-2.98517	-100	586
2104.04397	53.15384	18039.74805	47635	5	2	3	421.81607	53.15384	53.16907	0	0	[84, 85, 86]	[18039.74805, 13882.68066, 15712.57031]	84	3.53521	-100	587
1971.55231	52.53982	30272.16406	45332.75391	4	2	2	493.89536	52.52826	52.53982	0	0	[9, 10]	[15060.58984, 30272.16406]	10	-1.22494	-100	588
1652.0738	52.61341	46486.57812	163237.07812	4	2	5	414.02573	52.61341	52.65047	0	0	[19, 20, 21, 22, 23]	[46486.57812, 17375.71289, 26878.29688, 41280.93359, 31215.56445]	19	-1.8617	-100	589
2507.35228	53.32662	28656.60938	67953.92969	6	2	3	418.89932	53.31494	53.33276	0	0	[104, 105, 106]	[18280.07617, 28656.60938, 21017.24414]	105	3.92115	-100	590
414.94338	52.65658	49498.29688	91887.09375	1	2	3	415.95065	52.65047	52.66554	0	0	[23, 24, 25]	[26164.08203, 49498.29688, 16224.71484]	24	0.2634	-100	591
1894.00118	52.65658	79135.89062	287110.875	3	2	5	632.341	52.63889	52.67161	0	0	[22, 23, 24, 25, 26]	[45853.58594, 37359.26953, 79135.89062, 72663.88281, 52098.26562]	24	1.22131	-100	592
2589.21319	52.82727	90455.39844	405239.59375	5	2	7	518.84991	52.79515	52.85389	0	0	[39, 40, 41, 42, 43, 44, 45]	[55004.86719, 77634.15625, 63529.01172, 90455.39844, 19828.49609, 66001.91406, 32785.75391]	42	6.4478	-100	593
838.35985	52.81844	110348.97656	374533.6875	1	2	5	839.36713	52.80812	52.84353	0	0	[40, 41, 42, 43, 44]	[61374.26562, 110348.97656, 62992.69141, 40161.71484, 99656.03125]	41	-0.61369	-100	594
1901.01851	52.70083	67376.88281	129358.30469	3	2	2	634.68011	52.69494	52.70083	0	0	[28, 29]	[61981.42188, 67376.88281]	29	0.46714	-100	595
475.90447	52.54578	300839.21875	3244067	1	2	16	476.91174	52.45331	52.58212	0	0	[0, 1, 2, 3, 4, 5, 6, 7, 8, 9, 10, 11, 12, 13, 14, 15]	[198165.10938, 261115.9375, 232753.5, 277542.40625, 188459.0625, 197323.32812, 171753.625, 206075.04688, 243503.21875, 238915.67188, 177326.78125, 300839.21875, 190093.42188, 62368.14453, 142796.6875, 155035.60938]	11	-4.2929	-100	596
1279.72655	53.10174	96572.25781	532301	3	2	11	427.58279	53.05422	53.12135	0	0	[69, 70, 71, 72, 73, 74, 75, 76, 77, 78, 79]	[55540.65234, 42736.34766, 37388.31641, 25027.76562, 20222.85938, 14769.44531, 75000.4375, 96572.25781, 19390.98633, 66988.20312, 78663.75781]	76	-3.71568	-100	597
2228.2021	52.50758	46844.09375	69788.53906	4	2	2	558.0578	52.50173	52.50758	0	0	[6, 7]	[22944.44727, 46844.09375]	7	0.33999	-100	598
2056.12202	53.1127	88416.3125	166828.17188	4	2	3	515.03778	53.10174	53.1127	0	0	[76, 77, 78]	[23825.63672, 54586.22656, 88416.3125]	78	-2.42847	-100	599
1796.11721	53.16907	100848.52344	593892.375	3	2	8	599.71301	53.15384	53.21347	0	0	[84, 85, 86, 87, 88, 89, 90, 91]	[56250.67578, 44700.05859, 100848.52344, 80350.72656, 68823.78906, 53338.47266, 93933.6875, 95646.5]	86	0.40685	-100	600
2235.56436	52.92554	31942.98828	106132.80469	5	2	4	448.12015	52.91945	52.94309	0	0	[53, 54, 55, 56]	[25277.07617, 31942.98828, 21956.74219, 26955.99805]	54	0	-100	601
1294.75603	52.58212	100304.0625	262222.5	3	2	6	432.59262	52.54578	52.58808	0	0	[11, 12, 13, 14, 15, 16]	[28512.55078, 24081.46484, 28500.93359, 21215.14453, 100304.0625, 59608.34375]	15	-7.13678	-100	602
2561.23527	52.65658	40932.60547	93735.95312	6	2	3	427.87982	52.63889	52.65658	0	0	[22, 23, 24]	[23026.79492, 29776.55273, 40932.60547]	24	-6.07744	-100	603
1751.79214	53.00682	64572.65234	154079.0625	3	2	3	584.93799	53.00682	53.0276	0	0	[64, 65, 66]	[64572.65234, 47252.62891, 42253.78125]	64	-1.37266	-100	604
1517.86593	53.07922	50572.42578	75809.65625	3	2	2	506.96259	53.07922	53.08517	0	0	[73, 74]	[50572.42578, 25237.22852]	73	-4.05624	-100	605
972.61325	53.40141	291328.5	1789838.875	2	2	12	487.3139	53.32662	53.41626	0	0	[105, 106, 107, 108, 109, 110, 111, 112, 113, 114, 115, 116]	[58698.96875, 72299.86719, 72265.67969, 79619.42969, 66390.60938, 149526.32812, 214876.375, 127330.60156, 169696.51562, 291328.5, 245043.90625, 242762.09375]	114	0.34691	-100	606
2124.37066	53.26325	224760.15625	4904816.5	5	2	43	425.88141	53.05422	53.37916	0	0	[69, 70, 71, 72, 73, 74, 75, 76, 77, 78, 79, 80, 81, 82, 83, 84, 85, 86, 87, 88, 89, 90, 91, 92, 93, 94, 95, 96, 97, 98, 99, 100, 101, 102, 103, 104, 105, 106, 107, 108, 109, 110, 111]	[113463.11719, 55938.19531, 44767.97656, 115774.14844, 111430.07812, 117800.49219, 110200.65625, 159031.4375, 90560.89844, 117466.58594, 118156.75781, 145388.51562, 136995.125, 150883.4375, 107783.89062, 100021.26562, 105972.07031, 77238.19531, 155156, 115532.35938, 138895.4375, 78474.32812, 200632.14062, 127411.60938, 140361.45312, 87269.78125, 91174.74219, 106343.91406, 132061.5625, 224760.15625, 61973.44141, 70339.76562, 139069.625, 83918.76562, 162610.53125, 110047.89062, 139989.5625, 106764.60938, 80013.30469, 103966.92188, 76315.71094, 61941.71875, 130918.78125]	98	2.88978	-100	607
1107.71628	53.1339	70688.27344	266287.8125	2	2	5	554.86542	53.12135	53.14882	0	0	[79, 80, 81, 82, 83]	[30596.57422, 70088.01562, 70688.27344, 51108.91016, 43806.01953]	81	-3.31271	-100	608
2345.10765	52.90324	174192.0625	2134214.25	6	2	28	391.85855	52.81844	53.04385	0	0	[41, 42, 43, 44, 45, 46, 47, 48, 49, 50, 51, 52, 53, 54, 55, 56, 57, 58, 59, 60, 61, 62, 63, 64, 65, 66, 67, 68]	[89589.69531, 72070.60938, 63527.21484, 28073.23242, 71347.36719, 81556.89062, 39859.88672, 84924.375, 75475.89062, 23273.38672, 174192.0625, 73872.57031, 89350.71094, 121665.42969, 57214.23828, 77590.46094, 57677.04688, 99963.34375, 67360.90625, 80952.95312, 81764.91406, 78325, 80206.05469, 73697.40625, 49923.42969, 61618.125, 95052.3125, 84088.97656]	51	1.5409	-100	609
1481.61965	52.66554	122564.57812	1122473.5	3	2	14	494.88049	52.66554	52.78476	0	0	[25, 26, 27, 28, 29, 30, 31, 32, 33, 34, 35, 36, 37, 38]	[122564.57812, 86555.5, 121958.74219, 91185.69531, 102188.17188, 109051.32812, 48236.40234, 51868.53906, 89099.97656, 63706.55859, 55569.33594, 55599.21094, 57910, 66979.53125]	25	-4.81608	-100	610
638.8737	53.24254	54245.19141	210856.17188	1	2	5	639.88098	53.22899	53.25744	0	0	[93, 94, 95, 96, 97]	[29292.17383, 24527.76367, 54245.19141, 51258.46484, 51532.57422]	95	-2.11941	-100	611
1412.45566	53.34909	67431.10938	218090.95312	2	2	5	707.23511	53.34909	53.38512	0	0	[108, 109, 110, 111, 112]	[67431.10938, 16461.20703, 40098.80859, 56532.29297, 37567.52734]	108	1.27048	-100	612
842.19669	53.0379	25996.74219	111893.45312	2	2	5	422.10562	53.0009	53.0379	0	0	[63, 64, 65, 66, 67]	[13118.85547, 24141.71094, 25033.02734, 23603.11719, 25996.74219]	67	-2.49527	-100	613
1823.79561	52.86425	84944.83594	194934.78125	3	2	3	608.93915	52.86425	52.87779	0	0	[46, 47, 48]	[84944.83594, 25607.70703, 84382.23438]	46	1.59059	-100	614
1189.6644	53.30325	176266.23438	523315.09375	2	2	6	595.83948	53.30325	53.34909	0	0	[103, 104, 105, 106, 107, 108]	[176266.23438, 71641.34375, 89924.23438, 40570.62891, 66681.15625, 78231.5]	103	-2.97722	-100	615
1148.2053	52.53982	100625.13281	365259.09375	2	2	8	575.10992	52.4941	52.55588	0	0	[5, 6, 7, 8, 9, 10, 11, 12]	[47747.32422, 32178.12695, 23117.66992, 46045.86719, 29244.51367, 100625.13281, 64102.65234, 22197.76758]	10	-0.64955	-100	616
2243.32261	52.74168	25513.18359	38270.46875	6	2	2	374.89438	52.73576	52.74168	0	0	[32, 33]	[12757.28711, 25513.18359]	33	-6.38063	-100	617
1160.78243	52.51793	26005.70117	97332.20312	3	2	5	387.93475	52.4941	52.52826	0	0	[5, 6, 7, 8, 9]	[25002.34375, 14649.23242, 18298.25391, 26005.70117, 13376.66895]	8	-4.59224	-100	618
2670.68968	52.48818	62446.74219	590559.625	6	2	13	446.12222	52.45331	52.55588	0	0	[0, 1, 2, 3, 4, 5, 6, 7, 8, 9, 10, 11, 12]	[59405.5, 47307.4375, 23160.91992, 35047.20312, 62446.74219, 54447.8125, 20537.24023, 36803.64844, 51628.375, 40508.50781, 55972.15234, 59413.0625, 43881.00781]	4	4.67792	-100	619
402.89537	53.30325	115440.94531	206976.59375	1	2	3	403.90265	53.30325	53.32662	0	0	[103, 104, 105]	[115440.94531, 28258.66016, 63276.98438]	103	-2.75243	-100	620
435.98674	52.93421	61331.33984	118684.13281	1	2	3	436.99402	52.92554	52.94309	0	0	[54, 55, 56]	[32417.27344, 61331.33984, 24935.52344]	55	-3.01731	-100	621
2294.56857	53.29732	72298.27344	195726.59375	5	2	5	459.92099	53.26325	53.29732	0	0	[98, 99, 100, 101, 102]	[35771.69141, 17192.02344, 43671.61719, 26792.99023, 72298.27344]	102	-4.46857	-100	622
2442.38224	53.12135	55447.53125	198052.46875	6	2	8	408.07098	53.08517	53.1339	0	0	[74, 75, 76, 77, 78, 79, 80, 81]	[26131.44336, 24015.33398, 15881.58887, 13366.20215, 29484.55078, 55447.53125, 20458.41406, 13267.40918]	79	6.88761	-100	623
1565.85457	52.70083	92524.67188	280970.34375	3	2	5	522.9588	52.69494	52.73576	0	0	[28, 29, 30, 31, 32]	[23294.20703, 92524.67188, 52469.62891, 20949.02539, 91732.82031]	29	-7.36868	-100	624
475.90428	52.84353	314970	7785047	1	2	40	476.91156	52.58808	52.93421	0	0	[16, 17, 18, 19, 20, 21, 22, 23, 24, 25, 26, 27, 28, 29, 30, 31, 32, 33, 34, 35, 36, 37, 38, 39, 40, 41, 42, 43, 44, 45, 46, 47, 48, 49, 50, 51, 52, 53, 54, 55]	[169976.89062, 133687.95312, 151720.40625, 189368.84375, 176125.76562, 182968.125, 121362.32812, 149006.75, 219511.125, 70960.60156, 162352.20312, 208980.4375, 240712.15625, 151296.625, 208443.48438, 132461.3125, 146116.15625, 179152.89062, 139806.875, 193201.75, 234165.90625, 191365.125, 267938.21875, 72445.05469, 243598.35938, 210530.6875, 273949.34375, 225812.29688, 314970, 255022.375, 245422.71875, 250437.04688, 214185.32812, 233983.26562, 278397.3125, 190656.125, 201779.5, 185361.46875, 257028.26562, 110784.47656]	44	-3.07658	-100	625
2234.27957	52.77126	32205.81445	58591.20312	5	2	2	447.86319	52.77126	52.77719	0	0	[36, 37]	[32205.81445, 26385.39062]	36	6.69938	-100	626
1213.69268	52.50758	52880.14453	300318.8125	3	2	8	405.5715	52.50173	52.56754	0	0	[6, 7, 8, 9, 10, 11, 12, 13]	[51575.93359, 52880.14453, 24282.76172, 14572.76465, 51702.42188, 52759.77734, 23250.86719, 29294.11523]	7	5.75875	-100	627
751.87809	52.74168	599729.375	15077105	2	2	39	376.94632	52.45331	52.78476	0	0	[0, 1, 2, 3, 4, 5, 6, 7, 8, 9, 10, 11, 12, 13, 14, 15, 16, 17, 18, 19, 20, 21, 22, 23, 24, 25, 26, 27, 28, 29, 30, 31, 32, 33, 34, 35, 36, 37, 38]	[367226.28125, 327872.875, 365936.1875, 312917, 362984.15625, 378180.25, 375971.625, 248000.40625, 298311.25, 238903.5, 406474.46875, 356746.96875, 345832.34375, 528456.6875, 412498.34375, 482061.71875, 312108.59375, 370604.9375, 432791.46875, 259400.71875, 398335.9375, 428030.125, 470216, 415944.75, 353917.40625, 534768.8125, 521387.75, 293487.28125, 365293.125, 485360.53125, 487702.25, 377661.3125, 357663.53125, 599729.375, 371815.6875, 288266.53125, 402516.21875, 371036.96875, 370692.3125]	33	1.8349	-100	628
1370.30974	53.37916	59890.93359	83172.375	3	2	2	457.77719	53.36751	53.37916	0	0	[110, 111]	[23281.43945, 59890.93359]	111	-6.55643	-100	629
525.88732	53.17936	463512.03125	37274748	1	2	117	526.89459	52.45331	53.41626	0	0	[0, 1, 2, 3, 4, 5, 6, 7, 8, 9, 10, 11, 12, 13, 14, 15, 16, 17, 18, 19, 20, 21, 22, 23, 24, 25, 26, 27, 28, 29, 30, 31, 32, 33, 34, 35, 36, 37, 38, 39, 40, 41, 42, 43, 44, 45, 46, 47, 48, 49, 50, 51, 52, 53, 54, 55, 56, 57, 58, 59, 60, 61, 62, 63, 64, 65, 66, 67, 68, 69, 70, 71, 72, 73, 74, 75, 76, 77, 78, 79, 80, 81, 82, 83, 84, 85, 86, 87, 88, 89, 90, 91, 92, 93, 94, 95, 96, 97, 98, 99, 100, 101, 102, 103, 104, 105, 106, 107, 108, 109, 110, 111, 112, 113, 114, 115, 116]	[284965.125, 258502.875, 333663.5625, 294607.25, 336109.28125, 360395.1875, 340307.90625, 243843.9375, 335577.71875, 221992.32812, 371028.78125, 395837.25, 239794.70312, 317702.21875, 374171.28125, 248585.60938, 252127.875, 357188.9375, 291615.34375, 261275.40625, 357173.53125, 276482.21875, 340746.4375, 307080.40625, 294264.15625, 309348.59375, 285516.25, 311153.59375, 385667.71875, 387228.28125, 331923.09375, 254893.9375, 294180.625, 344926.84375, 266433.84375, 254385.1875, 352922.21875, 298399.71875, 396308.0625, 125671.28125, 289159.09375, 282333.84375, 411063.90625, 221317.48438, 255069.64062, 277217.5625, 375336.71875, 267233.8125, 395376, 434652.3125, 293548.40625, 342460.15625, 278927.21875, 417578.65625, 366014.40625, 343321.6875, 314536.875, 301460.84375, 398377.75, 267168.40625, 430058.71875, 318439.625, 251318.39062, 353938.78125, 419473.75, 309788.78125, 238156.625, 398705.5625, 408033.25, 304149.71875, 240784.75, 237166.29688, 326359.125, 330744.21875, 314194.78125, 352773.71875, 343669.21875, 287038.21875, 366283.84375, 365999.1875, 334561.59375, 431603.125, 396825.28125, 269599.21875, 339264.71875, 317813.03125, 274878.40625, 463512.03125, 388886.40625, 380493.71875, 273365.5625, 382347.84375, 267448.15625, 302059.21875, 296644.75, 326860.25, 297311.3125, 351954.6875, 446788, 229917.03125, 275912.90625, 390221.3125, 261968.5625, 303208.34375, 297943.0625, 388346.96875, 271560.15625, 223481.0625, 304649.28125, 212852.60938, 272794.78125, 330155.75, 256757.26562, 340404.59375, 332166.125, 280478.25, 336478.0625]	87	-0.49305	-100	630
2304.25361	53.41626	169361.98438	406474.875	4	2	4	577.07068	53.3955	53.41626	0	0	[113, 114, 115, 116]	[73174.05469, 79161.35938, 84777.46094, 169361.98438]	116	1.40111	-100	631
406.11464	53.31494	83965.57812	801276.25	1	2	13	407.12192	53.31494	53.41626	0	0	[104, 105, 106, 107, 108, 109, 110, 111, 112, 113, 114, 115, 116]	[83965.57812, 68926.69531, 72265.44531, 57991.23047, 67173, 46745.69141, 42765.13281, 63332.94922, 53568.41016, 55408.42969, 64464.27734, 43969.52734, 80699.90625]	104	-4.17055	-100	632
2465.47624	52.46841	22697.375	58806.31641	6	2	3	411.91998	52.45944	52.48153	0	0	[1, 2, 3]	[16603.20508, 22697.375, 19505.73828]	2	-1.42976	-100	633
2144.44345	52.86425	64703.49219	488562.4375	5	2	11	429.89597	52.80812	52.89437	0	0	[40, 41, 42, 43, 44, 45, 46, 47, 48, 49, 50]	[43029.5, 46899.91797, 40695.49219, 37186.79688, 52842.34375, 61130.92969, 64703.49219, 38635.23438, 25255.75781, 28743.06445, 49439.86328]	46	-7.03973	-100	634
2639.28453	52.59703	58642.34766	78231.22656	6	2	2	440.88803	52.58808	52.59703	0	0	[16, 17]	[19588.87891, 58642.34766]	17	-5.08425	-100	635
1841.00661	52.78476	98074.66406	217914.48438	3	2	5	614.67615	52.75836	52.79515	0	0	[35, 36, 37, 38, 39]	[48980.72656, 30262.87695, 26312.44141, 98074.66406, 14283.76074]	38	0.09802	-100	636
2585.38066	52.77126	55874.08594	114299.51562	6	2	3	431.90405	52.74671	52.77126	0	0	[34, 35, 36]	[22119.15234, 36306.28125, 55874.08594]	36	5.65981	-100	637
2303.42222	52.74168	32016.51758	94970.625	6	2	4	384.91098	52.72279	52.74671	0	0	[31, 32, 33, 34]	[18833.98438, 19201.58203, 32016.51758, 24918.53906]	33	-2.27526	-100	638
1843.91378	53.18824	135299.20312	539571.5625	3	2	6	615.6452	53.16907	53.21347	0	0	[86, 87, 88, 89, 90, 91]	[40360.39844, 109904.47656, 135299.20312, 54684.73047, 118478.38281, 80844.42969]	88	-0.97793	-100	639
417.91612	53.00682	351812.875	19735898	1	2	75	418.9234	52.82727	53.41626	0	0	[42, 43, 44, 45, 46, 47, 48, 49, 50, 51, 52, 53, 54, 55, 56, 57, 58, 59, 60, 61, 62, 63, 64, 65, 66, 67, 68, 69, 70, 71, 72, 73, 74, 75, 76, 77, 78, 79, 80, 81, 82, 83, 84, 85, 86, 87, 88, 89, 90, 91, 92, 93, 94, 95, 96, 97, 98, 99, 100, 101, 102, 103, 104, 105, 106, 107, 108, 109, 110, 111, 112, 113, 114, 115, 116]	[286345.15625, 244520.71875, 194322.15625, 198777.90625, 260817.10938, 267271.5625, 347130.4375, 238332.03125, 306397.9375, 328691.28125, 281115.40625, 341079.6875, 314438.59375, 223964.125, 243478.0625, 295108.15625, 312571.125, 284366.09375, 288745.125, 260743.98438, 232358.46875, 250305.09375, 351812.875, 266896.34375, 227830.0625, 240086.57812, 274714.875, 275430.0625, 224015.70312, 274253.625, 243608.875, 305508.65625, 303312.71875, 243618.17188, 257908.40625, 207473.21875, 277264.71875, 279282.65625, 275069.65625, 273304.46875, 289749.25, 247697.28125, 272031.5625, 227782.48438, 261128.90625, 299488.46875, 228784.82812, 244934.26562, 232711.07812, 292245.0625, 299752.1875, 254821.95312, 198154.90625, 239164.75, 231411.5, 288338.15625, 249424.84375, 244633.89062, 229157.76562, 272721.21875, 312553.53125, 155431.51562, 234655.73438, 260883.32812, 244591.29688, 204710.76562, 244893.625, 190461.46875, 264322.5625, 331157.0625, 215199.125, 329992.625, 306434.4375, 269387.90625, 264815.03125]	64	-4.86467	-100	640
719.79953	53.28849	17614.5	49649.82422	2	2	3	360.90704	53.27224	53.28849	0	0	[99, 100, 101]	[16672.33789, 15362.9873, 17614.5]	101	-2.06719	-100	641
2064.54354	52.48153	53797.95312	243481.90625	5	2	7	413.91599	52.45331	52.50173	0	0	[0, 1, 2, 3, 4, 5, 6]	[20348.04492, 47896.32812, 25338.25781, 53797.95312, 27681.46875, 27323.03516, 41096.80469]	3	2.4837	-100	642
386.08531	52.52826	48946.39453	140112.75	1	2	6	387.09259	52.48818	52.52826	0	0	[4, 5, 6, 7, 8, 9]	[19872.20898, 23703.85547, 19203.26953, 11350.8623, 17036.15625, 48946.39453]	9	2.151	-100	643
753.80619	53.34909	110695.55469	907153.75	2	2	11	377.91037	53.30325	53.3955	0	0	[103, 104, 105, 106, 107, 108, 109, 110, 111, 112, 113]	[27437.0625, 91755.17188, 91892.47656, 61450.57031, 77863.13281, 110695.55469, 99836.00781, 94460, 98119.84375, 77552.53906, 76091.30469]	108	-6.60072	-100	644
2541.37348	53.26325	76953.39062	144471.78125	4	2	4	636.35065	53.25744	53.27819	0	0	[97, 98, 99, 100]	[25062.17383, 76953.39062, 19856.67383, 22599.55469]	98	1.30311	-100	645
731.78171	53.25744	54091.91406	223465.35938	2	2	6	366.89813	53.23493	53.27224	0	0	[94, 95, 96, 97, 98, 99]	[23902.69141, 36756.10938, 23494.98828, 54091.91406, 48763.46484, 36456.19141]	97	-6.05051	-100	646
964.79392	52.56754	61737.94141	193083.15625	2	2	6	483.40424	52.51793	52.56754	0	0	[8, 9, 10, 11, 12, 13]	[18133.42383, 15981.91602, 28555.12695, 21467.55273, 47207.19531, 61737.94141]	13	6.03925	-100	647
1819.23562	52.94309	13905.17871	23900.4043	5	2	2	364.8544	52.94309	52.94903	0	0	[56, 57]	[13905.17871, 9995.22559]	56	6.96629	-100	648
1316.77639	52.992	48990.40625	93634.29688	3	2	3	439.93274	52.992	53.00682	0	0	[62, 63, 64]	[48990.40625, 22310.1875, 22333.70508]	62	-0.56643	-100	649
2104.04611	52.84353	21438.48047	33904.52344	5	2	2	421.8165	52.83323	52.84353	0	0	[43, 44]	[12466.04395, 21438.48047]	44	3.62143	-100	650
1472.58418	53.08517	18994.33984	36296.64844	4	2	2	369.15332	53.08517	53.09276	0	0	[74, 75]	[18994.33984, 17302.31055]	74	1.15815	-100	651
2639.2827	53.10174	71950.34375	539245.625	6	2	11	440.88773	53.06014	53.12797	0	0	[70, 71, 72, 73, 74, 75, 76, 77, 78, 79, 80]	[43680.42969, 69466.55469, 21621.00391, 62594.86328, 44828.05078, 24774.3418, 71950.34375, 55469.13672, 70663.51562, 17968.42188, 56228.98047]	76	-4.68074	-100	652
2484.4716	52.65658	22805.25977	43431.60938	6	2	2	415.08588	52.65658	52.66554	0	0	[24, 25]	[22805.25977, 20626.34766]	24	3.88695	-100	653
504.31096	53.17936	65808.28906	88018.75	1	2	2	505.31824	53.17936	53.18824	0	0	[87, 88]	[65808.28906, 22210.45703]	87	-8.00471	-100	654
2589.21319	52.93421	101264.42969	1026253.25	5	2	15	518.84991	52.86425	52.97574	0	0	[46, 47, 48, 49, 50, 51, 52, 53, 54, 55, 56, 57, 58, 59, 60]	[65771.75, 53046.57031, 24883.05078, 37960.96875, 85931.15625, 74436, 59784.16406, 93740.125, 99329.60938, 101264.42969, 83408.71094, 26755.39258, 89427.08594, 53911.33203, 76603.00781]	55	5.68923	-100	655
1728.81405	53.00682	172757.23438	3487747.5	3	2	37	577.27863	52.84353	53.12797	0	0	[44, 45, 46, 47, 48, 49, 50, 51, 52, 53, 54, 55, 56, 57, 58, 59, 60, 61, 62, 63, 64, 65, 66, 67, 68, 69, 70, 71, 72, 73, 74, 75, 76, 77, 78, 79, 80]	[83886.74219, 87180, 54619.74609, 121612.49219, 113431.74219, 115498.85156, 96927.72656, 129359.03125, 91711.77344, 40144.5625, 58514.49219, 105069.21094, 118229.52344, 55721.78516, 136737.28125, 96635.07031, 132164.89062, 154743, 76157.86719, 113289.125, 172757.23438, 92193.60156, 122274.14062, 120970.46094, 137385.25, 61015.16016, 68472.60156, 48661.89453, 87128.23438, 66518.26562, 66709.17969, 76288.875, 103910.21094, 88892.22656, 58516.35547, 56800.25, 77618.53906]	64	0.32309	-100	656
1535.50251	52.70979	13106.86621	24210	4	2	2	384.8829	52.70979	52.72279	0	0	[30, 31]	[13106.86621, 11103.13281]	30	5.24185	-100	657
1587.95687	52.97574	247682.35938	5660670.5	3	2	52	530.32623	52.80812	53.21347	0	0	[40, 41, 42, 43, 44, 45, 46, 47, 48, 49, 50, 51, 52, 53, 54, 55, 56, 57, 58, 59, 60, 61, 62, 63, 64, 65, 66, 67, 68, 69, 70, 71, 72, 73, 74, 75, 76, 77, 78, 79, 80, 81, 82, 83, 84, 85, 86, 87, 88, 89, 90, 91]	[72427.91406, 65852.14844, 76065.57031, 87859.0625, 143150.70312, 80156.05469, 137705.59375, 88001.97656, 213544.45312, 64739.45703, 118612.50781, 138314.375, 127011.48438, 180161.5625, 155943.48438, 176710.40625, 210925.48438, 74509.11719, 164383.625, 180344.875, 247682.35938, 179210.98438, 175913.39062, 125081.47656, 135091.40625, 188101.25, 78950.07031, 185494.5625, 113895.67188, 128633.33594, 100487.07031, 102358.78125, 140720.375, 79433.11719, 70356.80469, 88854.85156, 68693.65625, 24591.99219, 77330.69531, 46184.35938, 66261.72656, 65217.48438, 81736.28125, 81852.6875, 74861.58594, 79145.53906, 63049.75, 65722.77344, 66748.89844, 26702.24805, 21389.25, 54496.40234]	60	-0.3669	-100	658
2610.23906	53.33276	19019.44336	37026.14844	6	2	2	436.04712	53.33276	53.34312	0	0	[106, 107]	[19019.44336, 18006.70508]	106	-4.92297	-100	659
2861.43669	53.34909	80697.28125	396204.875	6	2	7	477.91339	53.31494	53.36751	0	0	[104, 105, 106, 107, 108, 109, 110]	[20140.03906, 32859.85156, 62511.69922, 56686.125, 80697.28125, 76420.86719, 66889.01562]	108	1.07267	-100	660
2898.15409	52.53982	49602.53516	131584.92188	6	2	4	484.03296	52.50758	52.53982	0	0	[7, 8, 9, 10]	[23237.38867, 18336.59375, 40408.39844, 49602.53516]	10	-4.49023	-100	661
1090.68869	53.40141	270086.6875	2799861.75	2	2	21	546.35162	53.24847	53.41626	0	0	[96, 97, 98, 99, 100, 101, 102, 103, 104, 105, 106, 107, 108, 109, 110, 111, 112, 113, 114, 115, 116]	[49949.9375, 68142.47656, 38145.30859, 67892.42969, 47788.07422, 116942.22656, 77254.40625, 92786.49219, 114508.03906, 160232.3125, 162412.57812, 102217.32812, 111754.14844, 91377.35156, 186017.64062, 240662.0625, 166853.23438, 221741.17188, 270086.6875, 182890.17188, 230207.53125]	114	-0.58455	-100	662
1894.68453	53.0379	21093.93555	41207.58594	5	2	2	379.94418	53.0379	53.04385	0	0	[67, 68]	[21093.93555, 20113.65234]	67	-5.24452	-100	663
2712.63593	53.36751	46968.64844	76913.41406	4	2	2	679.16626	53.36751	53.37916	0	0	[110, 111]	[46968.64844, 29944.76367]	110	-1.604	-100	664
2753.48393	52.60733	64867.51172	242060.23438	6	2	5	459.92126	52.58808	52.621	0	0	[16, 17, 18, 19, 20]	[38773.55078, 52501.58203, 64867.51172, 30371.65039, 55545.9375]	18	-1.1362	-100	665
1417.80686	52.58212	104829.79688	1065977	2	2	16	709.91071	52.50758	52.63889	0	0	[7, 8, 9, 10, 11, 12, 13, 14, 15, 16, 17, 18, 19, 20, 21, 22]	[50806.57812, 68351.55469, 19737.6582, 48276.67578, 79494.42969, 39146.125, 93403.38281, 103517.67188, 104829.79688, 37766.07031, 85380.52344, 85843.1875, 76748.83594, 53902.89062, 62733.24219, 56038.44922]	15	2.84245	-100	666
1107.71567	53.10174	66453.39062	110901.75	2	2	2	554.86511	53.10174	53.10769	0	0	[76, 77]	[66453.39062, 44448.35938]	76	0.45693	-100	667
2541.38422	52.97574	48791.88672	129205.1875	4	2	3	636.35333	52.96548	52.98166	0	0	[59, 60, 61]	[37702.74609, 48791.88672, 42710.55859]	60	-3.537	-100	668
1763.78737	52.74168	85032.42969	198374.0625	3	2	3	588.9364	52.72279	52.74168	0	0	[31, 32, 33]	[48188.01562, 65153.625, 85032.42969]	33	-2.6129	-100	669
2639.28196	52.92554	77054.79688	732764	6	2	17	440.8876	52.8854	53.01995	0	0	[49, 50, 51, 52, 53, 54, 55, 56, 57, 58, 59, 60, 61, 62, 63, 64, 65]	[49373.85938, 61721.96484, 30221.80664, 38974.30469, 27122.48828, 77054.79688, 18483.58594, 23373.08398, 26087.36719, 50197.71875, 45888.94141, 51609.22656, 48500.05859, 23872.00977, 53955.54297, 60746.64844, 45580.63672]	54	-4.60004	-100	670
449.8879	53.00682	64415.57031	204992.48438	1	2	4	450.89517	53.00682	53.0379	0	0	[64, 65, 66, 67]	[64415.57031, 52175.42578, 30712.19336, 57689.29688]	64	0.07782	-100	671
1721.96554	53.37916	84649.74219	282846.125	3	2	4	574.99579	53.36751	53.3955	0	0	[110, 111, 112, 113]	[67643.41406, 84649.74219, 61699.00391, 68853.98438]	111	-1.51673	-100	672
2345.10838	52.70083	137795.59375	3108064.75	6	2	41	391.85867	52.45331	52.80812	0	0	[0, 1, 2, 3, 4, 5, 6, 7, 8, 9, 10, 11, 12, 13, 14, 15, 16, 17, 18, 19, 20, 21, 22, 23, 24, 25, 26, 27, 28, 29, 30, 31, 32, 33, 34, 35, 36, 37, 38, 39, 40]	[74774.89844, 74720.32812, 69527.03906, 57650.23828, 72367.46094, 118210.72656, 67065.45312, 86868.32812, 48090.19922, 55296.46484, 77808.53125, 75055.71875, 80695.44531, 77600.21875, 60290.34375, 81848.46875, 55925.54688, 67361.73438, 90787.52344, 77183.5625, 67059.92969, 72142.23438, 63372.46875, 95830.08594, 61134.96875, 102884.03906, 60227.60547, 73162.92969, 60564.0625, 137795.59375, 82603.42969, 72470.59375, 69455.04688, 121723.78125, 75883.67969, 78097.23438, 85197.60156, 90549.09375, 66042.47656, 31796.56836, 70943.38281]	29	1.6372	-100	673
1298.4758	53.3955	112237.67188	210997.96875	2	2	3	650.24518	53.3955	53.41034	0	0	[113, 114, 115]	[112237.67188, 40962.72656, 57797.5625]	113	-1.98135	-100	674
2144.44192	52.70083	46809.52734	147568.35938	5	2	4	429.89566	52.67161	52.70083	0	0	[26, 27, 28, 29]	[26836.69727, 35544.07812, 38378.05078, 46809.52734]	29	-6.6207	-100	675
753.80594	53.41626	95025.72656	152018.01562	2	2	2	377.91025	53.41034	53.41626	0	0	[115, 116]	[56992.28516, 95025.72656]	116	-7.51467	-100	676
1809.43841	53.1127	14909.60059	26257.56445	5	2	2	362.89496	53.1127	53.12135	0	0	[78, 79]	[14909.60059, 11347.96387]	78	-0.64825	-100	677
1964.42956	52.87779	92889.32031	673466.3125	5	2	12	393.89319	52.84353	52.93421	0	0	[44, 45, 46, 47, 48, 49, 50, 51, 52, 53, 54, 55]	[23664.78711, 18662.6582, 86053.17188, 79884.75, 92889.32031, 22859.91406, 70422.5, 78876.70312, 58420.81641, 91080.67969, 35043.72656, 15607.25586]	48	-5.54184	-100	678
570.35106	52.69494	65854.58594	130836.67188	1	2	3	571.35834	52.69494	52.70979	0	0	[28, 29, 30]	[65854.58594, 34799.69141, 30182.38867]	28	-7.09681	-100	679
1841.80001	52.8854	77436.71094	342680.28125	3	2	6	614.94061	52.87188	52.90917	0	0	[47, 48, 49, 50, 51, 52]	[65964.91406, 25011.56445, 77436.71094, 51860.72266, 60869.03906, 61537.35547]	49	-0.58776	-100	680
2101.09603	52.4941	78961.85938	197057.40625	3	2	3	701.37262	52.48818	52.50173	0	0	[4, 5, 6]	[61799.48438, 78961.85938, 56296.06641]	5	-4.58455	-100	681
1773.79006	52.60733	179080.125	3568416.75	3	2	35	592.27063	52.45331	52.74671	0	0	[0, 1, 2, 3, 4, 5, 6, 7, 8, 9, 10, 11, 12, 13, 14, 15, 16, 17, 18, 19, 20, 21, 22, 23, 24, 25, 26, 27, 28, 29, 30, 31, 32, 33, 34]	[60285.64453, 78485.79688, 109865.41406, 69432.8125, 68944.14062, 134248.85938, 65231.02734, 110941.26562, 95965.52344, 69140.4375, 122922.42969, 90668.92188, 57057.62891, 167981.5, 101433.0625, 171706.84375, 163570.23438, 134998.48438, 179080.125, 111287.25781, 123138.04688, 67675.05469, 150262.90625, 126806.89062, 97887.39844, 111135.48438, 130731.25, 111302.80469, 83959.30469, 69859.0625, 91513.6875, 81065.90625, 79239.75781, 57158.89453, 23432.48438]	18	0.72545	-100	682
1750.79055	52.94309	68609.59375	217593.67188	3	2	4	584.60413	52.92554	52.94903	0	0	[54, 55, 56, 57]	[57216.51562, 46519.9375, 68609.59375, 45247.625]	56	1.47951	-100	683
1480.22858	52.59703	64925.42578	119376.77344	4	2	2	371.06442	52.58808	52.59703	0	0	[16, 17]	[54451.34766, 64925.42578]	17	2.92529	-100	684
372.06816	53.12797	64488.11328	314737.4375	1	2	11	373.07544	53.12135	53.1942	0	0	[79, 80, 81, 82, 83, 84, 85, 86, 87, 88, 89]	[21903.26758, 64488.11328, 19647.54883, 22002.53516, 20841.57031, 25348.85547, 37984.28906, 18420.44727, 21822.50195, 23232.85156, 39045.44531]	80	4.75268	-100	685
1120.60483	53.1127	54524.8125	148985.70312	2	2	3	561.30969	53.1127	53.12797	0	0	[78, 79, 80]	[54524.8125, 50584.13672, 43876.75391]	78	-7.63447	-100	686
2327.19389	53.29732	29683.77148	64900.02344	6	2	3	388.87292	53.27819	53.29732	0	0	[100, 101, 102]	[19214.55664, 16001.69141, 29683.77148]	102	6.72176	-100	687
1819.23699	53.00682	16891.61523	54604.41016	5	2	4	364.85468	52.992	53.01995	0	0	[62, 63, 64, 65]	[13763.19727, 13009.78906, 16891.61523, 10939.80762]	64	6.96628	-100	688
721.79624	52.67161	304826.40625	7092270.5	2	2	36	361.9054	52.45331	52.75836	0	0	[0, 1, 2, 3, 4, 5, 6, 7, 8, 9, 10, 11, 12, 13, 14, 15, 16, 17, 18, 19, 20, 21, 22, 23, 24, 25, 26, 27, 28, 29, 30, 31, 32, 33, 34, 35]	[174895.65625, 230723.65625, 185638.21875, 147987.92188, 190730.04688, 267235.15625, 177806.59375, 151694.60938, 200721.67188, 87292.64844, 211743.42188, 224246.6875, 192071.23438, 229377.46875, 188645.59375, 188170.23438, 199707.5625, 248961.89062, 217716.51562, 173270.5, 213809.96875, 188747.5625, 200137.84375, 205135.75, 163633.15625, 186541.70312, 304826.40625, 142426.29688, 221603.07812, 241643.875, 245620.17188, 152509.67188, 216151.09375, 158782.75, 179183.3125, 182880.10938]	26	-4.11732	-100	689
1883.38142	53.41034	48913.27344	74820.76562	4	2	2	471.85263	53.41034	53.41626	0	0	[115, 116]	[48913.27344, 25907.49023]	115	5.46552	-100	690
478.87273	53.17936	101760.41406	373042.5625	1	2	6	479.88	53.14284	53.17936	0	0	[82, 83, 84, 85, 86, 87]	[55391.74609, 71368.52344, 61820.94531, 34377.69922, 48323.23828, 101760.41406]	87	3.61523	-100	691
2064.54354	53.36751	41432.73828	273976.8125	5	2	10	413.91599	53.30325	53.38512	0	0	[103, 104, 105, 106, 107, 108, 109, 110, 111, 112]	[21308.41016, 14668.47266, 38076.04297, 23506.04102, 22358.24219, 25362.85156, 39607.85156, 41432.73828, 30086.14844, 17570.01953]	110	3.90296	-100	692
2374.13027	52.70083	58920.66406	116385.48438	3	2	2	792.38403	52.70083	52.70979	0	0	[29, 30]	[58920.66406, 57464.81641]	29	0.13397	-100	693
2274.44868	52.62862	77136.41406	120773.09375	4	2	2	569.61945	52.62862	52.63889	0	0	[21, 22]	[77136.41406, 43636.67578]	21	2.52766	-100	694
1127.68859	52.70979	79621.42969	282698.40625	3	2	5	376.90347	52.68333	52.72279	0	0	[27, 28, 29, 30, 31]	[61655.10547, 23247.60156, 77352.95312, 79621.42969, 40821.30469]	30	-4.48906	-100	695
1796.98859	53.37916	114565.41406	411802.9375	4	2	6	450.25443	53.37916	53.41626	0	0	[111, 112, 113, 114, 115, 116]	[114565.41406, 63469.79688, 28023.38281, 98141.71875, 47256.88281, 60345.75781]	111	2.11076	-100	696
1169.82766	53.0379	582618	30567520	3	2	80	390.94983	52.77719	53.41626	0	0	[37, 38, 39, 40, 41, 42, 43, 44, 45, 46, 47, 48, 49, 50, 51, 52, 53, 54, 55, 56, 57, 58, 59, 60, 61, 62, 63, 64, 65, 66, 67, 68, 69, 70, 71, 72, 73, 74, 75, 76, 77, 78, 79, 80, 81, 82, 83, 84, 85, 86, 87, 88, 89, 90, 91, 92, 93, 94, 95, 96, 97, 98, 99, 100, 101, 102, 103, 104, 105, 106, 107, 108, 109, 110, 111, 112, 113, 114, 115, 116]	[343484.125, 500271.0625, 138597.32812, 328681.21875, 364239.6875, 527328.5625, 231942.45312, 342284, 333169.1875, 410878.25, 400294.4375, 475604.90625, 400554.90625, 411401.65625, 383045.875, 407340.375, 447924.875, 409154.375, 403502.125, 279375, 336756.8125, 425425.46875, 277817.90625, 390775.78125, 422713.28125, 337048.25, 385017.1875, 477267.59375, 360687.1875, 257930.89062, 582618, 515433.09375, 402803.9375, 225897.70312, 311158.65625, 410809.65625, 297433.15625, 381223.84375, 441698.09375, 382026.96875, 355318.96875, 501389.84375, 384054.3125, 516204.71875, 394047.65625, 494381.5, 353172.71875, 354648.6875, 400111.4375, 319338.625, 448602.84375, 507679.34375, 429343.75, 301560.4375, 427108.9375, 398837.3125, 362066.875, 367560.75, 296393.65625, 405478.40625, 454521.8125, 558818.5, 345490.1875, 324411.59375, 436252.34375, 400347.5, 328696.46875, 311298.3125, 466817.8125, 336855.5, 277102.96875, 360404.625, 226301.92188, 318345.46875, 499693.78125, 236966.89062, 396677.75, 501794.09375, 249936.89062, 357871.4375]	67	1.73844	-100	697
2124.37051	52.70083	212941.53125	4618641.5	5	2	42	425.88138	52.45331	52.81844	0	0	[0, 1, 2, 3, 4, 5, 6, 7, 8, 9, 10, 11, 12, 13, 14, 15, 16, 17, 18, 19, 20, 21, 22, 23, 24, 25, 26, 27, 28, 29, 30, 31, 32, 33, 34, 35, 36, 37, 38, 39, 40, 41]	[98464.57031, 87263.36719, 74232.5625, 70968.89844, 119778.36719, 140393.73438, 117250.14844, 67912.66406, 75073.92969, 76878.11719, 116068.67188, 120165.67188, 86425.91406, 151799.78125, 145357.46875, 118017.99219, 75511.5625, 133075.78125, 137161.25, 64840.03516, 124201.5, 120266.01562, 155931.375, 103103.85156, 98451.23438, 180070.35938, 134654.42188, 83019.57812, 139818.875, 212941.53125, 102645.875, 105292.82031, 103024.89844, 180069.14062, 107999.61719, 117624.35938, 96787, 156629.57812, 27491.4375, 37960.54297, 51481.68359, 102535.35156]	29	3.14476	-100	698
793.42655	52.4941	103023.86719	752291.5	2	2	13	397.72055	52.45331	52.55588	0	0	[0, 1, 2, 3, 4, 5, 6, 7, 8, 9, 10, 11, 12]	[62976.57422, 62281.33984, 97066.35938, 53349.62891, 29061.50586, 103023.86719, 88859.96875, 18088.79688, 66013.0625, 15569.3623, 64823.01953, 46702.91797, 44475.03906]	5	-4.23302	-100	699
3413.18034	53.08517	26061.13281	50814.56641	6	2	2	569.87067	53.07922	53.08517	0	0	[73, 74]	[24753.43359, 26061.13281]	74	0.76895	-100	700
899.77488	52.62862	36147.25391	60048.75781	2	2	2	450.89471	52.621	52.62862	0	0	[20, 21]	[23901.50195, 36147.25391]	21	1.16918	-100	701
1268.45037	53.26325	165909	1546149.625	3	2	19	423.82407	53.23493	53.38512	0	0	[94, 95, 96, 97, 98, 99, 100, 101, 102, 103, 104, 105, 106, 107, 108, 109, 110, 111, 112]	[152956.92188, 104933.92969, 120619.70312, 112591.26562, 165909, 71571.14844, 81904.44531, 136096.59375, 62283, 37842.86328, 74657.61719, 140936.51562, 46704.78516, 57311.83594, 28336.33984, 17788.91992, 63323.83984, 28170.52148, 42210.32031]	98	-7.1025	-100	702
1563.99873	53.32662	59434.57812	124001.01562	4	2	4	392.00696	53.31494	53.34312	0	0	[104, 105, 106, 107]	[25910.92578, 59434.57812, 21142.68164, 17512.83594]	105	0.96221	-100	703
1822.79622	52.97574	166615.48438	694575.75	3	2	7	608.60602	52.94903	53.0009	0	0	[57, 58, 59, 60, 61, 62, 63]	[90768.86719, 77811.25781, 89536.21094, 166615.48438, 104888.79688, 56079.00391, 108876.10938]	60	-0.79595	-100	704
2345.63847	53.0379	151636.64062	3317218	6	2	34	391.94702	52.78476	53.06523	0	0	[38, 39, 40, 41, 42, 43, 44, 45, 46, 47, 48, 49, 50, 51, 52, 53, 54, 55, 56, 57, 58, 59, 60, 61, 62, 63, 64, 65, 66, 67, 68, 69, 70, 71]	[103494.96094, 18541.18359, 78861.82031, 116857.80469, 86599.84375, 62756.58203, 87960.14062, 68005.6875, 103497.96094, 97447.26562, 132629.54688, 132455.5, 77304.36719, 104397.22656, 96235.34375, 107959.77344, 112900.52344, 134637.21875, 120049.64844, 129694.66406, 122952.84375, 93452.28125, 137438.32812, 54284.15234, 73960.19531, 109597.63281, 106181.61719, 82645.80469, 79032.24219, 151636.64062, 98079.625, 106228.125, 73261.0625, 56180.5]	67	-3.17703	-100	705
2154.42101	53.01995	33615.59766	174003.48438	5	2	7	431.89148	53.0009	53.05422	0	0	[63, 64, 65, 66, 67, 68, 69]	[18173.58984, 30160.01953, 33615.59766, 13044.21875, 28757.49414, 31945.43359, 18307.14062]	65	-6.07553	-100	706
535.15911	52.69494	2334157	175960928	1	2	117	536.16638	52.45331	53.41626	0	0	[0, 1, 2, 3, 4, 5, 6, 7, 8, 9, 10, 11, 12, 13, 14, 15, 16, 17, 18, 19, 20, 21, 22, 23, 24, 25, 26, 27, 28, 29, 30, 31, 32, 33, 34, 35, 36, 37, 38, 39, 40, 41, 42, 43, 44, 45, 46, 47, 48, 49, 50, 51, 52, 53, 54, 55, 56, 57, 58, 59, 60, 61, 62, 63, 64, 65, 66, 67, 68, 69, 70, 71, 72, 73, 74, 75, 76, 77, 78, 79, 80, 81, 82, 83, 84, 85, 86, 87, 88, 89, 90, 91, 92, 93, 94, 95, 96, 97, 98, 99, 100, 101, 102, 103, 104, 105, 106, 107, 108, 109, 110, 111, 112, 113, 114, 115, 116]	[1277764.375, 1281570.5, 1498147.5, 1712410.875, 2006995.875, 1608911.25, 1608559.125, 1175045.5, 1349993.375, 1187768.5, 1212246.375, 1833646.25, 1291538.375, 1554864.25, 1832671.5, 1391220, 1133034.125, 1310914.375, 1593428.625, 1308146, 1646595, 1247165, 1297464.625, 1222892.125, 1431948.25, 1307792.375, 1394617.125, 1616890.375, 2334157, 1827433.125, 1806359.75, 1171660.375, 1402161.125, 1687849, 1151942.125, 1099706.5, 1690702.375, 1872725.625, 1497404, 949451.3125, 1833518.625, 1673955.875, 1654192.25, 1046387.0625, 1345792.75, 1230777.5, 1729079.75, 1330088.875, 1713226.25, 1566148, 2307753.75, 1611636.875, 1214686.375, 2111177.25, 2053000.125, 1108057.25, 2060567.375, 1260411.75, 1441707.75, 1249950.75, 1535073.75, 1470591.125, 1320583.375, 1341724.125, 2090295.75, 1305664.625, 1076686.875, 1808613.875, 2102077.25, 1553514.25, 1234475.625, 970953.375, 1446232.875, 1149239.25, 1441462.125, 1727257.625, 1981227.5, 1236802, 1743406.25, 1523620, 1788387.75, 1480206.5, 1420587.375, 1577311.25, 1530986.625, 1835787.5, 1388114.5, 2192011.5, 1640105.25, 2089484.25, 1410121, 1640859.625, 1278984.25, 1346596.375, 1479493.5, 1486365.25, 1725379.125, 1912201.75, 1942893.875, 1260442.5, 1106065.75, 1679985.125, 1078285.125, 872486.5, 1563312.125, 2084275, 1314062.25, 1087826.25, 1629697.75, 744910.875, 1281718.625, 1629640.625, 956059.9375, 1598003, 1685214.375, 1216021.75, 1579638.25]	28	-5.40382	-100	707
1263.46811	53.1339	57312.04297	113196.92188	2	2	2	632.74133	53.12797	53.1339	0	0	[80, 81]	[55884.87891, 57312.04297]	81	-0.46911	-100	708
2541.3791	53.14882	70362.42969	160938.03125	4	2	3	636.35205	53.1339	53.14882	0	0	[81, 82, 83]	[45388.71484, 45186.89844, 70362.42969]	83	-0.18616	-100	709
498.88063	53.32662	342089.3125	25405594	1	2	117	499.88791	52.45331	53.41626	0	0	[0, 1, 2, 3, 4, 5, 6, 7, 8, 9, 10, 11, 12, 13, 14, 15, 16, 17, 18, 19, 20, 21, 22, 23, 24, 25, 26, 27, 28, 29, 30, 31, 32, 33, 34, 35, 36, 37, 38, 39, 40, 41, 42, 43, 44, 45, 46, 47, 48, 49, 50, 51, 52, 53, 54, 55, 56, 57, 58, 59, 60, 61, 62, 63, 64, 65, 66, 67, 68, 69, 70, 71, 72, 73, 74, 75, 76, 77, 78, 79, 80, 81, 82, 83, 84, 85, 86, 87, 88, 89, 90, 91, 92, 93, 94, 95, 96, 97, 98, 99, 100, 101, 102, 103, 104, 105, 106, 107, 108, 109, 110, 111, 112, 113, 114, 115, 116]	[172079.14062, 204253.53125, 214632.4375, 265860, 228853.42188, 246071.67188, 260861.46875, 168302.48438, 214337.5, 183860.10938, 175179.64062, 244224.59375, 252495.71875, 183891.14062, 212988.21875, 199885.65625, 177901.73438, 163495.65625, 204377.79688, 171816.6875, 251354.5625, 190114.53125, 232000.125, 210566.9375, 235440.23438, 181216.78125, 167387.20312, 175856.8125, 263062.5625, 261106.78125, 239617.75, 174980.70312, 186435.23438, 255970.1875, 175878.5, 188282.71875, 254936.45312, 264564.09375, 225418.09375, 49350.02734, 267498.15625, 217311.53125, 290329.3125, 172529.71875, 185985.01562, 190955.42188, 223655.35938, 206003, 234417.79688, 209944, 240746.40625, 289779.59375, 186095.28125, 279519.6875, 260899.48438, 198077.5625, 210783.89062, 174320.45312, 215630.3125, 153324.26562, 159546.65625, 244117.82812, 220342.5625, 217768.51562, 273230.9375, 210706.89062, 174179.10938, 237493.5625, 247999.90625, 236757.60938, 184789.0625, 162894.29688, 205592.32812, 216620.34375, 228872.73438, 237840.3125, 311824.8125, 148498.9375, 269047.71875, 230864.8125, 226246.70312, 248294.01562, 227169.20312, 214304.46875, 236092.5625, 230476.57812, 225440.875, 314307.625, 260837.54688, 259535.15625, 188025.9375, 257272.28125, 231208.1875, 205802.3125, 261533.28125, 245898.75, 208701.9375, 276325.3125, 276506.28125, 168289.28125, 181328.0625, 291943.5, 162906.70312, 189928.5625, 193840.51562, 342089.3125, 152653.3125, 139788.39062, 218260.04688, 128427.11719, 204567.34375, 230380.5, 148080.45312, 266513.25, 206067.92188, 166909.21875, 263937.5]	105	0.53346	-100	710
2190.30341	52.91945	86982.58594	192258.60938	4	2	3	548.58313	52.90324	52.91945	0	0	[51, 52, 53]	[29496.89648, 75779.125, 86982.58594]	53	0.93022	-100	711
1964.43337	53.00682	102104.8125	694112.8125	5	2	13	393.89395	52.94309	53.04385	0	0	[56, 57, 58, 59, 60, 61, 62, 63, 64, 65, 66, 67, 68]	[43101.57812, 47042.26172, 59871.52734, 22006.51758, 61467.60938, 57824.52344, 54828.33984, 70964.55469, 102104.8125, 49632.87891, 61198.60938, 28066.78711, 36002.76953]	64	-7.4528	-100	712
494.82741	52.4941	323701.25	10054430	1	2	42	495.83469	52.45331	52.81844	0	0	[0, 1, 2, 3, 4, 5, 6, 7, 8, 9, 10, 11, 12, 13, 14, 15, 16, 17, 18, 19, 20, 21, 22, 23, 24, 25, 26, 27, 28, 29, 30, 31, 32, 33, 34, 35, 36, 37, 38, 39, 40, 41]	[203007.07812, 195880.04688, 201516.1875, 215132.29688, 294642.96875, 323701.25, 179933.46875, 193410.57812, 207682.26562, 193043.51562, 253302.90625, 262700.9375, 228460.8125, 265653.90625, 286195.90625, 251008.78125, 235655.125, 278196.5625, 277062.28125, 232680.625, 238833.26562, 197778.82812, 220780.25, 213813.82812, 219035.5, 280736.46875, 267514.21875, 229309.89062, 271881.6875, 308814.875, 242098.8125, 243476.82812, 241178.26562, 293174.09375, 257332.01562, 224841.0625, 274921.59375, 239495.28125, 285768.5625, 66437.35938, 230603.40625, 227734.8125]	5	-7.69499	-100	713
1676.08991	53.1339	87280.65625	379266.8125	4	2	6	420.02975	53.12135	53.15384	0	0	[79, 80, 81, 82, 83, 84]	[76095.67188, 74378.02344, 87280.65625, 56551.83594, 67187.4375, 17773.19727]	81	1.30139	-100	714
2183.08293	53.3955	20028.73047	38207.37891	6	2	2	364.85443	53.3955	53.40141	0	0	[113, 114]	[20028.73047, 18178.64844]	113	1.71501	-100	715
2100.08785	53.14882	155540.5625	809011.75	3	2	12	701.03656	53.10174	53.17936	0	0	[76, 77, 78, 79, 80, 81, 82, 83, 84, 85, 86, 87]	[27916.14453, 51196.48047, 49898.85156, 49528.74609, 58073.70703, 80979.51562, 81556.53906, 155540.5625, 105414.85156, 51035.70312, 46643.37891, 51227.32812]	83	-1.12684	-100	716
3360.48332	52.97574	65981.30469	128299.6875	6	2	2	561.08783	52.96548	52.97574	0	0	[59, 60]	[62318.38281, 65981.30469]	60	-7.8707	-100	717
1840.01198	52.90917	58887.31641	118011.9375	3	2	3	614.3446	52.89437	52.90917	0	0	[50, 51, 52]	[30121.00781, 29003.61914, 58887.31641]	52	-3.92413	-100	718
1735.93647	52.95659	67317.00781	254227.85938	4	2	5	434.99139	52.94309	52.97574	0	0	[56, 57, 58, 59, 60]	[54599.80469, 55503.75391, 67317.00781, 23023.61133, 53783.69141]	58	6.83293	-100	719
902.14798	52.73576	73850.85938	210117.78125	2	2	4	452.08127	52.70979	52.74168	0	0	[30, 31, 32, 33]	[59994.86328, 50129.80078, 73850.85938, 26142.25781]	32	0.62111	-100	720
1172.66707	52.70979	31474.41602	57650.02734	3	2	2	391.8963	52.70083	52.70979	0	0	[29, 30]	[26175.61133, 31474.41602]	30	-7.89091	-100	721
838.0449	52.90324	107978.82031	781054.125	2	2	14	420.02972	52.84353	52.94903	0	0	[44, 45, 46, 47, 48, 49, 50, 51, 52, 53, 54, 55, 56, 57]	[28688.36914, 74217.61719, 85558.01562, 12139.88965, 30404.40039, 23753.0918, 67618.69531, 107978.82031, 69066.88281, 31224.80469, 58593.98047, 76185.53125, 64767.50391, 50856.52734]	51	-1.47359	-100	722
1242.64084	52.46841	45573.09375	103608.05469	2	2	3	622.3277	52.45331	52.46841	0	0	[0, 1, 2]	[18670.58984, 39364.37109, 45573.09375]	2	5.77103	-100	723
1755.86733	52.77126	144111.70312	2550805.5	3	2	27	586.29639	52.65658	52.89437	0	0	[24, 25, 26, 27, 28, 29, 30, 31, 32, 33, 34, 35, 36, 37, 38, 39, 40, 41, 42, 43, 44, 45, 46, 47, 48, 49, 50]	[76549.65625, 63187.97656, 56616.00391, 134409.73438, 96748.10938, 64719.08594, 92029.53906, 105006.61719, 129474.32812, 130194.99219, 92744.15625, 82440.20312, 144111.70312, 128769.3125, 84208.10156, 41894.04297, 110308.55469, 63987.88672, 116464.32812, 105680.85938, 92414.77344, 73784.33594, 124721.14844, 131958.17188, 62133.04688, 120181.42969, 26067.25781]	36	1.68356	-100	724
2239.31098	52.78476	241687.85938	3216463	4	2	30	560.83502	52.69494	52.94903	0	0	[28, 29, 30, 31, 32, 33, 34, 35, 36, 37, 38, 39, 40, 41, 42, 43, 44, 45, 46, 47, 48, 49, 50, 51, 52, 53, 54, 55, 56, 57]	[38704.93359, 105262.21875, 140175.75, 74952, 156973.54688, 143402.89062, 158142.92188, 63491.25, 117515.24219, 137522.54688, 241687.85938, 61237.98828, 127752.00781, 111327.88281, 121397.4375, 117905.98438, 90480.14844, 77555.96094, 111449.1875, 79668.75781, 167588, 114445.54688, 83210.11719, 130810.89062, 105417.60156, 51860.51953, 86953.6875, 67652.6875, 83092.63281, 48824.82812]	38	3.03721	-100	725
1179.14663	52.90324	69362.00781	111892.39844	3	2	3	394.05615	52.90324	52.91945	0	0	[51, 52, 53]	[69362.00781, 15465.97266, 27064.41602]	51	-5.15382	-100	726
739.80686	52.66554	103485.27344	572746.625	2	2	10	370.91071	52.65047	52.73576	0	0	[23, 24, 25, 26, 27, 28, 29, 30, 31, 32]	[45179.85156, 67608.3125, 103485.27344, 85561.42188, 66714.35156, 26184.94141, 27757.68359, 66498.07031, 58343.9375, 25412.7793]	25	-3.96848	-100	727
2380.32148	52.78476	114749.05469	127518.82812	4	2	2	596.08765	52.78476	52.79515	0	0	[38, 39]	[114749.05469, 12769.77441]	38	2.15594	-100	728
2298.59575	53.08517	16100.89941	27680.95703	6	2	2	384.10657	53.08517	53.09276	0	0	[74, 75]	[16100.89941, 11580.05762]	74	4.56481	-100	729
2543.38203	52.78476	75069.67969	214443.32812	4	2	4	636.85278	52.77719	52.80812	0	0	[37, 38, 39, 40]	[65656.64062, 75069.67969, 15589.62402, 58127.39062]	38	0.09297	-100	730
827.52341	52.96548	137512.5	877152.875	2	2	11	414.76898	52.96548	53.05422	0	0	[59, 60, 61, 62, 63, 64, 65, 66, 67, 68, 69]	[137512.5, 56741.87109, 63151.33203, 74641.25, 98726.85156, 134444.98438, 85364.67969, 47509.71875, 33700.92969, 94142.53906, 51216.23438]	59	-0.35334	-100	731
2789.30925	53.34909	25841.41406	50869.89844	6	2	2	465.89215	53.34909	53.36084	0	0	[108, 109]	[25841.41406, 25028.48242]	108	4.75493	-100	732
2074.52477	53.36084	34209.55469	48021.80469	5	2	2	415.91223	53.34909	53.36084	0	0	[108, 109]	[13812.25, 34209.55469]	109	3.78684	-100	733
2070.22088	53.30325	20023.28516	37460.71094	5	2	2	415.05145	53.30325	53.31494	0	0	[103, 104]	[20023.28516, 17437.42383]	103	6.97887	-100	734
402.89495	52.59703	87493.40625	385545	1	2	5	403.90222	52.57346	52.60733	0	0	[14, 15, 16, 17, 18]	[85433.1875, 68538.88281, 72151.75781, 87493.40625, 71927.76562]	17	-0.27524	-100	735
1809.43856	53.31494	28059.67773	61228.5	5	2	3	362.89499	53.31494	53.33276	0	0	[104, 105, 106]	[28059.67773, 20015.79102, 13153.0332]	104	-0.32413	-100	736
2414.31038	52.87779	30143.61719	54885.24219	3	2	2	805.7774	52.87188	52.87779	0	0	[47, 48]	[24741.62695, 30143.61719]	48	-0.52258	-100	737
1600.81875	52.50173	135831.20312	458668.375	3	2	7	534.61353	52.45331	52.50173	0	0	[0, 1, 2, 3, 4, 5, 6]	[70705.89062, 34513.44531, 43186.13672, 48488.95703, 59686.46875, 66256.25781, 135831.20312]	6	-1.57084	-100	738
461.13939	52.92554	1185629.5	91960768	1	2	117	462.14667	52.45331	53.41626	0	0	[0, 1, 2, 3, 4, 5, 6, 7, 8, 9, 10, 11, 12, 13, 14, 15, 16, 17, 18, 19, 20, 21, 22, 23, 24, 25, 26, 27, 28, 29, 30, 31, 32, 33, 34, 35, 36, 37, 38, 39, 40, 41, 42, 43, 44, 45, 46, 47, 48, 49, 50, 51, 52, 53, 54, 55, 56, 57, 58, 59, 60, 61, 62, 63, 64, 65, 66, 67, 68, 69, 70, 71, 72, 73, 74, 75, 76, 77, 78, 79, 80, 81, 82, 83, 84, 85, 86, 87, 88, 89, 90, 91, 92, 93, 94, 95, 96, 97, 98, 99, 100, 101, 102, 103, 104, 105, 106, 107, 108, 109, 110, 111, 112, 113, 114, 115, 116]	[757398.25, 632128.1875, 685936.3125, 958208.5, 1133879.375, 762520.3125, 770478.75, 805173.75, 658786.8125, 787083.125, 592831.625, 853780.875, 888162.375, 780841.125, 709629.875, 951358.75, 637826.125, 734992, 732701.25, 708019.9375, 724564.3125, 747955.4375, 738345.6875, 721331.625, 770866.5625, 844510.3125, 634798.125, 859483.0625, 1161581, 677675.625, 917601.8125, 702311.5, 831890.0625, 896647.25, 594802.875, 506336.40625, 964253.625, 779849.0625, 660909.1875, 748380.9375, 839260.375, 937472.5, 646779.1875, 694102.125, 867750.25, 704636.625, 775026.4375, 830299.6875, 734707.5, 773012.6875, 1027532.8125, 929887.625, 731400, 1047357.125, 1185629.5, 717356.9375, 775828, 629036.875, 767054.0625, 792760.6875, 848688.6875, 603120.8125, 765186.0625, 637621.25, 792285.25, 702048.4375, 621702.8125, 1153178.125, 628223.0625, 750293.5, 771313.3125, 759414.75, 684962.25, 471175.96875, 888812.9375, 855415.5, 793018.5625, 756937.875, 991957.4375, 757330.75, 1021219.5, 855015.1875, 718815.1875, 714637.25, 802861.9375, 1046060.75, 738700.4375, 1023264.8125, 710540.1875, 894444.625, 792670.125, 862312, 804061.25, 702581.5, 755947.625, 783896.0625, 775943.375, 996163.375, 970686.5, 673740.625, 771949.625, 861229.375, 769062.4375, 292417.5625, 766749.5, 928726.625, 634502.8125, 690114.6875, 807848.25, 491726.375, 736191.5, 953207.1875, 718105.875, 699759.0625, 934239.0625, 786737.3125, 809203.4375]	54	-7.1247	-100	739
1840.00686	52.94309	63309.875	120685.15625	3	2	3	614.3429	52.93421	52.94903	0	0	[55, 56, 57]	[27910.50195, 63309.875, 29464.78516]	56	-0.88293	-100	740
1242.64573	52.59703	63705.67188	183982.6875	2	2	4	622.33014	52.58808	52.61341	0	0	[16, 17, 18, 19]	[21295.94336, 63705.67188, 59892.47266, 39088.59375]	17	-2.3084	-100	741
2093.12124	52.51793	52519.07422	112420.46875	3	2	3	698.71436	52.50173	52.51793	0	0	[6, 7, 8]	[21603.94336, 38297.45312, 52519.07422]	8	-2.99293	-100	742
1172.6657	53.23493	24656.14258	87037.04688	3	2	4	391.89584	53.23493	53.25744	0	0	[94, 95, 96, 97]	[24656.14258, 20610.54492, 22280.50781, 19489.84766]	94	-7.21731	-100	743
1839.77073	53.00682	125515.00781	1444978.75	2	2	21	920.89264	52.93421	53.09276	0	0	[55, 56, 57, 58, 59, 60, 61, 62, 63, 64, 65, 66, 67, 68, 69, 70, 71, 72, 73, 74, 75]	[123974.3125, 78285.3125, 25636.38672, 117305.60938, 75049.21875, 50476.52734, 105101.07812, 23790.86719, 66399.20312, 125515.00781, 65212.99219, 45395.29297, 71344.26562, 63343.51172, 43622.65234, 44774.46875, 43822.89844, 74600.10938, 71080.61719, 50885.95312, 79362.40625]	64	-0.588	-100	744
2145.51843	53.07027	45441.92578	344288.5625	5	2	13	430.11096	53.07027	53.15384	0	0	[72, 73, 74, 75, 76, 77, 78, 79, 80, 81, 82, 83, 84]	[45441.92578, 28885.01562, 43252.54688, 26428.05859, 15166.17383, 14372.25195, 25273.19531, 29152.99023, 20891.04883, 29070.77734, 23059.38672, 22315.26562, 20979.95312]	72	1.08867	-100	745
392.04646	52.94309	59832.03516	331317.53125	1	2	8	393.05374	52.91945	52.97574	0	0	[53, 54, 55, 56, 57, 58, 59, 60]	[31730.43164, 22522.86133, 59198.92578, 59832.03516, 58835.72266, 25072.00977, 46492.39453, 27633.16406]	56	-1.14675	-100	746
1176.62778	53.41626	102914.55469	531437.9375	2	2	8	589.32117	53.36084	53.41626	0	0	[109, 110, 111, 112, 113, 114, 115, 116]	[33142.33984, 41532.62891, 55045.10938, 44421.03906, 83037.73438, 73586.83594, 97757.67969, 102914.55469]	116	-0.83496	-100	747
2189.4279	53.37916	24246.23047	35796.80469	6	2	2	365.91193	53.37916	53.38512	0	0	[111, 112]	[24246.23047, 11550.5752]	111	1.28069	-100	748
2244.37997	53.10769	32225.1582	55206	5	2	2	449.88327	53.10174	53.10769	0	0	[76, 77]	[22980.8418, 32225.1582]	77	-7.35891	-100	749
1922.98403	52.77719	89904.9375	197535.85938	3	2	3	642.00195	52.77126	52.78476	0	0	[36, 37, 38]	[52825.21094, 89904.9375, 54805.69922]	37	-2.11222	-100	750
2374.12789	52.73576	87542.88281	410548.65625	3	2	7	792.38324	52.73576	52.78476	0	0	[32, 33, 34, 35, 36, 37, 38]	[87542.88281, 84215.35156, 44896.55859, 23092.82617, 28510.02734, 61856.72266, 80434.27344]	32	-0.20096	-100	751
2639.28544	53.41626	25684.8418	43256.26562	6	2	2	440.88818	53.41034	53.41626	0	0	[115, 116]	[17571.42383, 25684.8418]	116	-4.51933	-100	752
609.17821	52.89437	715931.0625	54368340	1	2	117	610.18549	52.45331	53.41626	0	0	[0, 1, 2, 3, 4, 5, 6, 7, 8, 9, 10, 11, 12, 13, 14, 15, 16, 17, 18, 19, 20, 21, 22, 23, 24, 25, 26, 27, 28, 29, 30, 31, 32, 33, 34, 35, 36, 37, 38, 39, 40, 41, 42, 43, 44, 45, 46, 47, 48, 49, 50, 51, 52, 53, 54, 55, 56, 57, 58, 59, 60, 61, 62, 63, 64, 65, 66, 67, 68, 69, 70, 71, 72, 73, 74, 75, 76, 77, 78, 79, 80, 81, 82, 83, 84, 85, 86, 87, 88, 89, 90, 91, 92, 93, 94, 95, 96, 97, 98, 99, 100, 101, 102, 103, 104, 105, 106, 107, 108, 109, 110, 111, 112, 113, 114, 115, 116]	[388695.9375, 428880.0625, 444310.34375, 619675.4375, 568161.5, 481219.71875, 462614.78125, 347047.5, 356501.71875, 369310.84375, 348545.03125, 531466.4375, 427542.78125, 456552.125, 504577.25, 501554.28125, 389824.5625, 416307.15625, 546539, 480392.1875, 546405.5625, 320856.46875, 456860.34375, 355235.875, 416195.8125, 423194.875, 350058, 524299.3125, 619883.4375, 517069.09375, 596156.8125, 457098.625, 395854.28125, 552034.75, 313875.1875, 342250.4375, 519256.0625, 541859.0625, 449686.34375, 425227.84375, 571849.4375, 512514.125, 547063.5, 320477.84375, 429514.75, 355234.84375, 554051.75, 393017.78125, 419994.0625, 418544.9375, 715931.0625, 509562.90625, 435433.03125, 684300.0625, 463317.21875, 310575.625, 648759.5, 468475.59375, 481147.15625, 382956.0625, 465753.78125, 472906, 384590.9375, 452962.9375, 555943, 357050.5, 329684.3125, 598384.3125, 665825.375, 489649.15625, 437107.84375, 275933.9375, 409836.34375, 392053.40625, 460790.5, 462852.625, 579968.8125, 349488.375, 533526.1875, 486667.875, 555094.375, 433929.125, 456815, 504020.875, 463491.71875, 541036.125, 437834, 630391.1875, 475661.78125, 630579.0625, 483141.15625, 592700.9375, 463060.4375, 442653.25, 465109.15625, 458177.46875, 550929.875, 651752.75, 549434.625, 374701.90625, 348427.375, 481812.0625, 338188.71875, 277646.96875, 502295, 616623.9375, 423515.0625, 346336.1875, 495795.1875, 253162.5, 444091.84375, 498702.65625, 336815.0625, 519942.0625, 500676.59375, 375142.65625, 471873.4375]	50	-4.15568	-100	753
1334.75945	53.10174	134284.6875	2199984.5	3	2	26	445.92709	53.10174	53.28849	0	0	[76, 77, 78, 79, 80, 81, 82, 83, 84, 85, 86, 87, 88, 89, 90, 91, 92, 93, 94, 95, 96, 97, 98, 99, 100, 101]	[134284.6875, 93585.17188, 100518.54688, 100414.57812, 75583.30469, 80217.46094, 82398.55469, 71135.64062, 50137.09375, 86412.8125, 78805.29688, 102521.88281, 88471.57031, 108197, 59641.15234, 111882.52344, 71629.36719, 76352.32812, 83874.07812, 93668.16406, 66404.27344, 101694.24219, 112054.46875, 51386.12109, 61404.91016, 57309.13281]	76	-1.58588	-100	754
741.80576	52.67161	34751.14453	81657.33594	2	2	3	371.91016	52.67161	52.69494	0	0	[26, 27, 28]	[34751.14453, 19716.99414, 27189.19531]	26	-3.43245	-100	755
803.11747	53.08517	25851.49414	88437.42969	2	2	4	402.56601	53.07922	53.10174	0	0	[73, 74, 75, 76]	[16700.35547, 25851.49414, 25065.66602, 20819.91602]	74	-7.75958	-100	756
1984.41415	52.82727	30622.7832	93372.85938	5	2	4	397.89011	52.80812	52.83323	0	0	[40, 41, 42, 43]	[15311.7168, 26916.67773, 30622.7832, 20521.67773]	42	1.78816	-100	757
2706.44267	52.46841	80860.70312	544751.375	6	2	11	452.08105	52.45331	52.53982	0	0	[0, 1, 2, 3, 4, 5, 6, 7, 8, 9, 10]	[40314.95703, 58259, 80860.70312, 55671.16016, 28857.47852, 26468.44531, 49323.53516, 64217.07031, 44865.59375, 29824.62695, 66088.85156]	2	2.4872	-100	758
411.99919	52.48153	115792.53906	1170442.5	1	2	15	413.00647	52.45331	52.57346	0	0	[0, 1, 2, 3, 4, 5, 6, 7, 8, 9, 10, 11, 12, 13, 14]	[53123.06641, 90880.54688, 78472.61719, 115792.53906, 44196.42188, 80659.85156, 96694.40625, 55762.07812, 75088.26562, 114663.08594, 81953.05469, 104445.67188, 89901.53906, 31184.78906, 57624.61719]	3	-3.37204	-100	759
1169.5421	53.38512	42833.78516	84128.36719	3	2	3	390.85464	53.38512	53.40141	0	0	[112, 113, 114]	[42833.78516, 18448.94922, 22845.63477]	112	6.85968	-100	760
2101.09035	52.75836	97265.38281	337188.65625	3	2	4	701.37073	52.75836	52.78476	0	0	[35, 36, 37, 38]	[97265.38281, 68640.07031, 94160.4375, 77122.77344]	35	-2.09121	-100	761
505.88121	53.34909	45995.10938	64682.85938	1	2	2	506.88849	53.34312	53.34909	0	0	[107, 108]	[18687.75, 45995.10938]	108	2.74295	-100	762
419.48805	53.34312	38237.71484	145324.875	1	2	6	420.49533	53.31494	53.36084	0	0	[104, 105, 106, 107, 108, 109]	[17206.99219, 32679.2168, 24237.28711, 38237.71484, 19748.57422, 13215.08105]	107	-7.34261	-100	763
1626.93197	53.22899	67137.08594	136091.5625	3	2	3	543.31793	53.22235	53.23493	0	0	[92, 93, 94]	[24383.11523, 67137.08594, 44571.36328]	93	1.06149	-100	764
1353.72707	52.95659	88278.8125	392403.78125	3	2	9	452.24963	52.93421	53.0009	0	0	[55, 56, 57, 58, 59, 60, 61, 62, 63]	[48674.17578, 30841.0957, 68283.46875, 88278.8125, 23724.8125, 29369.35938, 21210.68555, 55868.67969, 26152.66992]	58	-3.88192	-100	765
1964.43215	53.32662	112351.25	778704.375	5	2	13	393.89371	53.31494	53.41626	0	0	[104, 105, 106, 107, 108, 109, 110, 111, 112, 113, 114, 115, 116]	[54599.10938, 112351.25, 62716.73828, 44043.11328, 42275.14844, 50037.08984, 50318.41797, 63428.28125, 57711.85938, 77542.63281, 69078.53125, 26412.78125, 68189.52344]	105	-6.59287	-100	766
372.06862	53.09276	62426.42969	110820.92188	1	2	4	373.0759	53.08517	53.10769	0	0	[74, 75, 76, 77]	[21196.35352, 62426.42969, 14401.59473, 12796.5498]	75	5.26927	-100	767
386.08486	53.10174	47510.44531	158709.89062	1	2	6	387.09213	53.10174	53.1339	0	0	[76, 77, 78, 79, 80, 81]	[47510.44531, 18582.88281, 22920.30469, 20785.67383, 21602.26562, 27308.32812]	76	4.88864	-100	768
1627.46919	53.10174	148660.54688	5323229	4	2	65	407.87457	52.90917	53.41626	0	0	[52, 53, 54, 55, 56, 57, 58, 59, 60, 61, 62, 63, 64, 65, 66, 67, 68, 69, 70, 71, 72, 73, 74, 75, 76, 77, 78, 79, 80, 81, 82, 83, 84, 85, 86, 87, 88, 89, 90, 91, 92, 93, 94, 95, 96, 97, 98, 99, 100, 101, 102, 103, 104, 105, 106, 107, 108, 109, 110, 111, 112, 113, 114, 115, 116]	[58726.53516, 76577.4375, 85989.72656, 55321.14062, 87951, 54663.01953, 88369.97656, 44206.78516, 72688.57031, 97029.58594, 48227.01562, 89930.63281, 126884.26562, 92304.64062, 60137.46875, 125443.55469, 117842.25, 86129.85156, 77401, 70968.28125, 68785.9375, 104288.66406, 64554.70703, 103800.10938, 148660.54688, 58917.30859, 91857.8125, 69093.45312, 64183.13672, 77732.17969, 84196.85938, 84295.63281, 105269.14844, 92428.65625, 111225.52344, 115683.60938, 64934.22656, 97267.78125, 58214.69141, 107063.79688, 72188.52344, 30461.31836, 99877.46875, 107915.60938, 52140.75391, 132265.28125, 110773.07812, 82269.92969, 79023.60938, 94081.96875, 81291.14844, 56244.42188, 70552.11719, 85949.75, 55299.59766, 56132.46875, 81060.80469, 80586.46094, 76234.95312, 78736.19531, 61230.49219, 87777.9375, 66126.01562, 53909.77734, 81852.78125]	76	-3.80789	-100	769
1312.74912	53.12797	77669.27344	287593	2	2	6	657.38184	53.12797	53.16146	0	0	[80, 81, 82, 83, 84, 85]	[77669.27344, 29170.37109, 52106.68359, 23396.92773, 60027.14844, 45222.58203]	80	2.39219	-100	770
2190.30219	52.78476	70743.70312	171493.59375	4	2	4	548.58282	52.77126	52.79515	0	0	[36, 37, 38, 39]	[29894.10156, 29015.52539, 70743.70312, 41840.27344]	38	-2.20927	-100	771
1905.01772	53.37916	86622.21094	441229.5	3	2	8	636.01318	53.31494	53.37916	0	0	[104, 105, 106, 107, 108, 109, 110, 111]	[52276.07422, 62039.30078, 61430.73047, 47741.01562, 50333.84766, 60094.66797, 20691.6582, 86622.21094]	111	3.91168	-100	772
437.86858	52.51793	54283.80078	121880.85938	1	2	3	438.87585	52.50758	52.52826	0	0	[7, 8, 9]	[31778.2832, 54283.80078, 35818.77734]	8	-3.80823	-100	773
2898.15153	52.80812	22016.89844	31757.29492	6	2	2	484.03253	52.79515	52.80812	0	0	[39, 40]	[9740.39648, 22016.89844]	40	-2.8064	-100	774
1169.54256	52.54578	70042.6875	276872.5	3	2	5	390.8548	52.51793	52.55588	0	0	[8, 9, 10, 11, 12]	[58221.03125, 40195.03906, 61483.30078, 70042.6875, 46930.42578]	11	6.18337	-100	775
2019.41096	53.05422	46443.41016	88470.375	4	2	3	505.86002	53.04385	53.06014	0	0	[68, 69, 70]	[22670.54297, 46443.41016, 19356.41992]	69	0.06565	-100	776
378.96486	53.0379	71565.35938	263195.96875	1	2	9	379.97214	53.00682	53.07027	0	0	[64, 65, 66, 67, 68, 69, 70, 71, 72]	[26039.22461, 21434.57422, 13243.0498, 71565.35938, 58568.51953, 25153.57422, 8768.3291, 8257.24121, 30166.10156]	67	4.42316	-100	777
1746.7853	52.58212	61025.32422	84560.45312	3	2	2	583.26904	52.58212	52.58808	0	0	[15, 16]	[61025.32422, 23535.13086]	15	0.84834	-100	778
406.05931	53.34909	49764.66406	177553.53125	1	2	7	407.06659	53.33276	53.38512	0	0	[106, 107, 108, 109, 110, 111, 112]	[18342.45703, 47677.91016, 49764.66406, 10496.46191, 21739.2168, 15295.48438, 14237.35059]	108	3.80867	-100	779
2207.2458	53.07027	24206.72656	41039.46875	4	2	2	552.81873	53.06523	53.07027	0	0	[71, 72]	[16832.74219, 24206.72656]	72	-5.05753	-100	780
2419.4748	53.0379	31239.67773	76845.60156	4	2	3	605.87598	53.01995	53.0379	0	0	[65, 66, 67]	[25433.46289, 20172.45898, 31239.67773]	67	1.70318	-100	781
3272.80097	52.50758	57293.90625	155995.01562	4	2	3	819.20752	52.50173	52.51793	0	0	[6, 7, 8]	[51822.40625, 57293.90625, 46878.70703]	7	1.01973	-100	782
1372.76803	52.90917	158728.15625	3560115.25	3	2	37	458.59662	52.75836	53.06523	0	0	[35, 36, 37, 38, 39, 40, 41, 42, 43, 44, 45, 46, 47, 48, 49, 50, 51, 52, 53, 54, 55, 56, 57, 58, 59, 60, 61, 62, 63, 64, 65, 66, 67, 68, 69, 70, 71]	[142343.78125, 122870.16406, 91350.88281, 87693.67969, 55606.21094, 99823.25781, 152429.07812, 140354.45312, 70192.35156, 116138.61719, 118925.35938, 103565.39844, 139148.01562, 148560.21875, 158267.71875, 113845.64844, 136195.875, 158728.15625, 75173.8125, 96273.125, 94838.98438, 74872.75, 67584.29688, 117709.92188, 52763.27344, 89187.88281, 69428.49219, 85055.13281, 62143.70312, 76576.28125, 113784.40625, 62613.59766, 65668.64844, 53125.60547, 78963.26562, 39741.39453, 28571.20117]	52	4.48597	-100	783
2085.08344	53.31494	79608.5	251978.65625	4	2	5	522.27814	53.31494	53.34909	0	0	[104, 105, 106, 107, 108]	[79608.5, 30770.26758, 38262.91016, 76820.15625, 26516.82617]	104	0.25033	-100	784
839.15067	52.83323	128243.11719	613426.1875	2	2	8	420.58261	52.80812	52.87188	0	0	[40, 41, 42, 43, 44, 45, 46, 47]	[108271.25, 26035.02539, 95616.25781, 128243.11719, 71690.67969, 74462.71094, 58505.17188, 50601.95312]	43	-0.86511	-100	785
2207.24799	52.46841	23050.20312	39878.6875	4	2	2	552.81927	52.45944	52.46841	0	0	[1, 2]	[16828.48438, 23050.20312]	2	-6.32191	-100	786
441.10481	52.992	41981	69215.79688	1	2	2	442.11209	52.98166	52.992	0	0	[61, 62]	[27234.79492, 41981]	62	3.52617	-100	787
2597.27153	52.86425	50993.44922	222916.3125	6	2	6	433.88586	52.83323	52.87779	0	0	[43, 44, 45, 46, 47, 48]	[37811.15625, 38433.54297, 48440.55859, 50993.44922, 26188.75781, 21048.83594]	46	1.5706	-100	788
494.82732	53.0379	321474.6875	18300906	1	2	75	495.83459	52.82727	53.41626	0	0	[42, 43, 44, 45, 46, 47, 48, 49, 50, 51, 52, 53, 54, 55, 56, 57, 58, 59, 60, 61, 62, 63, 64, 65, 66, 67, 68, 69, 70, 71, 72, 73, 74, 75, 76, 77, 78, 79, 80, 81, 82, 83, 84, 85, 86, 87, 88, 89, 90, 91, 92, 93, 94, 95, 96, 97, 98, 99, 100, 101, 102, 103, 104, 105, 106, 107, 108, 109, 110, 111, 112, 113, 114, 115, 116]	[259149.59375, 174448.15625, 266405.6875, 192167.10938, 265669.46875, 226210.71875, 245785.40625, 230047.95312, 240326.84375, 275473.78125, 247145.79688, 284697.4375, 308698.84375, 212855.48438, 286554.8125, 240125.39062, 302111.3125, 177335.1875, 236689.26562, 265254.875, 211200.82812, 229268.84375, 266847.34375, 243152.10938, 260592.25, 321474.6875, 264586.125, 245952.35938, 204779.45312, 161415.84375, 272096.625, 244728.21875, 259194.79688, 308920.96875, 276519.65625, 199872.75, 209527.375, 232899.21875, 248293.9375, 291393.09375, 283619.0625, 218015.59375, 196557.23438, 258452.71875, 237627.21875, 313273.6875, 311834.5, 231667.59375, 219071.14062, 285313.875, 215743.07812, 207973.76562, 241474.70312, 219941.29688, 225281.23438, 236468.70312, 317891.40625, 264738.65625, 225915.92188, 285090.40625, 216439.40625, 225241.82812, 186989.95312, 304149.71875, 199590.73438, 185362.34375, 277353.3125, 151853.79688, 227181.85938, 285219.625, 180547.03125, 251717.78125, 267865, 209589.3125, 245980.45312]	67	-7.425	-100	789
2092.91689	52.92554	58906.1875	82375.94531	3	2	2	698.64624	52.92554	52.93421	0	0	[54, 55]	[58906.1875, 23469.75586]	54	2.10345	-100	790
1284.7821	53.07922	62094.53906	290625.0625	3	2	8	429.26797	53.05422	53.10174	0	0	[69, 70, 71, 72, 73, 74, 75, 76]	[59691.54688, 21899.34766, 36455.21875, 44530.95703, 62094.53906, 19297.48242, 27275.51562, 19380.45703]	73	1.59507	-100	791
2381.51487	52.95659	26275.62695	39328.41016	6	2	2	397.92642	52.95659	52.96548	0	0	[58, 59]	[26275.62695, 13052.78418]	58	-5.27031	-100	792
2252.377	53.1339	81151.82031	298341.8125	6	2	7	376.40344	53.1127	53.15384	0	0	[78, 79, 80, 81, 82, 83, 84]	[25574.50977, 27311.28906, 26377.72656, 81151.82031, 27105.98828, 54613.83984, 56206.64062]	81	2.2505	-100	793
877.18222	53.18824	124194.08594	708420.8125	2	2	14	439.59839	53.18824	53.28849	0	0	[88, 89, 90, 91, 92, 93, 94, 95, 96, 97, 98, 99, 100, 101]	[124194.08594, 47133.59375, 66478.65625, 28411.84375, 42987.69922, 27061.23633, 47491.14062, 78210, 48546.53906, 60292.48047, 24359.72461, 42793.78125, 38446.71094, 32013.36914]	88	-3.23861	-100	794
1134.1957	53.36751	22578.99219	118546.125	3	2	7	379.07251	53.31494	53.36751	0	0	[104, 105, 106, 107, 108, 109, 110]	[16905.37695, 20759.54688, 12379.01074, 18004.39062, 20609.73242, 7309.07373, 22578.99219]	110	3.13566	-100	795
917.5391	52.87779	80117.69531	371893.34375	2	2	7	459.77682	52.85389	52.90324	0	0	[45, 46, 47, 48, 49, 50, 51]	[41852.37109, 25409.12891, 19884.03711, 80117.69531, 72125.71094, 57513.00781, 74991.39844]	48	-6.66158	-100	796
2064.54385	53.24847	45600.69922	160003.46875	5	2	5	413.91605	53.24254	53.27224	0	0	[95, 96, 97, 98, 99]	[25436.42773, 45600.69922, 43612.875, 23103.56836, 22249.89844]	96	4.79	-100	797
2542.38112	52.70979	77233.21094	119572.04688	3	2	2	848.46765	52.70979	52.72279	0	0	[30, 31]	[77233.21094, 42338.83984]	30	0.12091	-100	798
1317.72515	52.65047	56889.08984	150947.5625	3	2	4	440.24899	52.63889	52.66554	0	0	[22, 23, 24, 25]	[30559.46289, 56889.08984, 44109.53125, 19389.46289]	23	2.74829	-100	799
1259.462	53.21347	24062.37891	83535.67188	3	2	4	420.82794	53.21347	53.23493	0	0	[91, 92, 93, 94]	[24062.37891, 23230.36523, 12912.68164, 23330.24609]	91	-7.17843	-100	800
1671.95112	52.55588	83141.98438	1071911	4	2	18	418.99506	52.45331	52.59703	0	0	[0, 1, 2, 3, 4, 5, 6, 7, 8, 9, 10, 11, 12, 13, 14, 15, 16, 17]	[49158.22266, 59359.40234, 69411.84375, 66621.20312, 76246.57812, 51248.38672, 66552.76562, 50115.90234, 57348.16016, 19550.25781, 58889.55469, 58797.90234, 83141.98438, 66839.60938, 71294.32031, 56344.24219, 70560.3125, 40430.3125]	12	5.66025	-100	801
1108.71714	53.05422	45194.98828	69125.48438	2	2	2	555.36584	53.05422	53.06014	0	0	[69, 70]	[45194.98828, 23930.49219]	69	-7.64317	-100	802
1668.7551	53.22899	48914.46484	120360.29688	2	2	3	835.38483	53.22899	53.24254	0	0	[93, 94, 95]	[48914.46484, 47252.72266, 24193.10938]	93	-2.47454	-100	803
739.8082	52.54578	93317.21875	532528.4375	2	2	12	370.91138	52.45331	52.54578	0	0	[0, 1, 2, 3, 4, 5, 6, 7, 8, 9, 10, 11]	[15391.21973, 50945.03906, 40355.1875, 14163.86719, 15459.89355, 66385.15625, 32795.82031, 59281.27734, 45094.05078, 14520.40625, 84819.27344, 93317.21875]	11	-5.95271	-100	804
536.29003	53.12797	40650.12891	124494.14062	1	2	4	537.2973	53.12797	53.14882	0	0	[80, 81, 82, 83]	[40650.12891, 29208.66406, 32181.19531, 22454.15234]	80	-3.35179	-100	805
435.98583	52.50173	46166.41797	117174.28125	1	2	5	436.9931	52.48153	52.50758	0	0	[3, 4, 5, 6, 7]	[12079.64746, 23015.56836, 17979.97852, 46166.41797, 17932.66797]	6	-2.20183	-100	806
1080.06614	53.40141	101842.46875	271848.40625	2	2	4	541.04034	53.3955	53.41626	0	0	[113, 114, 115, 116]	[51935.53516, 101842.46875, 51448.56641, 66621.85156]	114	-0.47453	-100	807
1261.4703	53.24847	55920.69141	72215.89844	3	2	2	421.49738	53.24847	53.25744	0	0	[96, 97]	[55920.69141, 16295.20996]	96	0.25884	-100	808
435.87471	52.45331	39325.84766	109996.10156	1	2	4	436.88199	52.45331	52.48153	0	0	[0, 1, 2, 3]	[39325.84766, 29345.02734, 23260.19922, 18065.02344]	0	-4.56849	-100	809
2795.57548	52.81844	30841.48047	61029.31641	6	2	3	466.93652	52.79515	52.81844	0	0	[39, 40, 41]	[14072.78027, 16115.05469, 30841.48047]	41	-1.62903	-100	810
362.03816	52.77719	65111.53906	424093.46875	1	2	12	363.04544	52.75836	52.86425	0	0	[35, 36, 37, 38, 39, 40, 41, 42, 43, 44, 45, 46]	[49109.60938, 58473.32422, 65111.53906, 30487.55078, 34538.66406, 63572.79688, 18517.125, 16602.68359, 19075.13477, 24730.75195, 23329.28906, 20544.98633]	37	-6.67234	-100	811
2783.29515	52.59703	46982.04297	83318.625	6	2	3	464.8898	52.59703	52.61341	0	0	[17, 18, 19]	[46982.04297, 16265.3877, 20071.19141]	17	-7.90082	-100	812
1347.78704	53.23493	46935.98438	116732.69531	3	2	4	450.26962	53.23493	53.25744	0	0	[94, 95, 96, 97]	[46935.98438, 23791.93555, 19828.47266, 26176.30469]	94	-2.03192	-100	813
1417.80637	52.4941	49676.58594	99241.125	2	2	2	709.91046	52.48818	52.4941	0	0	[4, 5]	[49564.53906, 49676.58594]	5	2.76349	-100	814
2327.18968	53.34909	20986.66016	108088.10938	6	2	7	388.87222	53.33276	53.38512	0	0	[106, 107, 108, 109, 110, 111, 112]	[15658.56055, 13726.46875, 20986.66016, 17671.36133, 12288.7627, 17705.44531, 10050.85449]	108	6.91661	-100	815
1340.93468	53.32662	241714.57812	1622323.625	3	2	9	447.9855	53.27819	53.34909	0	0	[100, 101, 102, 103, 104, 105, 106, 107, 108]	[137465.89062, 198251.125, 141568.57812, 226281.5, 161879.90625, 241714.57812, 144205.89062, 139156.125, 231800.03125]	105	3.14995	-100	816
782.80045	52.59703	122815.32031	1908241.625	2	2	28	392.4075	52.54578	52.78476	0	0	[11, 12, 13, 14, 15, 16, 17, 18, 19, 20, 21, 22, 23, 24, 25, 26, 27, 28, 29, 30, 31, 32, 33, 34, 35, 36, 37, 38]	[90544.21875, 39152.91797, 25979.53906, 50204.76953, 73828.52344, 70387.75781, 122815.32031, 102273.89844, 58902.48828, 90016.92188, 122622.4375, 83352.60938, 75398.24219, 62656.44141, 68038.80469, 62952.73047, 41546.91016, 70049.82812, 97024.82812, 52444.50391, 43705.68359, 57426.23828, 98226.35156, 47329.78906, 47819.54297, 27902.79102, 63249.74219, 62387.83594]	17	-7.29459	-100	817
2290.45039	52.70083	106685.41406	546585.875	4	2	8	573.61987	52.70083	52.77126	0	0	[29, 30, 31, 32, 33, 34, 35, 36]	[106685.41406, 64716.98438, 82096.8125, 61532.73828, 32061.96094, 66663.72656, 66697.74219, 66130.48438]	29	-1.41377	-100	818
421.08	53.18824	56132.27344	415020.40625	1	2	17	422.08728	53.16146	53.28849	0	0	[85, 86, 87, 88, 89, 90, 91, 92, 93, 94, 95, 96, 97, 98, 99, 100, 101]	[15833.36133, 19184.16797, 25052.31055, 56132.27344, 13328.46094, 23358.24023, 33401.92578, 16313.05371, 23865.22656, 25333.99023, 16260.28711, 16919.91992, 18059.1543, 23099.37305, 17274.49219, 40769.71094, 30834.46484]	88	-0.34359	-100	819
2729.71629	52.86425	30103.82617	50151.23438	6	2	2	455.95999	52.85389	52.86425	0	0	[45, 46]	[20047.41016, 30103.82617]	46	4.37393	-100	820
2063.24262	52.74671	127146.05469	737764.125	4	2	13	516.81793	52.73576	52.84353	0	0	[32, 33, 34, 35, 36, 37, 38, 39, 40, 41, 42, 43, 44]	[63467.00391, 27250.31445, 127146.05469, 65325.91016, 97422.6875, 29661.50391, 61844.10938, 12279.77051, 84638.92969, 57389.16406, 60615.55469, 28158.19141, 22564.95898]	34	-0.89008	-100	821
1199.70578	52.48818	288647.875	1913511.5	2	2	9	600.86017	52.45331	52.51793	0	0	[0, 1, 2, 3, 4, 5, 6, 7, 8]	[176217.39062, 175937.79688, 265281.1875, 207157.01562, 288647.875, 258814.57812, 181176.64062, 192664.75, 167614.3125]	4	0.5069	-100	822
1984.40957	53.32662	27913.01172	63808.47266	5	2	3	397.88919	53.31494	53.33276	0	0	[104, 105, 106]	[23630.85352, 27913.01172, 12264.60645]	105	3.76456	-100	823
1734.78281	52.96548	70367.28125	183202.375	2	2	3	868.39868	52.95659	52.97574	0	0	[58, 59, 60]	[57653.79688, 70367.28125, 55181.30078]	59	0	-100	824
2024.94906	53.26325	37586.37891	61794.01562	3	2	2	675.9903	53.25744	53.26325	0	0	[97, 98]	[24207.63477, 37586.37891]	98	1.10501	-100	825
1796.98896	53.34909	112560.92188	267109.40625	4	2	4	450.25452	53.33276	53.36084	0	0	[106, 107, 108, 109]	[87441.98438, 20640.31641, 112560.92188, 46466.19922]	108	1.56353	-100	826
1855.04816	53.18824	98213.48438	172894.84375	4	2	4	464.76932	53.17936	53.20315	0	0	[87, 88, 89, 90]	[24980.89258, 98213.48438, 21947.67188, 27752.80078]	88	1.93817	-100	827
2712.63471	53.22899	82248.24219	206270.73438	4	2	4	679.16595	53.22235	53.24254	0	0	[92, 93, 94, 95]	[28686.59766, 82248.24219, 47204.41406, 48131.48438]	93	0.25326	-100	828
2354.58718	52.69494	68841.42969	335308.46875	5	2	7	471.92471	52.67161	52.73576	0	0	[26, 27, 28, 29, 30, 31, 32]	[30477.99609, 40977.78516, 68841.42969, 44671.89453, 62682.95703, 44136.37891, 43520.03906]	28	-1.82171	-100	829
2109.40164	52.77126	39575.53906	65433.82031	5	2	2	422.8876	52.75836	52.77126	0	0	[35, 36]	[25858.2832, 39575.53906]	36	6.44229	-100	830
1984.40789	53.22235	22130.69922	41303.90625	5	2	2	397.88885	53.22235	53.22899	0	0	[92, 93]	[22130.69922, 19173.20703]	92	6.96444	-100	831
885.39647	53.0379	65853.20312	88000.57812	1	2	2	886.40375	53.0276	53.0379	0	0	[66, 67]	[22147.37891, 65853.20312]	67	1.18766	-100	832
1160.78637	52.48818	21385.97852	72032.25	3	2	5	387.93607	52.45331	52.48818	0	0	[0, 1, 2, 3, 4]	[14986.11328, 15994.48242, 9375.82715, 10289.85156, 21385.97852]	4	-5.8624	-100	833
2465.56578	53.15384	46903.85156	120111.07812	6	2	4	411.93491	53.14284	53.16146	0	0	[82, 83, 84, 85]	[17257.46875, 37959.98828, 46903.85156, 17989.76758]	84	2.94871	-100	834
683.1967	52.74168	209962.39062	5496265	1	2	46	684.20398	52.45331	52.85389	0	0	[0, 1, 2, 3, 4, 5, 6, 7, 8, 9, 10, 11, 12, 13, 14, 15, 16, 17, 18, 19, 20, 21, 22, 23, 24, 25, 26, 27, 28, 29, 30, 31, 32, 33, 34, 35, 36, 37, 38, 39, 40, 41, 42, 43, 44, 45]	[133318.76562, 108277.71094, 118483.28906, 154365.5625, 158030.03125, 104815.1875, 122426.60938, 62270.19141, 106821.46875, 92296.03906, 133924.46875, 151063.82812, 100991.75, 116224.57812, 125487.26562, 86971.89844, 103054.28906, 117422.22656, 103757.96094, 103413.14062, 128220.28906, 99224.44531, 121399.42969, 133558, 106354.6875, 104402.14844, 111977.90625, 125868.30469, 174096.60938, 149036.15625, 125724.38281, 103222.19531, 125350.84375, 209962.39062, 116811.69531, 66036.42969, 125530.38281, 135449.29688, 95531.17969, 113305.89062, 162159.54688, 141922.75, 121977.03125, 88907.38281, 110412.0625, 96406.71094]	33	-3.33413	-100	835
2414.41583	52.94903	25058.33203	65131.44531	5	2	3	483.89044	52.94903	52.96548	0	0	[57, 58, 59]	[25058.33203, 21133.12305, 18939.99414]	57	-4.56193	-100	836
1500.65392	53.29732	69749.90625	152200.42188	3	2	3	501.22525	53.27819	53.29732	0	0	[100, 101, 102]	[59211.78516, 23238.73438, 69749.90625]	102	3.85984	-100	837
2144.44222	52.58808	30472.87695	108562.26562	5	2	4	429.89572	52.57346	52.59703	0	0	[14, 15, 16, 17]	[20508.71094, 29302.69141, 30472.87695, 28277.98047]	16	-7.20735	-100	838
1119.655	52.66554	90711.65625	241558.42188	2	2	3	560.83478	52.65658	52.67161	0	0	[24, 25, 26]	[80342.47656, 90711.65625, 70504.29688]	25	6.18278	-100	839
400.06435	52.51793	50532.91016	169571.34375	1	2	4	401.07162	52.4941	52.51793	0	0	[5, 6, 7, 8]	[49228.42969, 48994.48047, 20815.52539, 50532.91016]	8	3.80145	-100	840
392.04668	53.20315	61260.86328	119991.60156	1	2	4	393.05396	53.18824	53.21347	0	0	[88, 89, 90, 91]	[24958.8418, 18302.91016, 61260.86328, 15468.99121]	90	-4.58699	-100	841
2183.08622	52.87779	15447.34863	38219.95312	6	2	3	364.85498	52.86425	52.87779	0	0	[46, 47, 48]	[12072.93555, 10699.66797, 15447.34863]	48	6.3241	-100	842
2414.41247	53.3955	30465.76562	75649.75781	5	2	3	483.88977	53.38512	53.40141	0	0	[112, 113, 114]	[14767.42773, 30465.76562, 30416.5625]	113	-3.57937	-100	843
2370.3903	52.54578	20787.29688	56916.52344	6	2	3	396.07233	52.53982	52.55588	0	0	[10, 11, 12]	[19261.89648, 20787.29688, 16867.32812]	11	-4.54915	-100	844
2585.38469	52.58212	65394.21484	190463.25	6	2	4	431.90472	52.58212	52.60733	0	0	[15, 16, 17, 18]	[65394.21484, 12962.11426, 51164.58594, 60942.33203]	15	4.66101	-100	845
2327.19828	52.60733	20880.00977	36954.41406	6	2	2	388.87366	52.60733	52.61341	0	0	[18, 19]	[20880.00977, 16074.40527]	18	3.79925	-100	846
402.89412	53.00682	112979.49219	560533.3125	1	2	6	403.9014	52.97574	53.01995	0	0	[60, 61, 62, 63, 64, 65]	[80758.36719, 103623.97656, 105094.03125, 68069.21875, 112979.49219, 90008.21875]	64	1.46797	-100	847
1144.72495	52.77719	59692.84766	148686.79688	2	2	4	573.36975	52.74671	52.77719	0	0	[34, 35, 36, 37]	[27775.27148, 39100.08594, 22118.58594, 59692.84766]	37	-0.97876	-100	848
2525.48961	52.90324	38826.0625	87893.28125	6	2	3	421.92221	52.89437	52.90917	0	0	[50, 51, 52]	[29426.10156, 38826.0625, 19641.11719]	51	-5.94796	-100	849
2098.51484	53.1942	63599.55078	236803.8125	4	2	5	525.63599	53.18824	53.22235	0	0	[88, 89, 90, 91, 92]	[60906.02344, 63599.55078, 58484.44531, 29297.08984, 24516.68945]	89	-4.09102	-100	850
2645.33506	53.41034	23441.03516	45575.70312	6	2	2	441.89645	53.41034	53.41626	0	0	[115, 116]	[23441.03516, 22134.66797]	115	-6.27326	-100	851
2273.62602	53.1942	38906.83594	75324.33594	6	2	3	379.94495	53.1942	53.21347	0	0	[89, 90, 91]	[38906.83594, 20917.97266, 15499.52832]	89	4.84172	-100	852
2345.63957	53.32662	139293.0625	2861432	6	2	29	391.9472	53.18824	53.41626	0	0	[88, 89, 90, 91, 92, 93, 94, 95, 96, 97, 98, 99, 100, 101, 102, 103, 104, 105, 106, 107, 108, 109, 110, 111, 112, 113, 114, 115, 116]	[132941.07812, 112702.42188, 94223.02344, 135566.82812, 117237.5, 110767.77344, 105495.96094, 73584.78906, 122552.41406, 122633.53906, 120573.26562, 53166.125, 75341.75781, 103042.42969, 69520.71875, 68253.875, 113970.60938, 139293.0625, 79158.38281, 72360.64062, 101383.1875, 59064.78125, 89115.10938, 74070.97656, 90106.07812, 134187.59375, 117456.69531, 82502.34375, 91159.14844]	105	-3.94721	-100	853
2055.11884	52.98166	57955.04688	79732.625	4	2	2	514.78699	52.98166	52.992	0	0	[61, 62]	[57955.04688, 21777.58008]	61	2.43025	-100	854
1607.5539	52.45944	44049.23047	131953.60938	4	2	4	402.89575	52.45331	52.48153	0	0	[0, 1, 2, 3]	[30200.19531, 44049.23047, 23398.91406, 34305.26953]	1	3.13986	-100	855
2795.55919	53.40141	23862.21289	44124.41406	6	2	2	466.93381	53.40141	53.41034	0	0	[114, 115]	[23862.21289, 20262.19922]	114	5.70164	-100	856
2294.5707	53.32662	71095.0625	513166.90625	5	2	11	459.92142	53.32662	53.41034	0	0	[105, 106, 107, 108, 109, 110, 111, 112, 113, 114, 115]	[71095.0625, 42467.13281, 54056.03125, 57826.87109, 49203.17578, 61872.82031, 57571.23828, 13272.74121, 29471.37305, 54697.6875, 21632.75]	105	-3.9384	-100	857
2565.45454	53.07922	79286.61719	123618.44531	4	2	3	642.37091	53.07027	53.08517	0	0	[72, 73, 74]	[22630.98242, 79286.61719, 21700.84375]	73	-0.7342	-100	858
2345.63993	52.4941	158361.39062	4038296.75	6	2	38	391.94727	52.45331	52.77719	0	0	[0, 1, 2, 3, 4, 5, 6, 7, 8, 9, 10, 11, 12, 13, 14, 15, 16, 17, 18, 19, 20, 21, 22, 23, 24, 25, 26, 27, 28, 29, 30, 31, 32, 33, 34, 35, 36, 37]	[76767.09375, 54374.42578, 125533.28125, 89312.28125, 58980.44141, 158361.39062, 50913.82812, 72869.82031, 109899, 69415.92188, 138998.90625, 118657.01562, 77058.92969, 147254.04688, 117314.92969, 143026.57812, 119376.77344, 121048.90625, 108157.38281, 68202.16406, 156646.125, 118462.42188, 116242.36719, 109266.10156, 66551.3125, 132555.60938, 121991.69531, 114582.35156, 91514.4375, 153076.51562, 81252.4375, 84042.27344, 153627.625, 142472.92188, 106619.74219, 84413.125, 103247, 76209.78906]	5	-3.94721	-100	859
1636.84702	53.41034	75631.60938	342040	2	2	7	819.43079	53.36751	53.41626	0	0	[110, 111, 112, 113, 114, 115, 116]	[52074.43359, 29374.98633, 45387.32422, 29729.96484, 34628.34766, 75631.60938, 75213.29688]	115	-0.06368	-100	860
2244.20234	52.70979	51071.51172	75599.22656	4	2	2	562.05786	52.70979	52.72279	0	0	[30, 31]	[51071.51172, 24527.71289]	30	-0.11212	-100	861
378.96459	53.30325	62054.58984	217007.60938	1	2	6	379.97186	53.30325	53.34909	0	0	[103, 104, 105, 106, 107, 108]	[62054.58984, 28482.90234, 57688.22656, 46596.37891, 7745.46436, 14440.04688]	103	5.83054	-100	862
2345.32261	52.54578	21139.0625	53820.72656	6	2	3	391.89438	52.53982	52.55588	0	0	[10, 11, 12]	[15110.07031, 21139.0625, 17571.5918]	11	-7.31826	-100	863
402.89433	52.95659	97241.64062	200420.53125	1	2	3	403.90161	52.94309	52.95659	0	0	[56, 57, 58]	[56867.38281, 46311.50781, 97241.64062]	58	2.47719	-100	864
1964.70788	52.46841	22825.62891	71588.44531	5	2	4	393.94885	52.45331	52.48153	0	0	[0, 1, 2, 3]	[21228.03906, 17173.42773, 22825.62891, 10361.34961]	2	-4.77644	-100	865
2234.27804	52.45944	42309.16406	67202.77344	5	2	2	447.86288	52.45944	52.46841	0	0	[1, 2]	[42309.16406, 24893.60742]	1	3.3891	-100	866
1300.68261	53.28849	78688.54688	250595.26562	3	2	5	434.56815	53.26325	53.29732	0	0	[98, 99, 100, 101, 102]	[71089.03125, 23609.88672, 14476.24414, 78688.54688, 62731.54688]	101	-7.41789	-100	867
1679.90035	52.97574	69375.08594	331651.625	3	2	6	560.97406	52.94903	52.992	0	0	[57, 58, 59, 60, 61, 62]	[59695.6875, 55672.87109, 62329.41797, 69375.08594, 25966.45703, 58612.10938]	60	2.0236	-100	868
1338.78338	53.22235	48512.55859	96329.84375	3	2	3	447.2684	53.22235	53.23493	0	0	[92, 93, 94]	[48512.55859, 22826.14062, 24991.13672]	92	-6.31504	-100	869
1809.44085	52.87188	46836.07812	89682.07812	5	2	3	362.89545	52.85389	52.87188	0	0	[45, 46, 47]	[17823.09961, 25022.89844, 46836.07812]	47	-1.29651	-100	870
2753.48301	52.65047	53392.58203	301325.5625	6	2	7	459.92111	52.63889	52.69494	0	0	[22, 23, 24, 25, 26, 27, 28]	[34092.26953, 53392.58203, 44163.10156, 29336.56836, 52030.01953, 45710.45312, 42600.57422]	23	-0.30299	-100	871
1655.98042	53.17936	82554.36719	280899	4	2	6	415.00238	53.14284	53.17936	0	0	[82, 83, 84, 85, 86, 87]	[21682.03516, 42136.79688, 24264.25, 65330.92578, 44930.64453, 82554.36719]	87	3.26857	-100	872
1813.88521	53.40141	32300.63867	62112.55469	3	2	2	605.63568	53.3955	53.40141	0	0	[113, 114]	[29811.91406, 32300.63867]	114	-2.80632	-100	873
1939.38288	53.04385	96655.59375	531937.8125	4	2	10	485.853	53.0379	53.10174	0	0	[67, 68, 69, 70, 71, 72, 73, 74, 75, 76]	[30082.53125, 96655.59375, 40860.34375, 20025.39648, 19454.27734, 74660.21094, 81729.41406, 55875.6875, 64085.30469, 48509.08984]	68	0.1395	-100	874
1809.441	52.45944	30449.91406	65518.92578	5	2	3	362.89548	52.45944	52.48153	0	0	[1, 2, 3]	[30449.91406, 19780.49609, 15288.5166]	1	-3.24126	-100	875
2005.19403	52.77126	52737.28906	137423.375	5	2	4	402.04608	52.75836	52.78476	0	0	[35, 36, 37, 38]	[20168.93945, 52737.28906, 22429.92188, 42087.22266]	36	-4.63294	-100	876
985.57175	52.50173	50099.20312	133831.75	2	2	4	493.79315	52.4941	52.51793	0	0	[5, 6, 7, 8]	[27753.85352, 50099.20312, 34977.97656, 21000.71094]	6	-0.27209	-100	877
1726.65058	52.48153	67521.75	135252.59375	4	2	4	432.66992	52.48153	52.50173	0	0	[3, 4, 5, 6]	[67521.75, 30051.15625, 21100.38086, 16579.30273]	3	3.90042	-100	878
3435.66555	53.00682	89131.69531	191688.6875	3	2	3	1146.22913	53.00682	53.0276	0	0	[64, 65, 66]	[89131.69531, 78797.67969, 23759.31641]	64	-1.15526	-100	879
1964.7033	52.60733	51189.26172	142129.89062	5	2	4	393.94794	52.58212	52.60733	0	0	[15, 16, 17, 18]	[26108.41602, 40746.32812, 24085.88086, 51189.26172]	18	-0.57317	-100	880
1824.15583	52.73576	46951.22266	115432.25781	4	2	4	457.04623	52.70979	52.74168	0	0	[30, 31, 32, 33]	[27311.39648, 19954.8418, 46951.22266, 21214.79883]	32	-7.10904	-100	881
2071.08504	53.34909	46071.57812	128689.35938	3	2	3	691.36896	53.34312	53.36084	0	0	[107, 108, 109]	[45728.10547, 46071.57812, 36889.67188]	108	0.82182	-100	882
2466.57249	52.50173	22756.64062	82884.02344	6	2	5	412.10269	52.4941	52.52826	0	0	[5, 6, 7, 8, 9]	[19229.3457, 22756.64062, 13989.78125, 15064.94531, 11843.3125]	6	-6.07242	-100	883
2465.5634	52.77719	71005.28906	333308.5625	6	2	9	411.93451	52.70979	52.78476	0	0	[30, 31, 32, 33, 34, 35, 36, 37, 38]	[28958.4375, 14961.08789, 47049.84766, 18926.35742, 26085.44531, 51699.76953, 56574.78516, 71005.28906, 18047.53125]	37	2.14452	-100	884
1796.8873	53.3955	52227.11719	123536.35938	2	2	3	899.45093	53.3955	53.41034	0	0	[113, 114, 115]	[52227.11719, 26084.71289, 45224.53125]	113	-0.22151	-100	885
1652.00788	52.65047	53937.95703	156322.40625	4	2	5	414.00925	52.62862	52.66554	0	0	[21, 22, 23, 24, 25]	[17265.85352, 36861.46484, 53937.95703, 25734.08008, 22523.05469]	23	6.47201	-100	886
1456.84292	52.57346	62885.05859	272803.46875	3	2	7	486.62158	52.53982	52.58808	0	0	[10, 11, 12, 13, 14, 15, 16]	[52201.35156, 33662.125, 22260.48438, 57743.61719, 62885.05859, 24673.00977, 19377.80859]	14	-2.29565	-100	887
2060.31884	52.59703	30316.46094	41552.40625	5	2	2	413.07104	52.58808	52.59703	0	0	[16, 17]	[11235.94727, 30316.46094]	17	-6.85114	-100	888
1607.55244	53.0009	50148.875	154039.375	4	2	5	402.89539	52.98166	53.01995	0	0	[61, 62, 63, 64, 65]	[23884.44141, 28905.82227, 50148.875, 28340.51367, 22759.72656]	63	3.69396	-100	889
2537.46177	52.50173	34207.125	54402.89844	6	2	2	423.91757	52.50173	52.50758	0	0	[6, 7]	[34207.125, 20195.77539]	6	-0.68476	-100	890
1200.7092	53.16907	59928.67578	155001.75	2	2	4	601.36188	53.14882	53.16907	0	0	[83, 84, 85, 86]	[23166.89062, 29628.97461, 42277.21094, 59928.67578]	86	1.41754	-100	891
2127.1767	53.31494	91314.40625	293819.8125	4	2	6	532.80145	53.29732	53.34312	0	0	[102, 103, 104, 105, 106, 107]	[58485.45312, 25901.50781, 91314.40625, 33628.12109, 23588.70703, 60901.61719]	104	-1.82218	-100	892
2154.37144	53.04385	33405.07422	48975.22656	6	2	2	360.06918	53.04385	53.05422	0	0	[68, 69]	[33405.07422, 15570.15234]	68	5.35723	-100	893
2381.50847	52.91945	20695.42383	40381.91406	6	2	2	397.92535	52.91945	52.92554	0	0	[53, 54]	[20695.42383, 19686.48828]	53	-1.59992	-100	894
2597.2686	52.94903	55558.50781	87699.95312	6	2	2	433.88538	52.94309	52.94903	0	0	[56, 57]	[32141.44727, 55558.50781]	57	5.37311	-100	895
2465.47496	53.23493	33434.24219	96267.07812	6	2	4	411.91977	53.22235	53.24254	0	0	[92, 93, 94, 95]	[22144.41211, 21447.82812, 33434.24219, 19240.5957]	94	-2.41272	-100	896
1964.70132	52.87188	56586.27734	220689.28125	5	2	7	393.94754	52.82727	52.87779	0	0	[42, 43, 44, 45, 46, 47, 48]	[49700.85938, 15438.67578, 22130.13086, 19661.35352, 40650.91406, 56586.27734, 16521.06055]	47	1.91058	-100	897
2645.33616	52.90324	26851.23633	48167.41016	6	2	2	441.89664	52.89437	52.90324	0	0	[50, 51]	[21316.17383, 26851.23633]	51	-5.30814	-100	898
542.88487	53.17936	71271.53906	370820.25	1	2	8	543.89215	53.14882	53.20315	0	0	[83, 84, 85, 86, 87, 88, 89, 90]	[54867.00781, 28307.18945, 45546.32422, 57434.34766, 71271.53906, 27640.2207, 26113.74805, 59639.87109]	87	-6.4647	-100	899
1286.91326	52.53982	37747.50391	167261.59375	3	2	7	429.97836	52.50173	52.55588	0	0	[6, 7, 8, 9, 10, 11, 12]	[19934.10547, 15202.21777, 23167.32617, 29697.56836, 37747.50391, 19111.01758, 22401.85938]	10	-4.8571	-100	900
2034.42452	52.66554	160105.8125	2627449.75	5	2	35	407.89218	52.50758	52.81844	0	0	[7, 8, 9, 10, 11, 12, 13, 14, 15, 16, 17, 18, 19, 20, 21, 22, 23, 24, 25, 26, 27, 28, 29, 30, 31, 32, 33, 34, 35, 36, 37, 38, 39, 40, 41]	[36167.43359, 23844.29883, 18973.75195, 24730.83789, 54755.78906, 39141.875, 103810.79688, 138997.0625, 79923.16406, 84523.71094, 116341.14844, 98459.09375, 75208.46875, 100166.5, 71200.39844, 117010.96875, 55573.69141, 41432.21484, 160105.8125, 53324.87891, 45932.39062, 74085.16406, 121238.10156, 72613.82812, 41921.05859, 99791.1875, 151550.26562, 51777.27344, 68693.61719, 77297.3125, 93526.99219, 82395.89062, 10885.31641, 51395.90625, 90653.75]	25	-7.25399	-100	901
2074.44589	53.10174	16072.73242	31534.74414	5	2	2	415.89645	53.10174	53.10769	0	0	[76, 77]	[16072.73242, 15462.01172]	76	-6.07691	-100	902
1244.71897	52.66554	188126.39062	3634229.75	2	2	34	623.36676	52.50758	52.80812	0	0	[7, 8, 9, 10, 11, 12, 13, 14, 15, 16, 17, 18, 19, 20, 21, 22, 23, 24, 25, 26, 27, 28, 29, 30, 31, 32, 33, 34, 35, 36, 37, 38, 39, 40]	[28492.83594, 56665.45703, 69413.09375, 76176.07031, 110800.25781, 80532.17188, 144560.40625, 112158.5625, 142277.14062, 85850.61719, 119713.28906, 137696.1875, 149965.04688, 171151.375, 121435.5, 148065.3125, 130692.90625, 102003.54688, 188126.39062, 115690, 111071.82031, 176223.04688, 174685.90625, 133382.70312, 106469.3125, 71068.76562, 125028.91406, 91293.86719, 26333.58594, 140375.14062, 58796.29297, 59161.90625, 12715.32617, 56157.28906]	25	1.5351	-100	903
2323.17109	52.50173	80970.99219	357666.09375	4	2	7	581.80005	52.45331	52.50173	0	0	[0, 1, 2, 3, 4, 5, 6]	[57109.10156, 52651.35156, 42130.57031, 19333.71289, 43815.62109, 61654.72656, 80970.99219]	6	0.42587	-100	904
2140.2929	52.87779	30352.5293	98760.34375	5	2	4	429.06586	52.87188	52.89437	0	0	[47, 48, 49, 50]	[18112.43555, 30352.5293, 27000.97266, 23294.41016]	48	3.36198	-100	905
1864.94988	52.81844	109341.625	1229139.625	5	2	21	373.99725	52.74671	52.92554	0	0	[34, 35, 36, 37, 38, 39, 40, 41, 42, 43, 44, 45, 46, 47, 48, 49, 50, 51, 52, 53, 54]	[58869.08203, 55501.14453, 23857.72656, 56380.80078, 64315.25, 15531.16016, 67963.38281, 109341.625, 31725.52148, 59739.30469, 50929.94922, 51424.77734, 70454.16406, 53568.44531, 87453.46094, 82110.84375, 80838.03906, 68434.71094, 22746.67188, 36432.25, 81521.41406]	41	6.91908	-100	906
1588.91598	53.26325	84112.88281	315660.375	3	2	5	530.64594	53.24847	53.27819	0	0	[96, 97, 98, 99, 100]	[69607.46094, 69105.64062, 84112.88281, 41261.23828, 51573.17188]	98	-3.29915	-100	907
1062.5875	53.18824	89232.17188	304002.25	2	2	5	532.30103	53.16907	53.20315	0	0	[86, 87, 88, 89, 90]	[21297.47656, 53969.38672, 89232.17188, 54112.50781, 85390.71094]	88	-0.97251	-100	908
1363.85665	52.65658	42300.16016	88856.10938	3	2	3	455.62616	52.65047	52.66554	0	0	[23, 24, 25]	[21321.36133, 42300.16016, 25234.58789]	24	0	-100	909
2471.35415	52.57346	139616.78125	1092666.5	3	2	15	824.79199	52.54578	52.66554	0	0	[11, 12, 13, 14, 15, 16, 17, 18, 19, 20, 21, 22, 23, 24, 25]	[134175.78125, 37926.31641, 97589.75, 139616.78125, 65246.34375, 24426.4082, 78621.07031, 88419.58594, 99077.74219, 77364.88281, 22813.84766, 59003.79297, 59899.88672, 49029.54688, 59454.70312]	14	-1.9554	-100	910
442.89	52.92554	49384.97266	103275.47656	1	2	3	443.89728	52.90917	52.92554	0	0	[52, 53, 54]	[28534.7207, 25355.7832, 49384.97266]	54	1.51351	-100	911
407.86058	53.32662	48092.23828	92905.03125	1	2	3	408.86786	53.31494	53.33276	0	0	[104, 105, 106]	[26649.36914, 48092.23828, 18163.42578]	105	1.71162	-100	912
2093.92782	52.82727	68357.39062	107327.60156	3	2	2	698.98322	52.82727	52.83323	0	0	[42, 43]	[68357.39062, 38970.21094]	42	-0.16169	-100	913
2405.63133	53.3955	40902.46094	78243.0625	6	2	2	401.94583	53.3955	53.40141	0	0	[113, 114]	[40902.46094, 37340.60547]	113	1.57599	-100	914
1472.58198	52.87188	14352.25098	27165.70703	4	2	2	369.15277	52.87188	52.87779	0	0	[47, 48]	[14352.25098, 12813.45508]	47	1.26344	-100	915
683.1967	53.25744	234280.59375	5938489	1	2	45	684.20398	53.07027	53.41626	0	0	[72, 73, 74, 75, 76, 77, 78, 79, 80, 81, 82, 83, 84, 85, 86, 87, 88, 89, 90, 91, 92, 93, 94, 95, 96, 97, 98, 99, 100, 101, 102, 103, 104, 105, 106, 107, 108, 109, 110, 111, 112, 113, 114, 115, 116]	[110921.32812, 96336.85938, 114108.82031, 137305.26562, 143407.32812, 129584.375, 128601.74219, 77290.84375, 107085.65625, 151870.73438, 134072.42188, 123308.17188, 145336.625, 177504.09375, 139726.26562, 171536.90625, 144874.96875, 167822.9375, 142739.03125, 126867.9375, 124523.14062, 111144.64062, 125627.27344, 145237.42188, 172626.25, 234280.59375, 197131.57812, 131757.96875, 101554.77344, 142937.20312, 111552.77344, 65951.36719, 132232.07812, 168672.9375, 121690.40625, 65784.60938, 134473.23438, 85124.89062, 140204.6875, 132110.32812, 88603.15625, 172876.4375, 151620.26562, 91893.97656, 118574.35156]	97	-3.50084	-100	916
803.11789	53.17936	24446.50195	84874.07812	2	2	4	402.56622	53.16907	53.1942	0	0	[86, 87, 88, 89]	[19885.63672, 24446.50195, 16200.74219, 24341.19336]	87	-6.37393	-100	917
459.06246	53.34312	38825.70312	85520.05469	1	2	3	460.06973	53.32662	53.34312	0	0	[105, 106, 107]	[27276.93945, 19417.41211, 38825.70312]	107	6.94639	-100	918
1438.80776	52.45944	36481.05078	72494.72656	3	2	2	480.60986	52.45331	52.45944	0	0	[0, 1]	[36013.67578, 36481.05078]	1	-7.79608	-100	919
2254.45916	52.81844	46501.07031	89466.55469	5	2	2	451.89911	52.81844	52.82727	0	0	[41, 42]	[46501.07031, 42965.48438]	41	-4.35474	-100	920
2017.09771	52.46841	20839.38672	50798.86719	5	2	3	404.42682	52.45331	52.46841	0	0	[0, 1, 2]	[15435.79395, 14523.68652, 20839.38672]	2	0.73474	-100	921
447.87297	52.69494	49119.39844	72256.32812	1	2	2	448.88025	52.68333	52.69494	0	0	[27, 28]	[23136.93164, 49119.39844]	28	0.94006	-100	922
749.7919	52.60733	148437.09375	3782175.75	2	2	38	375.90323	52.45331	52.77719	0	0	[0, 1, 2, 3, 4, 5, 6, 7, 8, 9, 10, 11, 12, 13, 14, 15, 16, 17, 18, 19, 20, 21, 22, 23, 24, 25, 26, 27, 28, 29, 30, 31, 32, 33, 34, 35, 36, 37]	[100319.21875, 93181.98438, 112009.52344, 73335.5, 86968.24219, 138946.89062, 77274.78906, 49721.25391, 83564.53125, 95043.20312, 129358.84375, 107070.33594, 67760.94531, 110510.44531, 115928.60156, 107316.15625, 72877.25781, 79615.39844, 148437.09375, 100731.53125, 79735.47656, 115803.73438, 131636.48438, 124618.48438, 91479.24219, 62627.44922, 82962.98438, 131256.46875, 116355.8125, 147332.92188, 139001.14062, 63690.9375, 80735.13281, 93858.21875, 77760.64062, 79674.13281, 99886.04688, 113788.03906]	18	-4.81106	-100	923
1902.02358	52.82727	141019.85938	240240.84375	3	2	2	635.01514	52.81844	52.82727	0	0	[41, 42]	[99220.97656, 141019.85938]	42	-0.28006	-100	924
2064.544	52.60733	59694.90625	182911.1875	5	2	6	413.91608	52.59703	52.63889	0	0	[17, 18, 19, 20, 21, 22]	[20020.00781, 59694.90625, 36010.00391, 22078.03516, 29864.3457, 15243.88574]	18	2.66111	-100	925
528.88713	52.84353	156877.10938	1578628.25	1	2	13	529.89441	52.83323	52.93421	0	0	[43, 44, 45, 46, 47, 48, 49, 50, 51, 52, 53, 54, 55]	[69309.40625, 156877.10938, 118676.84375, 124206.76562, 98815.875, 145569.21875, 118786.51562, 144658.98438, 120254.85938, 104014.39844, 152419.15625, 137768.54688, 87270.60156]	44	-7.94425	-100	926
1809.441	52.51793	30771.80664	50255.27344	5	2	2	362.89548	52.51793	52.52826	0	0	[8, 9]	[30771.80664, 19483.46484]	8	-1.72867	-100	927
2024.95235	53.28849	64083.08203	103841.32031	3	2	2	675.99139	53.27819	53.28849	0	0	[100, 101]	[39758.23828, 64083.08203]	101	-3.06002	-100	928
2257.23391	52.87779	28765.89648	82444.125	3	2	3	753.41858	52.87188	52.8854	0	0	[47, 48, 49]	[25235.89844, 28765.89648, 28442.32812]	48	1.01144	-100	929
1699.58186	52.70083	414717.65625	8020622	4	2	38	425.90274	52.45331	52.77719	0	0	[0, 1, 2, 3, 4, 5, 6, 7, 8, 9, 10, 11, 12, 13, 14, 15, 16, 17, 18, 19, 20, 21, 22, 23, 24, 25, 26, 27, 28, 29, 30, 31, 32, 33, 34, 35, 36, 37]	[142955.10938, 126188.00781, 185518.01562, 198443.42188, 251294.48438, 226295.9375, 206885.76562, 130438.76562, 161382, 114999.82031, 193808.25, 191725.32812, 155261.53125, 264626.6875, 209171.03125, 273541.375, 207474.10938, 239728.73438, 249234.21875, 175355.625, 232614.14062, 257641.98438, 189475.03125, 229395.0625, 215888.54688, 235529.75, 225522.09375, 196037.78125, 274226.125, 414717.65625, 241484.79688, 133815.39062, 175968.79688, 307206.21875, 159850.45312, 175756.28125, 240039.10938, 211124.8125]	29	-4.07866	-100	930
1703.92342	52.50758	75098.26562	97521.11719	3	2	2	568.98175	52.50758	52.51793	0	0	[7, 8]	[75098.26562, 22422.84961]	7	-1.21065	-100	931
1619.40925	52.57346	164099.95312	904746.1875	4	2	12	405.85959	52.53982	52.62862	0	0	[10, 11, 12, 13, 14, 15, 16, 17, 18, 19, 20, 21]	[66447.42188, 60311.13672, 23307.80664, 103959.25781, 164099.95312, 88517.30469, 61211.57812, 106519.67969, 90846.51562, 21949.18945, 66262.65625, 51313.67969]	14	1.91813	-100	932
1964.70101	52.74168	66287.58594	134308.42188	5	2	4	393.94748	52.72279	52.74671	0	0	[31, 32, 33, 34]	[11018.71094, 22846.56445, 66287.58594, 34155.55859]	33	2.10164	-100	933
781.79996	52.90917	138201.14062	2082491.75	2	2	20	391.90726	52.80812	52.96548	0	0	[40, 41, 42, 43, 44, 45, 46, 47, 48, 49, 50, 51, 52, 53, 54, 55, 56, 57, 58, 59]	[78070.71094, 118483.21875, 137985.04688, 47158.38672, 64853.67578, 127979.96875, 93706.13281, 61585.59375, 134364.625, 130825.70312, 120570.67969, 93606.96875, 138201.14062, 129120.67188, 100607.35156, 104474.85156, 118967.41406, 63029.35547, 104770.8125, 114129.51562]	52	-4.03893	-100	934
721.79648	53.21347	283178.53125	8726994	2	2	44	361.90552	53.07922	53.41626	0	0	[73, 74, 75, 76, 77, 78, 79, 80, 81, 82, 83, 84, 85, 86, 87, 88, 89, 90, 91, 92, 93, 94, 95, 96, 97, 98, 99, 100, 101, 102, 103, 104, 105, 106, 107, 108, 109, 110, 111, 112, 113, 114, 115, 116]	[148830.9375, 180604.17188, 182631, 174754.875, 189275.45312, 173613.14062, 229211.15625, 251157.4375, 266335.875, 266804.21875, 171137.76562, 220707.4375, 150592.5, 205123.53125, 190647.625, 196830.60938, 163418.17188, 150931.9375, 283178.53125, 216219.4375, 214894.28125, 241613.76562, 214990.01562, 175735.98438, 233149.71875, 250989.75, 141636.67188, 214952.39062, 210677.84375, 167237.10938, 178302.54688, 195954.95312, 262029.85938, 149223.03125, 160528.0625, 218473.42188, 145015.96875, 163319.8125, 260865.71875, 165469.42188, 184669.25, 175804.48438, 183612.26562, 205841.07812]	91	-4.33402	-100	935
2273.62712	52.50758	43341.97656	168990.28125	6	2	7	379.94513	52.48818	52.53982	0	0	[4, 5, 6, 7, 8, 9, 10]	[19642.83008, 19233.76758, 12241.89355, 43341.97656, 40272.32812, 10641.73242, 23615.75]	7	6.95996	-100	936
2205.52758	52.61341	41070.91016	204518.46875	5	2	10	442.11279	52.60733	52.68333	0	0	[18, 19, 20, 21, 22, 23, 24, 25, 26, 27]	[18616.07812, 41070.91016, 16980.77148, 21003.48438, 13576.83203, 23433.35352, 14117.86523, 18696.07227, 17643.20312, 19379.89258]	19	2.65182	-100	937
1538.79197	53.32662	122711.60156	337382.5625	2	2	4	770.40326	53.30325	53.33276	0	0	[103, 104, 105, 106]	[99187.78906, 81132.82812, 122711.60156, 34350.33203]	105	-3.4924	-100	938
1528.78698	52.70083	63159.23047	128206.24219	3	2	4	510.60294	52.68333	52.70979	0	0	[27, 28, 29, 30]	[22188.48242, 20046.11328, 63159.23047, 22812.41602]	29	1.87703	-100	939
1279.74448	52.90324	46009.97656	73678.64844	2	2	2	640.87952	52.89437	52.90324	0	0	[50, 51]	[27668.67383, 46009.97656]	51	-1.5647	-100	940
431.86247	53.36751	85271.58594	656825	1	2	16	432.86975	53.26325	53.3955	0	0	[98, 99, 100, 101, 102, 103, 104, 105, 106, 107, 108, 109, 110, 111, 112, 113]	[19010.66406, 13656.94824, 20205.86914, 68003.85156, 72095.25, 55487.5625, 58358.90234, 52458.32812, 60900.625, 17428.83594, 50754.75781, 12448.46973, 85271.58594, 27851.79883, 21602.26562, 21289.29297]	110	2.23329	-100	941
2738.4289	52.77126	134019.79688	623224.0625	4	2	10	685.6145	52.74168	52.82727	0	0	[33, 34, 35, 36, 37, 38, 39, 40, 41, 42]	[57989.36719, 22729.90039, 56165.17188, 134019.79688, 52702, 60691.40625, 54802.3125, 54908.46875, 47090.25, 82125.39844]	36	0.2497	-100	942
1320.09838	52.82727	16337.11621	31811.03711	3	2	2	441.04007	52.82727	52.83323	0	0	[42, 43]	[16337.11621, 15473.9209]	42	6.69103	-100	943
1366.77425	52.46841	62421.97656	175638.5625	3	2	4	456.59869	52.45331	52.48153	0	0	[0, 1, 2, 3]	[21407.64844, 60562.61328, 62421.97656, 31246.31055]	2	1.53065	-100	944
432.06346	53.23493	25408.44141	45746.58594	1	2	2	433.07074	53.22899	53.23493	0	0	[93, 94]	[20338.14453, 25408.44141]	94	-7.02585	-100	945
2104.04489	52.60733	17723.10938	46165.29688	5	2	3	421.81625	52.60733	52.621	0	0	[18, 19, 20]	[17723.10938, 14052.30078, 14389.88477]	18	6.98419	-100	946
719.79892	52.78476	31882.33203	79681.09375	2	2	4	360.90674	52.77126	52.79515	0	0	[36, 37, 38, 39]	[15349.45215, 19089.31836, 31882.33203, 13359.98828]	38	0.544	-100	947
2597.27281	53.16146	46185.67188	92502.63281	6	2	3	433.88608	53.14882	53.16146	0	0	[83, 84, 85]	[22330.75391, 23986.20508, 46185.67188]	85	2.8932	-100	948
968.57633	52.78476	59271.5625	70469.34375	2	2	2	485.29544	52.78476	52.79515	0	0	[38, 39]	[59271.5625, 11197.7832]	38	-2.23405	-100	949
2294.57009	53.23493	52181.70312	79404.25781	5	2	2	459.9213	53.23493	53.24254	0	0	[94, 95]	[52181.70312, 27222.55664]	94	-5.60464	-100	950
2589.21166	53.0379	117667.07031	1889859.875	5	2	30	518.84961	52.98166	53.20315	0	0	[61, 62, 63, 64, 65, 66, 67, 68, 69, 70, 71, 72, 73, 74, 75, 76, 77, 78, 79, 80, 81, 82, 83, 84, 85, 86, 87, 88, 89, 90]	[49543.54297, 24925.73047, 47409.91406, 61561.875, 47348.19922, 50064.48047, 117667.07031, 79020.53906, 78937.99219, 49878.80078, 66751.65625, 52664.52734, 75515.14844, 58362.45312, 79640.96094, 70716.57031, 61115.39062, 97700.82031, 87463.75, 84846.125, 75938.10938, 82718.53125, 49305.06641, 64047.5, 22217.68359, 51962.13281, 96064.36719, 62152.52344, 21865.55859, 22453.02539]	67	6.70066	-100	951
1415.97021	53.30325	34859.03906	54455.67188	3	2	2	472.99734	53.30325	53.31494	0	0	[103, 104]	[34859.03906, 19596.63477]	103	0.94367	-100	952
559.32237	53.34909	64341.57422	296654.75	1	2	6	560.32965	53.31494	53.36084	0	0	[104, 105, 106, 107, 108, 109]	[50873.0625, 54481.78125, 50217.64062, 39192.65625, 64341.57422, 37548.04297]	108	-2.2483	-100	953
2244.37722	53.16146	41587.54297	66918.64062	5	2	2	449.88272	53.16146	53.16907	0	0	[85, 86]	[41587.54297, 25331.0957]	85	-4.46232	-100	954
406.01131	52.50173	23653.98438	42818.11719	1	2	2	407.01859	52.4941	52.50173	0	0	[5, 6]	[19164.13477, 23653.98438]	6	-5.07912	-100	955
2321.37498	52.46841	24221.39453	38425.91406	6	2	2	387.90311	52.46841	52.48153	0	0	[2, 3]	[24221.39453, 14204.52148]	2	5.96472	-100	956
1768.79331	52.77126	78643.79688	148638.5625	2	2	2	885.40393	52.77126	52.77719	0	0	[36, 37]	[78643.79688, 69994.76562]	36	-2.15456	-100	957
2201.40153	52.82727	22580.4707	69028.41406	6	2	4	367.90753	52.80812	52.83323	0	0	[40, 41, 42, 43]	[14589.3252, 12146.4668, 22580.4707, 19712.14844]	42	3.4933	-100	958
2500.21761	52.90324	68274.4375	119393.17188	3	2	2	834.41315	52.90324	52.90917	0	0	[51, 52]	[68274.4375, 51118.73047]	51	4.27732	-100	959
2009.50799	52.91945	266444.375	9004645	5	2	56	402.90887	52.55588	53.0379	0	0	[12, 13, 14, 15, 16, 17, 18, 19, 20, 21, 22, 23, 24, 25, 26, 27, 28, 29, 30, 31, 32, 33, 34, 35, 36, 37, 38, 39, 40, 41, 42, 43, 44, 45, 46, 47, 48, 49, 50, 51, 52, 53, 54, 55, 56, 57, 58, 59, 60, 61, 62, 63, 64, 65, 66, 67]	[128333.07812, 137209.375, 103382.86719, 144511.07812, 129116.61719, 148457.09375, 139189.6875, 143571.46875, 156170.71875, 124996.80469, 126315.10156, 169532.59375, 118876.94531, 225089.875, 154133.35938, 121417.27344, 174311.71875, 153864.84375, 125932.13281, 127426.82031, 181631.90625, 138124.9375, 120131.26562, 104906.45312, 163959.375, 173256.65625, 140304.9375, 39064.69141, 191756.8125, 182435.8125, 189784.14062, 133702.75, 114396.79688, 110304.8125, 175500.53125, 124829.45312, 230726.65625, 222630.64062, 189165.375, 180116.15625, 158719.65625, 266444.375, 235506.67188, 146403.90625, 246235.40625, 167686.51562, 145078.78125, 124141.14844, 239170.48438, 222603.35938, 156859.01562, 171374.92188, 240634.92188, 149979.59375, 160036.73438, 215198.75]	53	1.47778	-100	960
2064.54125	52.89437	25400.83203	48599.53125	5	2	2	413.91553	52.8854	52.89437	0	0	[49, 50]	[23198.69727, 25400.83203]	50	6.03186	-100	961
1172.7004	52.74168	146138.53125	665818.9375	3	2	6	391.90741	52.74168	52.78476	0	0	[33, 34, 35, 36, 37, 38]	[146138.53125, 77377.46875, 55084.30078, 126009.24219, 144506.04688, 116703.30469]	33	1.53962	-100	962
2101.08761	52.69494	122596.34375	426181.15625	3	2	5	701.36981	52.69494	52.73576	0	0	[28, 29, 30, 31, 32]	[122596.34375, 56747.82812, 93370.625, 79889.07031, 73577.27344]	28	-0.24129	-100	963
1507.50385	52.45944	19727.89453	89708.97656	4	2	6	377.88324	52.45331	52.4941	0	0	[0, 1, 2, 3, 4, 5]	[15035.05664, 19727.89453, 9649.60547, 8790.76562, 17881.32422, 18624.33008]	1	0.50831	-100	964
1806.30183	53.36751	54451.13281	75051.17969	4	2	2	452.58273	53.36751	53.37916	0	0	[110, 111]	[54451.13281, 20600.04688]	110	2.09451	-100	965
2910.47545	52.59703	27084.79883	70494.57812	6	2	3	486.08652	52.59703	52.61341	0	0	[17, 18, 19]	[27084.79883, 24509.17969, 18900.60547]	17	-1.7429	-100	966
1256.8239	52.48153	16555.98438	43724.67188	3	2	3	419.94858	52.45944	52.48153	0	0	[1, 2, 3]	[13566.44531, 13602.24414, 16555.98438]	3	-6.59366	-100	967
402.89363	53.41034	79258.09375	213677.21875	1	2	3	403.90091	53.40141	53.41626	0	0	[114, 115, 116]	[75876.14844, 79258.09375, 58542.96875]	115	2.38545	-100	968
782.79966	53.3955	106451.08594	399158.3125	2	2	5	392.4071	53.38512	53.41626	0	0	[112, 113, 114, 115, 116]	[47277.84375, 106451.08594, 97838.69531, 52425.87891, 95164.80469]	113	-5.27899	-100	969
2444.71215	52.60733	21348.12891	80946.90625	5	2	4	489.94971	52.58808	52.61341	0	0	[16, 17, 18, 19]	[19906.67773, 20183.04883, 21348.12891, 19509.05273]	18	-0.55109	-100	970
2442.38224	52.80812	48570.13281	400692.40625	6	2	17	408.07098	52.67161	52.82727	0	0	[26, 27, 28, 29, 30, 31, 32, 33, 34, 35, 36, 37, 38, 39, 40, 41, 42]	[17196.2793, 23673.98633, 27765.86133, 36047.10547, 15118.34668, 17364.76367, 21878.85156, 26629.26758, 22559.26172, 43064.58984, 30312.31641, 12572.99316, 14033.61719, 10014.7959, 48570.13281, 18190.10547, 15700.16602]	40	6.34385	-100	971
2861.44072	52.77126	118988.55469	776216.6875	6	2	13	477.91406	52.67161	52.78476	0	0	[26, 27, 28, 29, 30, 31, 32, 33, 34, 35, 36, 37, 38]	[26392.85742, 49127.49609, 94431.35938, 67456.07031, 69957.5, 34628.79688, 28843.21289, 29603.61133, 17343.44531, 84753.28906, 118988.55469, 81306.66406, 73383.82031]	36	0	-100	972
384.0573	52.67161	41684.28516	73300.42188	1	2	3	385.06458	52.65658	52.67161	0	0	[24, 25, 26]	[17110.75977, 14505.37988, 41684.28516]	26	3.3505	-100	973
376.04915	52.87779	30347.99805	133555.15625	1	2	8	377.05643	52.82727	52.8854	0	0	[42, 43, 44, 45, 46, 47, 48, 49]	[18874.63867, 12100.00977, 14258.83301, 15998.25879, 14512.42969, 12311.7373, 30347.99805, 15151.25781]	48	6.30488	-100	974
837.5441	52.60733	105127.47656	1606438	2	2	29	419.77933	52.51793	52.77126	0	0	[8, 9, 10, 11, 12, 13, 14, 15, 16, 17, 18, 19, 20, 21, 22, 23, 24, 25, 26, 27, 28, 29, 30, 31, 32, 33, 34, 35, 36]	[18287.56836, 31071.93945, 84405.17969, 46811.96484, 22627.46094, 58350.01562, 27487.19531, 31127.43555, 66434.79688, 92801.35156, 105127.47656, 52236.84766, 51638.95312, 74659.50781, 103178.04688, 70604.71875, 86188.03906, 105067.16406, 80811.32812, 66241.625, 60636.28125, 86692.85156, 23546.60742, 25183.66797, 21421.74414, 20912.98828, 50173.82812, 23120.23047, 19591]	18	0.86759	-100	975
2344.33816	53.17936	175248.95312	4542457	5	2	42	469.87491	53.09276	53.41626	0	0	[75, 76, 77, 78, 79, 80, 81, 82, 83, 84, 85, 86, 87, 88, 89, 90, 91, 92, 93, 94, 95, 96, 97, 98, 99, 100, 101, 102, 103, 104, 105, 106, 107, 108, 109, 110, 111, 112, 113, 114, 115, 116]	[112218.72656, 99977.71094, 72641.72656, 159640.98438, 142471.64062, 110700.72656, 141737.25, 131472.9375, 109043.32031, 124700.57812, 99745.96094, 109290.0625, 175248.95312, 102701.50781, 134903.375, 143399.3125, 133001.60938, 86639.11719, 130860.5625, 118756.41406, 79083.0625, 96339.92188, 112772.96094, 89808.02344, 87182.86719, 91978.65625, 149664.26562, 59096.48438, 59656.91406, 114319.14844, 97961.79688, 86363.39062, 86316.72656, 131908.96875, 87434.03125, 80916.89062, 112310.45312, 59839.07812, 126231.25, 87497.89844, 88895.05469, 117726.01562]	87	-6.23438	-100	976
1027.59616	53.34909	56530.94531	206228.26562	2	2	5	514.80536	53.34312	53.37916	0	0	[107, 108, 109, 110, 111]	[39530.07031, 56530.94531, 38650.32422, 41308.71875, 30208.20703]	108	-1.40588	-100	977
386.9858	53.41626	23970.27148	47609.5625	1	2	2	387.99307	53.41034	53.41626	0	0	[115, 116]	[23639.29102, 23970.27148]	116	2.6307	-100	978
2880.60493	53.30325	108399.5625	421633.75	4	2	6	721.15851	53.30325	53.34909	0	0	[103, 104, 105, 106, 107, 108]	[108399.5625, 90770.13281, 80331.21094, 50897.42578, 35943.08203, 55292.32031]	103	-3.24065	-100	979
2542.38447	52.82727	117907.03125	237669.96875	4	2	3	636.60339	52.81844	52.83323	0	0	[41, 42, 43]	[76392.89844, 117907.03125, 43370.03125]	42	-0.3721	-100	980
1438.7341	52.45944	42536.90625	81409.61719	2	2	2	720.37433	52.45331	52.45944	0	0	[0, 1]	[38872.71094, 42536.90625]	1	-1.31315	-100	981
2597.27208	52.61341	42151.71484	179833.75	6	2	6	433.88596	52.58808	52.62862	0	0	[16, 17, 18, 19, 20, 21]	[16928.26562, 25543.66797, 40631.35547, 42151.71484, 28203.10938, 26375.64844]	19	3.30652	-100	982
2238.26323	52.90324	54917.78516	506575.65625	6	2	19	374.05115	52.74168	52.90324	0	0	[33, 34, 35, 36, 37, 38, 39, 40, 41, 42, 43, 44, 45, 46, 47, 48, 49, 50, 51]	[29803.34961, 27400.86523, 15659.24902, 38103.85156, 19679.77344, 23942.80469, 7304.46533, 45408.50781, 41519.01953, 16971.47852, 22834.78516, 11781.06738, 12899.72168, 25264.79492, 33573.15625, 30879.46484, 26979.65234, 21651.88867, 54917.78516]	51	-2.99458	-100	983
2019.41523	52.82727	29867.52344	51305.47656	4	2	2	505.86108	52.82727	52.83323	0	0	[42, 43]	[29867.52344, 21437.95312]	42	-2.49482	-100	984
1465.81957	52.65047	26986.22656	95557.82031	3	2	4	489.6138	52.62862	52.65658	0	0	[21, 22, 23, 24]	[24647.58203, 19621.83203, 26986.22656, 24302.17773]	23	1.03393	-100	985
2244.37829	53.41626	47757.41797	71137.17188	5	2	2	449.88293	53.41034	53.41626	0	0	[115, 116]	[23379.75, 47757.41797]	116	-6.18462	-100	986
1195.68719	53.0009	26759.28711	88762.95312	3	2	5	399.56967	53.0009	53.0379	0	0	[63, 64, 65, 66, 67]	[26759.28711, 16293.84863, 15975.91797, 12415.40332, 17318.49023]	63	4.39329	-100	987
386.92717	52.86425	42871.73438	61163.25	1	2	2	387.93445	52.85389	52.86425	0	0	[45, 46]	[18291.51367, 42871.73438]	46	-7.21169	-100	988
473.91011	52.52826	41304.33984	86932.05469	1	2	3	474.91739	52.51793	52.53982	0	0	[8, 9, 10]	[21788.45508, 41304.33984, 23839.25781]	9	-3.23993	-100	989
1255.7445	52.45944	98768.9375	190061.90625	3	2	5	419.58878	52.45331	52.48818	0	0	[0, 1, 2, 3, 4]	[11755.50586, 98768.9375, 44944.73438, 19334.63867, 15258.08398]	1	1.56366	-100	990
1894.68804	52.77719	45405.53125	64107.57031	5	2	2	379.94489	52.77719	52.78476	0	0	[37, 38]	[45405.53125, 18702.03711]	37	-7.86675	-100	991
2278.41181	52.95659	173761.54688	363647.0625	4	2	4	570.61023	52.95659	52.98166	0	0	[58, 59, 60, 61]	[173761.54688, 71054.92969, 63830.10938, 55000.49219]	58	4.71334	-100	992
2739.42329	52.82727	49665.01172	79647.42969	4	2	2	685.8631	52.81844	52.82727	0	0	[41, 42]	[29982.41602, 49665.01172]	42	3.82665	-100	993
635.84667	52.89437	71965.34375	222128.1875	1	2	4	636.85394	52.87188	52.89437	0	0	[47, 48, 49, 50]	[55446.23438, 29655.63281, 65060.98047, 71965.34375]	50	-2.13451	-100	994
2144.61923	52.82727	25414.40625	68623.14844	5	2	3	429.93112	52.82727	52.84353	0	0	[42, 43, 44]	[25414.40625, 17907.86719, 25300.87695]	42	-4.02221	-100	995
1619.48896	52.52826	87600.96094	729064.4375	4	2	13	405.87952	52.45331	52.55588	0	0	[0, 1, 2, 3, 4, 5, 6, 7, 8, 9, 10, 11, 12]	[31484.53125, 41444.69922, 67901.63281, 71241.75781, 59915.42578, 34455.57422, 48738.88281, 39502.79297, 78443.07812, 87600.96094, 48845.36719, 75552.32812, 43937.45312]	9	-4.65798	-100	996
909.23691	53.1127	26843.14062	46288.64062	2	2	2	455.62573	53.10769	53.1127	0	0	[77, 78]	[19445.50195, 26843.14062]	78	4.22045	-100	997
2294.57025	52.50173	80504.32031	361741.03125	5	2	7	459.92133	52.50173	52.55588	0	0	[6, 7, 8, 9, 10, 11, 12]	[80504.32031, 51958.91016, 51029.82031, 42482.83984, 25645.75781, 61557.44531, 48561.92578]	6	-4.69578	-100	998
1443.70115	52.70083	78254.88281	224902.46875	2	2	4	722.85785	52.70083	52.73576	0	0	[29, 30, 31, 32]	[78254.88281, 61691.94922, 21822.39453, 63133.25781]	29	0.07685	-100	999
407.86119	52.77126	26196.08008	46910.70312	1	2	2	408.86847	52.77126	52.77719	0	0	[36, 37]	[26196.08008, 20714.625]	36	-1.62153	-100	1000
2380.32026	52.97574	109414.375	406548.8125	4	2	7	596.08734	52.92554	52.97574	0	0	[54, 55, 56, 57, 58, 59, 60]	[63340.09375, 84560.63281, 70932.71094, 26341.06445, 30182.82812, 21777.125, 109414.375]	60	3.69589	-100	1001
2754.374	52.65658	40746.39453	125240.59375	6	2	4	460.06961	52.62862	52.65658	0	0	[21, 22, 23, 24]	[24020.64648, 39254.85938, 21218.6875, 40746.39453]	24	5.37541	-100	1002
1966.51875	52.70979	104965.80469	215163.4375	4	2	3	492.63696	52.70083	52.72279	0	0	[29, 30, 31]	[88557.32031, 104965.80469, 21640.31445]	30	-3.55228	-100	1003
1811.42316	52.66554	60754.92578	84774.25	4	2	2	453.86307	52.66554	52.67161	0	0	[25, 26]	[60754.92578, 24019.32031]	25	-4.3258	-100	1004
1765.79659	52.98166	27022.36719	51835.42969	3	2	2	589.60614	52.97574	52.98166	0	0	[60, 61]	[24813.06055, 27022.36719]	61	3.44316	-100	1005
2344.33953	52.86425	177146.32812	4070083.5	5	2	35	469.87518	52.80812	53.08517	0	0	[40, 41, 42, 43, 44, 45, 46, 47, 48, 49, 50, 51, 52, 53, 54, 55, 56, 57, 58, 59, 60, 61, 62, 63, 64, 65, 66, 67, 68, 69, 70, 71, 72, 73, 74]	[137193.51562, 114935.59375, 135583.3125, 73207.23438, 53781.0625, 118349.36719, 177146.32812, 146065.1875, 142049.125, 105864.53906, 126143.09375, 110402.625, 87590.09375, 110093.6875, 112268.78125, 88560.07031, 135812.29688, 88359.77344, 146069.75, 100812.35938, 150802.98438, 133868.17188, 73136.6875, 122347.28906, 161644.8125, 104714.78906, 96882.71875, 151830.0625, 134169.10938, 146785.42188, 105639.07812, 82632.8125, 123230.77344, 90128.60156, 81982.78125]	46	-7.26121	-100	1006
1139.62412	53.16146	24139.7168	47221.22656	2	2	2	570.81934	53.15384	53.16146	0	0	[84, 85]	[23081.51172, 24139.7168]	85	-2.29908	-100	1007
1334.28841	52.8854	18523.07422	36115.56641	3	2	2	445.77008	52.8854	52.89437	0	0	[49, 50]	[18523.07422, 17592.49219]	49	3.9668	-100	1008
1172.66598	53.06014	18515.50977	65118.16406	3	2	4	391.89594	53.04385	53.06523	0	0	[68, 69, 70, 71]	[17869.92188, 16654.77344, 18515.50977, 12077.95996]	70	-6.54369	-100	1009
542.88475	52.46841	69586.89062	132791.35938	1	2	3	543.89203	52.45331	52.46841	0	0	[0, 1, 2]	[34897.88281, 28306.58984, 69586.89062]	2	-6.69978	-100	1010
1300.68316	53.21347	59783.68359	103137.54688	3	2	3	434.56833	53.21347	53.22899	0	0	[91, 92, 93]	[59783.68359, 19487.62695, 23866.23242]	91	-7.91241	-100	1011
1569.84682	52.78476	114741.98438	132720.23438	3	2	2	524.28955	52.78476	52.79515	0	0	[38, 39]	[114741.98438, 17978.25195]	38	5.47439	-100	1012
932.92308	52.77126	56301.41797	83844.60938	1	2	2	933.93036	52.75836	52.77126	0	0	[35, 36]	[27543.18945, 56301.41797]	36	-0.62758	-100	1013
583.26238	53.08517	76504.24219	245386.75	1	2	4	584.26965	53.08517	53.10769	0	0	[74, 75, 76, 77]	[76504.24219, 65379.23828, 65563.6875, 37939.57422]	74	-4.7515	-100	1014
377.93413	53.41626	61496.23438	169680.0625	1	2	7	378.94141	53.36751	53.41626	0	0	[110, 111, 112, 113, 114, 115, 116]	[17887.45508, 29491.4043, 9088.75488, 19826.56641, 20984.08008, 10905.56934, 61496.23438]	116	1.21123	-100	1015
1340.93487	53.09276	220202.20312	2160519.75	3	2	12	447.98557	53.07922	53.15384	0	0	[73, 74, 75, 76, 77, 78, 79, 80, 81, 82, 83, 84]	[213841.20312, 188976.95312, 220202.20312, 157501.98438, 150568.46875, 207149.26562, 155702.76562, 157180.73438, 188370.0625, 209746.70312, 112153.50781, 199125.71875]	75	2.44121	-100	1016
2064.54415	52.80812	51361.44141	238404.70312	5	2	8	413.91611	52.80812	52.87188	0	0	[40, 41, 42, 43, 44, 45, 46, 47]	[51361.44141, 43627.74609, 33187.82031, 14331.60352, 23917.94141, 12352.43945, 35162.34375, 24463.37891]	40	3.01592	-100	1017
2585.3845	53.21347	70517.42188	91431.32031	6	2	2	431.90469	53.20315	53.21347	0	0	[90, 91]	[20913.89648, 70517.42188]	91	5.07717	-100	1018
378.96511	52.78476	44063.38281	166987.04688	1	2	9	379.97238	52.73576	52.80812	0	0	[32, 33, 34, 35, 36, 37, 38, 39, 40]	[17043.12109, 17401.29688, 16952.13672, 11806.45215, 20254.82227, 13011.2998, 44063.38281, 8632.65039, 17821.88867]	38	2.91526	-100	1019
1027.59446	53.21347	51295.49219	135083.5	2	2	4	514.8045	53.20315	53.22899	0	0	[90, 91, 92, 93]	[24635.92578, 51295.49219, 36003.96094, 23148.12109]	91	-1.91712	-100	1020
398.95104	53.34909	33937.03516	106040.71875	1	2	6	399.95831	53.32662	53.36751	0	0	[105, 106, 107, 108, 109, 110]	[15996.63281, 19354.32422, 12891.04492, 33937.03516, 9030.86914, 14830.81738]	108	-3.9104	-100	1021
2064.54202	53.00682	71935.17969	531186.6875	5	2	17	413.91568	52.96548	53.09276	0	0	[59, 60, 61, 62, 63, 64, 65, 66, 67, 68, 69, 70, 71, 72, 73, 74, 75]	[44520.94922, 21238.97656, 49375.35156, 15607.88867, 26392.39453, 71935.17969, 25663.98242, 19902.53711, 24931.79297, 28970.26172, 27288.52734, 23592.4707, 41349.31641, 38085.99609, 25216.76562, 23807.61719, 23306.69336]	64	4.87871	-100	1022
2009.50906	52.50173	230366.75	1854403.75	5	2	12	402.90909	52.45331	52.54578	0	0	[0, 1, 2, 3, 4, 5, 6, 7, 8, 9, 10, 11]	[136759.5625, 124398.8125, 186748.53125, 131939.82812, 179975.01562, 189368.34375, 230366.75, 106026.97656, 172077.89062, 66969.13281, 154441.42188, 175331.51562]	6	2.21667	-100	1023
1507.50324	52.87188	15507.3623	40722.5625	4	2	3	377.88309	52.85389	52.87188	0	0	[45, 46, 47]	[11170.43457, 14044.76367, 15507.3623]	47	0.71163	-100	1024
2898.15776	53.24847	45361.23828	132154.40625	6	2	5	484.03357	53.22235	53.24847	0	0	[92, 93, 94, 95, 96]	[26715.37695, 23651.80664, 15522.78809, 20903.20703, 45361.23828]	96	-5.54261	-100	1025
2303.42863	52.60733	65489.05859	418869.375	6	2	15	384.91205	52.54578	52.66554	0	0	[11, 12, 13, 14, 15, 16, 17, 18, 19, 20, 21, 22, 23, 24, 25]	[41234.65625, 12903.30957, 16431.76367, 20022.83594, 16253.32031, 22219.81836, 20329.70703, 65489.05859, 23815.29102, 64329.67969, 23494.81641, 14832.60742, 26685.80273, 22857.21094, 27969.50977]	18	-5.24296	-100	1026
2254.45809	52.77126	52262.51562	128755.30469	5	2	4	451.8989	52.77126	52.79515	0	0	[36, 37, 38, 39]	[52262.51562, 26167.97852, 38245.28906, 12079.52246]	36	-5.75448	-100	1027
2134.35922	52.46841	41289.11719	110090.11719	5	2	3	427.87912	52.45331	52.46841	0	0	[0, 1, 2]	[37741.95703, 31059.03906, 41289.11719]	2	-2.86957	-100	1028
542.88548	53.34909	67900.28906	116559.01562	1	2	2	543.89276	53.34312	53.34909	0	0	[107, 108]	[48658.72266, 67900.28906]	108	-3.17358	-100	1029
1844.34121	53.10769	11127.61523	19156.23438	5	2	2	369.87552	53.10174	53.10769	0	0	[76, 77]	[8028.61914, 11127.61523]	77	3.36	-100	1030
2369.70274	52.59703	51752.42578	98047.45312	6	2	2	395.95773	52.59703	52.60733	0	0	[17, 18]	[51752.42578, 46295.02344]	17	-4.55112	-100	1031
1143.25329	52.46841	19376.02539	42839.85156	3	2	3	382.09171	52.45331	52.46841	0	0	[0, 1, 2]	[13155.51758, 10308.30664, 19376.02539]	2	-7.0968	-100	1032
1619.48762	53.41626	59823.69922	83263.5	4	2	2	405.87918	53.41034	53.41626	0	0	[115, 116]	[23439.80469, 59823.69922]	116	-3.28799	-100	1033
693.84416	52.70083	69639.57031	125123.82031	1	2	2	694.85144	52.70083	52.70979	0	0	[29, 30]	[69639.57031, 55484.25]	29	1.05882	-100	1034
2645.33177	53.01995	25256.90625	124792.83594	6	2	6	441.8959	52.98166	53.0276	0	0	[61, 62, 63, 64, 65, 66]	[23435.53906, 18282.07227, 23484.33984, 16539.0332, 25256.90625, 17794.94336]	65	-7.72095	-100	1035
2101.08889	53.00682	113988.47656	625329.125	3	2	9	701.37024	52.95659	53.0276	0	0	[58, 59, 60, 61, 62, 63, 64, 65, 66]	[53645.83203, 48432.51953, 67501.85156, 63136.74609, 97039.14844, 50581.26562, 113988.47656, 56510.66016, 74492.60938]	64	0.24129	-100	1036
369.03725	53.04385	27250.01953	70562.34375	1	2	3	370.04453	53.04385	53.06014	0	0	[68, 69, 70]	[27250.01953, 23442.19922, 19870.12305]	68	3.55598	-100	1037
1209.75364	52.82727	62883.28125	246180.39062	2	2	5	605.88409	52.78476	52.82727	0	0	[38, 39, 40, 41, 42]	[28295.9375, 62380.44922, 33767.85156, 58852.87109, 62883.28125]	42	2.90356	-100	1038
1146.23434	52.84353	13320.5332	25641.57031	3	2	2	383.08539	52.84353	52.85389	0	0	[44, 45]	[13320.5332, 12321.03613]	44	-1.1948	-100	1039
1363.85683	52.57346	49194.55859	116247.5625	3	2	5	455.62622	52.55588	52.58808	0	0	[12, 13, 14, 15, 16]	[15095.20605, 15395.25488, 49194.55859, 16103.86035, 20458.69141]	14	0.46067	-100	1040
382.00719	52.66554	22287.50391	48390.90234	1	2	3	383.01447	52.65658	52.67161	0	0	[24, 25, 26]	[12433.35645, 22287.50391, 13670.04199]	25	0.69534	-100	1041
2294.56887	52.89437	69508.875	163105.46875	5	2	4	459.92105	52.8854	52.90917	0	0	[49, 50, 51, 52]	[24269.98633, 69508.875, 26974.54492, 42352.06641]	50	-4.62005	-100	1042
582.92998	52.77719	61989.48438	120377.80469	1	2	2	583.93726	52.77719	52.78476	0	0	[37, 38]	[61989.48438, 58388.32031]	37	-2.0079	-100	1043
466.87432	53.0379	70924.53906	138733.71875	1	2	3	467.88159	53.0276	53.04385	0	0	[66, 67, 68]	[17992.01758, 70924.53906, 49817.16406]	67	-4.85926	-100	1044
583.59599	52.8854	81860.10156	203117.51562	1	2	3	584.60327	52.87779	52.89437	0	0	[48, 49, 50]	[59868.00391, 81860.10156, 61389.41016]	49	-0.73849	-100	1045
1964.43124	52.81844	92896.52344	288266.5625	5	2	5	393.89352	52.78476	52.82727	0	0	[38, 39, 40, 41, 42]	[69079.82812, 10779.73242, 24769.38867, 92896.52344, 90741.10156]	41	-6.78397	-100	1046
369.03771	52.59703	27643.08203	67436.16406	1	2	3	370.04498	52.59703	52.61341	0	0	[17, 18, 19]	[27643.08203, 27098.28516, 12694.79785]	17	3.13763	-100	1047
1655.98017	53.06523	83131.67969	166066.15625	4	2	3	415.00232	53.05422	53.06523	0	0	[69, 70, 71]	[42726.32422, 40208.15625, 83131.67969]	71	3.97529	-100	1048
2465.56614	53.06014	52375.42578	151625.45312	6	2	4	411.93497	53.06014	53.07922	0	0	[70, 71, 72, 73]	[52375.42578, 33596.34375, 19886.37109, 45767.31641]	70	2.14452	-100	1049
1172.66515	52.992	19157.33984	74400.64062	3	2	5	391.89566	52.992	53.0276	0	0	[62, 63, 64, 65, 66]	[19157.33984, 15526.32812, 14789.33301, 13139.15527, 11788.48535]	62	-4.13793	-100	1050
2238.26304	52.91945	69222.19531	234414.0625	6	2	8	374.05112	52.91945	52.97574	0	0	[53, 54, 55, 56, 57, 58, 59, 60]	[69222.19531, 32121.32617, 12138.04395, 15396.63477, 16553.51172, 34707.14453, 39618.6875, 14656.5127]	53	-2.37501	-100	1051
473.90904	53.37916	65718.05469	272873.75	1	2	8	474.91632	53.33276	53.3955	0	0	[106, 107, 108, 109, 110, 111, 112, 113]	[25261.05469, 33457.22656, 19881.625, 38593.99609, 42222.24219, 65718.05469, 20338.14258, 27401.37695]	111	-3.52794	-100	1052
2507.36161	53.0379	50338.88672	138189.8125	6	2	4	418.90088	53.0379	53.06014	0	0	[67, 68, 69, 70]	[50338.88672, 25281.92969, 30738.52344, 31830.48438]	67	-2.43981	-100	1053
380.08083	53.34909	27503.12891	50875.03906	1	2	3	381.0881	53.33276	53.34909	0	0	[106, 107, 108]	[13245.12793, 10126.7832, 27503.12891]	108	2.60224	-100	1054
473.9099	53.06523	58685.03125	224108	1	2	6	474.91718	53.06523	53.10174	0	0	[71, 72, 73, 74, 75, 76]	[58685.03125, 55852.21484, 22825.57617, 21292.86328, 38838.5, 26613.81445]	71	-3.74393	-100	1055
2243.43742	52.81844	61275.59766	167384.70312	6	2	6	374.91351	52.80812	52.85389	0	0	[40, 41, 42, 43, 44, 45]	[18504.81445, 61275.59766, 30482.34375, 18930.72461, 23782.16797, 14409.04492]	41	5.24818	-100	1056
507.89675	52.8854	113623.71875	1239097.75	1	2	19	508.90402	52.80812	52.95659	0	0	[40, 41, 42, 43, 44, 45, 46, 47, 48, 49, 50, 51, 52, 53, 54, 55, 56, 57, 58]	[70372.38281, 92303.71875, 80811.64844, 35607.6875, 91429.19531, 28796.08789, 64331.98438, 41919.02734, 82685.89844, 113623.71875, 72553.59375, 66733.64844, 51204.44141, 80926.69531, 92501.35156, 44986.23438, 59646.95312, 22250.61719, 46412.80469]	49	-6.10262	-100	1057
1217.65146	52.98166	47935.99609	100309.85938	2	2	3	609.83301	52.96548	52.98166	0	0	[59, 60, 61]	[21893.26562, 30480.5957, 47935.99609]	61	-0.79322	-100	1058
434.03758	52.48818	62601.26172	470241.8125	1	2	10	435.04486	52.45331	52.52826	0	0	[0, 1, 2, 3, 4, 5, 6, 7, 8, 9]	[45201.91016, 45094.10547, 50163.30469, 52122.85547, 62601.26172, 43746.48438, 43873.99609, 45794.70312, 61227.73828, 20415.43555]	4	-3.36595	-100	1059
2567.4726	52.91945	142542.96875	544083.6875	4	2	6	642.87543	52.89437	52.93421	0	0	[50, 51, 52, 53, 54, 55]	[42458.58203, 128126.32031, 57458.19141, 142542.96875, 83164.5625, 90333.03906]	53	-7.33333	-100	1060
398.95156	52.77719	24668.79297	51729.24219	1	2	3	399.95883	52.75836	52.77719	0	0	[35, 36, 37]	[12513.82617, 14546.62402, 24668.79297]	37	-3.07245	-100	1061
386.04811	53.26325	32915.26172	128498.59375	1	2	6	387.05539	53.25744	53.29732	0	0	[97, 98, 99, 100, 101, 102]	[22865.89844, 32915.26172, 22549.13086, 11675.0752, 18640.19141, 19853.0332]	98	6.25834	-100	1062
1087.90389	52.80812	11068.63379	17659.9707	3	2	2	363.64191	52.79515	52.80812	0	0	[39, 40]	[6591.3374, 11068.63379]	40	0.4306	-100	1063
2585.38084	53.0379	49986.83203	159816	6	2	4	431.90408	53.00682	53.0379	0	0	[64, 65, 66, 67]	[47991.70312, 42836.375, 19001.09766, 49986.83203]	67	6.90829	-100	1064
431.94954	53.1339	23361.91797	39385.45312	1	2	2	432.95682	53.1339	53.14284	0	0	[81, 82]	[23361.91797, 16023.53711]	81	-7.11131	-100	1065
3033.55634	53.32662	141948.28125	604181.75	4	2	6	759.39636	53.30325	53.34909	0	0	[103, 104, 105, 106, 107, 108]	[125887.40625, 121113.34375, 141948.28125, 49140.41797, 86852.72656, 79239.58594]	105	-3.35611	-100	1066
2255.00436	53.28849	59798.50781	263153.4375	5	2	8	452.00815	53.24254	53.29732	0	0	[95, 96, 97, 98, 99, 100, 101, 102]	[21796.04297, 35111.46875, 22889.13672, 25095.74609, 43863.74219, 29296.16797, 59798.50781, 25302.625]	101	-5.36372	-100	1067
1680.956	53.27224	73999.85938	216688.78125	4	2	5	421.24628	53.26325	53.29732	0	0	[98, 99, 100, 101, 102]	[21461.61719, 73999.85938, 43168.35547, 22482.5918, 55576.36719]	99	-0.5183	-100	1068
384.05727	52.87188	25111.85938	46427.91406	1	2	2	385.06454	52.86425	52.87188	0	0	[46, 47]	[21316.05469, 25111.85938]	47	2.75923	-100	1069
1260.85287	52.67161	24783.04102	81952.33594	3	2	4	421.29156	52.65658	52.68333	0	0	[24, 25, 26, 27]	[12923.49707, 22986.15625, 24783.04102, 21259.63867]	26	0.86344	-100	1070
2034.42361	53.26325	164441.59375	1524070.625	5	2	22	407.892	53.22235	53.3955	0	0	[92, 93, 94, 95, 96, 97, 98, 99, 100, 101, 102, 103, 104, 105, 106, 107, 108, 109, 110, 111, 112, 113]	[83282.48438, 23550.71289, 72249.88281, 55783.77734, 141276.53125, 66329.3125, 164441.59375, 28829.61719, 57144.05859, 91583.5, 11786.7207, 116414.67188, 57860.75781, 130078.3125, 50738.70703, 53989.30469, 54912.67578, 43696.26953, 22052.48438, 64495.40234, 34545.76172, 99028.125]	98	-5.62185	-100	1071
2009.50768	53.1127	308328.78125	8832081	5	2	49	402.90881	53.04385	53.41626	0	0	[68, 69, 70, 71, 72, 73, 74, 75, 76, 77, 78, 79, 80, 81, 82, 83, 84, 85, 86, 87, 88, 89, 90, 91, 92, 93, 94, 95, 96, 97, 98, 99, 100, 101, 102, 103, 104, 105, 106, 107, 108, 109, 110, 111, 112, 113, 114, 115, 116]	[184158.70312, 134622.28125, 70117.22656, 141910.5625, 201597.01562, 187078.73438, 231838.10938, 218545.09375, 188574.28125, 135707.95312, 308328.78125, 210720.0625, 265194.8125, 171515.64062, 147226.01562, 162537.125, 292245.71875, 124095.05469, 183539.32812, 236006.57812, 119530.17188, 200084.71875, 179078.07812, 240962.67188, 148406.46875, 136592.23438, 179234.64062, 197745.82812, 182673.20312, 167981.64062, 238534.07812, 171598, 124265.07812, 213318.90625, 165352.01562, 151836.29688, 215155.6875, 221171.40625, 164038.4375, 139094.07812, 140334.98438, 110115.74219, 198188.40625, 171364.04688, 172169.28125, 181381.1875, 141486.625, 153055.21875, 211773.79688]	78	1.75487	-100	1072
2504.46008	53.17936	109419.66406	316063.40625	5	2	5	501.89929	53.14882	53.17936	0	0	[83, 84, 85, 86, 87]	[63693.25391, 56842.12891, 46226.16797, 39882.21094, 109419.66406]	87	-3.58785	-100	1073
2140.29138	52.94309	25933.76367	48723.75781	5	2	2	429.06555	52.93421	52.94309	0	0	[55, 56]	[22789.99414, 25933.76367]	56	5.63132	-100	1074
2442.38572	53.15384	24555.23047	171444.67188	6	2	9	408.07156	53.14882	53.21347	0	0	[83, 84, 85, 86, 87, 88, 89, 90, 91]	[15835.74805, 24555.23047, 17765.46484, 21515.82617, 22571.13086, 20610.85938, 14499.70996, 15638.4209, 18452.28125]	84	5.07507	-100	1075
512.92595	53.21347	39496.08594	94985.66406	1	2	3	513.93323	53.21347	53.22899	0	0	[91, 92, 93]	[39496.08594, 28892.67773, 26596.90039]	91	4.60604	-100	1076
375.95735	52.621	25120.70117	82079.70312	1	2	4	376.96463	52.621	52.65047	0	0	[20, 21, 22, 23]	[25120.70117, 17869.6875, 17682.11523, 21407.19336]	20	-4.37433	-100	1077
503.85362	53.21347	48739.39453	88564.60938	1	2	3	504.8609	53.1942	53.21347	0	0	[89, 90, 91]	[18775.69141, 21049.52148, 48739.39453]	91	-6.11023	-100	1078
2670.45747	52.63889	77321.88281	136924.21875	4	2	2	668.62164	52.63889	52.65047	0	0	[22, 23]	[77321.88281, 59602.32812]	22	0.51855	-100	1079
431.95009	53.16146	24942.7832	70956.99219	1	2	3	432.95737	53.15384	53.16907	0	0	[84, 85, 86]	[24311.7207, 24942.7832, 21702.48633]	85	-7.8555	-100	1080
1279.72399	52.93421	53073.49219	209685.15625	3	2	7	427.58194	52.93421	52.98166	0	0	[55, 56, 57, 58, 59, 60, 61]	[53073.49219, 31820.95312, 20646.5625, 32509.24805, 25352.84766, 21792.44336, 24489.62109]	55	-3.5468	-100	1081
2005.19525	52.86425	56969.60547	83635.07812	5	2	3	402.04633	52.84353	52.86425	0	0	[44, 45, 46]	[12553.34375, 14112.13379, 56969.60547]	46	-2.22381	-100	1082
2639.28398	53.16146	82618.4375	314366.25	6	2	6	440.88794	53.14284	53.17936	0	0	[82, 83, 84, 85, 86, 87]	[40889.98828, 53718.9375, 61791.78906, 82618.4375, 43696.15234, 31650.92969]	85	-4.84214	-100	1083
2561.23271	52.54578	60897.97656	215807.85938	6	2	6	427.87939	52.54578	52.58808	0	0	[11, 12, 13, 14, 15, 16]	[60897.97656, 46009.61719, 17060.14258, 56012.67969, 17499.73242, 18327.72266]	11	0.75968	-100	1084
2303.42442	53.37916	69500.14844	113042.85938	6	2	3	384.91135	53.36751	53.38512	0	0	[110, 111, 112]	[18176.30859, 69500.14844, 25366.41016]	111	-2.4731	-100	1085
2231.35191	53.41626	87078.29688	756502.5	6	2	14	372.89926	53.30325	53.41626	0	0	[103, 104, 105, 106, 107, 108, 109, 110, 111, 112, 113, 114, 115, 116]	[15952.12695, 73973.85156, 60390.76562, 48548.41406, 26646.46094, 83005.4375, 13812.58496, 67064.67188, 67579.47656, 40602.89062, 55659.40625, 61528.67188, 54659.36719, 87078.29688]	116	-7.15806	-100	1086
449.88729	52.57346	45937.47266	73581.69531	1	2	2	450.89456	52.56754	52.57346	0	0	[13, 14]	[27644.2207, 45937.47266]	14	-0.77815	-100	1087
2585.38194	53.18824	75736.9375	191479.07812	6	2	4	431.90427	53.16146	53.18824	0	0	[85, 86, 87, 88]	[56322.01172, 24540.97461, 34879.15625, 75736.9375]	88	4.74425	-100	1088
2585.38029	53.26325	74267.13281	101938.875	6	2	2	431.90399	53.25744	53.26325	0	0	[97, 98]	[27671.73828, 74267.13281]	98	6.6586	-100	1089
506.07622	52.58212	50767.80859	95030.3125	1	2	3	507.0835	52.58212	52.59703	0	0	[15, 16, 17]	[50767.80859, 16253.17578, 28009.32617]	15	6.46181	-100	1090
2303.42772	52.87779	62202.30078	249589.70312	6	2	8	384.9119	52.87188	52.92554	0	0	[47, 48, 49, 50, 51, 52, 53, 54]	[21416.03906, 62202.30078, 30847.13281, 25167.24414, 34493.83594, 12853.9043, 26788.53906, 35820.69922]	48	-4.05588	-100	1091
2705.44236	53.32662	175163.59375	3527431.25	6	2	31	451.91434	53.16907	53.41626	0	0	[86, 87, 88, 89, 90, 91, 92, 93, 94, 95, 96, 97, 98, 99, 100, 101, 102, 103, 104, 105, 106, 107, 108, 109, 110, 111, 112, 113, 114, 115, 116]	[117665.29688, 138581.34375, 95592.3125, 130007.92969, 109629.71875, 128491.27344, 143894.875, 130218.32812, 111098.58594, 106689.74219, 131949.96875, 135220.0625, 134103.375, 100392.625, 92401.24219, 114772.39062, 75541.75, 80146.86719, 83993.29688, 175163.59375, 108477.89844, 105319.52344, 119124.4375, 43302.42188, 105494.46875, 94324.49219, 77545.03906, 135654.01562, 133844.78125, 138627.0625, 130162.60938]	105	-0.77768	-100	1092
2034.42513	53.41626	95346.86719	209199.03125	5	2	3	407.8923	53.40141	53.41626	0	0	[114, 115, 116]	[67264.53906, 46587.62891, 95346.86719]	116	-7.52602	-100	1093
1651.01643	52.97574	25947.01758	66693.16406	4	2	3	413.76138	52.97574	52.992	0	0	[60, 61, 62]	[25947.01758, 25573.19922, 15172.94824]	60	-7.80888	-100	1094
420.90315	52.55588	97251.89844	1052943.25	1	2	16	421.91043	52.45331	52.58212	0	0	[0, 1, 2, 3, 4, 5, 6, 7, 8, 9, 10, 11, 12, 13, 14, 15]	[58897.03125, 58104.89844, 63982.82812, 91574.98438, 65456.75391, 28717.40625, 82518.25, 69338.86719, 58222.00391, 95813.73438, 29113.64258, 75253.76562, 97251.89844, 56376.94141, 64278.17188, 58042.09375]	12	-6.87603	-100	1095
503.88524	52.50173	67442.34375	283844.71875	1	2	6	504.89252	52.48818	52.52826	0	0	[4, 5, 6, 7, 8, 9]	[22543.85547, 66794.30469, 67442.34375, 64913.125, 22573.24219, 39577.84375]	6	-1.64238	-100	1096
1163.75414	53.26325	47293.78906	71314.82812	3	2	2	388.92532	53.25744	53.26325	0	0	[97, 98]	[24021.04297, 47293.78906]	98	-6.81341	-100	1097
441.92168	52.91945	27729.75781	50112.83984	1	2	2	442.92896	52.91945	52.92554	0	0	[53, 54]	[27729.75781, 22383.08203]	53	-4.55539	-100	1098
1052.85703	53.1339	26549.47461	47339.25781	2	2	2	527.43579	53.12797	53.1339	0	0	[80, 81]	[20789.7832, 26549.47461]	81	-1.47898	-100	1099
2567.4621	52.82727	167778.78125	963751.3125	4	2	8	642.8728	52.81844	52.87779	0	0	[41, 42, 43, 44, 45, 46, 47, 48]	[100518.9375, 167778.78125, 70240.88281, 99286.34375, 94490.85938, 164671.1875, 124732.92188, 142031.375]	42	-3.39169	-100	1100
724.79264	53.06014	21465.76953	48859.16797	2	2	3	363.40359	53.06014	53.07027	0	0	[70, 71, 72]	[21465.76953, 14139.74219, 13253.65527]	70	-7.7531	-100	1101
386.04787	53.41626	18493.42773	49289.39062	1	2	3	387.05515	53.40141	53.41626	0	0	[114, 115, 116]	[15912.57812, 14883.38184, 18493.42773]	116	6.94286	-100	1102
638.87316	53.1127	59338.36719	111185.79688	1	2	3	639.88043	53.10174	53.1127	0	0	[76, 77, 78]	[27702.85156, 24144.58203, 59338.36719]	78	-3.96237	-100	1103
435.98537	53.33276	43746.66797	98064.5625	1	2	3	436.99265	53.32662	53.34312	0	0	[105, 106, 107]	[34346.22656, 43746.66797, 19971.67578]	106	-3.09888	-100	1104
2374.48327	52.50173	57156.22656	153127.84375	5	2	4	475.90393	52.50173	52.52826	0	0	[6, 7, 8, 9]	[57156.22656, 46804.72266, 23680.71094, 25486.18359]	6	-5.46872	-100	1105
527.88439	53.26325	194348.96875	7748179	1	2	67	528.89166	52.75836	53.28849	0	0	[35, 36, 37, 38, 39, 40, 41, 42, 43, 44, 45, 46, 47, 48, 49, 50, 51, 52, 53, 54, 55, 56, 57, 58, 59, 60, 61, 62, 63, 64, 65, 66, 67, 68, 69, 70, 71, 72, 73, 74, 75, 76, 77, 78, 79, 80, 81, 82, 83, 84, 85, 86, 87, 88, 89, 90, 91, 92, 93, 94, 95, 96, 97, 98, 99, 100, 101]	[82092.53906, 112356.125, 94039.05469, 126564.90625, 54641.89844, 89449.60156, 91578.03906, 122021.19531, 89311.38281, 85658.33594, 105890.35156, 111899.49219, 98571.10156, 131464.3125, 116086.77344, 101000.60938, 142326.51562, 97855.86719, 189638.70312, 120713.53906, 107045.69531, 135718.60938, 92390.3125, 119153.08594, 87103.30469, 157148.73438, 100487.22656, 104440.17188, 90385.85938, 133976.125, 95040.125, 98523.63281, 182075.76562, 171408.6875, 83401.85938, 76143.33594, 88423.13281, 124647.33594, 124741.375, 104091.10938, 110569.75, 81133.59375, 77911.32812, 117156.33594, 152203.875, 143540.64062, 157692.54688, 110196.48438, 133558.21875, 114523.86719, 98533.23438, 88723.90625, 178047.125, 131891.82812, 114223, 81983.28125, 102325.79688, 139823.70312, 106170.1875, 106761.66406, 122544.69531, 123583.35156, 168977.625, 194348.96875, 96415.53125, 111421.79688, 144411.29688]	98	-1.22566	-100	1106
382.00655	52.94903	26311.91992	84438.20312	1	2	4	383.01382	52.94903	52.97574	0	0	[57, 58, 59, 60]	[26311.91992, 21153.5293, 13074.46191, 23898.29688]	57	3.4767	-100	1107
2405.66832	52.48818	69570.99219	211949.75	6	2	4	401.952	52.48818	52.50758	0	0	[4, 5, 6, 7]	[69570.99219, 67041.50781, 36794.75, 38542.49219]	4	-0.92703	-100	1108
1176.70639	52.54578	45762.32812	90093.84375	2	2	2	589.36047	52.54578	52.55588	0	0	[11, 12]	[45762.32812, 44331.51562]	11	-2.71333	-100	1109
1843.91469	53.15384	114713.27344	612906.125	3	2	9	615.64551	53.10174	53.15384	0	0	[76, 77, 78, 79, 80, 81, 82, 83, 84]	[30379.60352, 52913.80859, 32371.33398, 76640.90625, 61613.10156, 94590.52344, 106564.47656, 43119.12891, 114713.27344]	84	-3.71612	-100	1110
373.94148	52.70083	183715.23438	4132076.75	1	2	43	374.94876	52.45331	52.82727	0	0	[0, 1, 2, 3, 4, 5, 6, 7, 8, 9, 10, 11, 12, 13, 14, 15, 16, 17, 18, 19, 20, 21, 22, 23, 24, 25, 26, 27, 28, 29, 30, 31, 32, 33, 34, 35, 36, 37, 38, 39, 40, 41, 42]	[84153.38281, 78647.94531, 73077.13281, 87063.94531, 110168.33594, 76501.5625, 89649.82812, 74206.36719, 110627.77344, 30873.51172, 74993.42969, 88405.73438, 70356.5625, 101064.41406, 118168.82031, 122631.96094, 53535.48438, 89825.79688, 114707.125, 88600.85938, 116279.99219, 70781.5, 117598.13281, 122812.17969, 59775.36328, 118034.125, 105058.82812, 98522.30469, 128479.32812, 183715.23438, 105641.6875, 110169.90625, 101489.33594, 161742.07812, 89245.84375, 86500.74219, 96373.71875, 131837.26562, 96194.71875, 18723.94727, 60632.95312, 118089.45312, 97118.46875]	29	-3.17899	-100	1111
380.0103	52.4941	51276.07422	506586.78125	1	2	20	381.01758	52.45331	52.61341	0	0	[0, 1, 2, 3, 4, 5, 6, 7, 8, 9, 10, 11, 12, 13, 14, 15, 16, 17, 18, 19]	[41185.51953, 20710.23828, 24602.38867, 19922.20312, 15717.92188, 51276.07422, 21979.07031, 37627.77734, 24228.34961, 17557.7207, 13756.33594, 19038.49414, 22216.60547, 14588.97852, 27863.95117, 25612.17188, 20864.69531, 22127.22656, 19070.5625, 46640.56641]	5	-1.50171	-100	1112
1317.72487	52.54578	21177.64258	66901.48438	3	2	4	440.2489	52.52826	52.55588	0	0	[9, 10, 11, 12]	[15672.44434, 17088.48047, 21177.64258, 12962.91602]	11	2.74829	-100	1113
2549.2393	52.90324	193706.9375	861661.0625	6	2	6	425.88049	52.87779	52.91945	0	0	[48, 49, 50, 51, 52, 53]	[143741.46875, 105959.5, 116777.3125, 193706.9375, 156638.85938, 144836.9375]	51	-1.61507	-100	1114
2231.35081	53.28849	89707.99219	705234	6	2	13	372.89908	53.1942	53.28849	0	0	[89, 90, 91, 92, 93, 94, 95, 96, 97, 98, 99, 100, 101]	[61615.41797, 49436.47656, 48831.95312, 50108.07812, 46542.55469, 88828.64844, 19231.77539, 51053.44141, 71101.77344, 57302.55859, 24027.45117, 47445.85938, 89707.99219]	101	-4.97952	-100	1115
2543.38325	52.56754	63124.16797	113090.89844	4	2	3	636.85309	52.55588	52.57346	0	0	[12, 13, 14]	[23307.34961, 63124.16797, 26659.38281]	13	-2.69611	-100	1116
3311.49931	53.04385	51447.53516	75332.5	6	2	2	552.92383	53.04385	53.05422	0	0	[68, 69]	[51447.53516, 23884.96484]	68	-6.09167	-100	1117
1705.30488	53.30325	130453.71875	217840.39062	4	2	2	427.3335	53.29732	53.30325	0	0	[102, 103]	[87386.67188, 130453.71875]	103	-7.10186	-100	1118
2209.38363	52.69494	103309.49219	749978.25	5	2	13	442.884	52.621	52.73576	0	0	[20, 21, 22, 23, 24, 25, 26, 27, 28, 29, 30, 31, 32]	[50992.37109, 21029.51758, 37776.625, 55360.57812, 82225.50781, 24500.85352, 63744.08594, 29866.61719, 103309.49219, 63104.57812, 78361.14062, 71152.4375, 68554.46094]	28	-7.05307	-100	1119
1143.25182	52.90324	16191.88086	29389.28516	3	2	2	382.09122	52.90324	52.90917	0	0	[51, 52]	[16191.88086, 13197.40332]	51	-7.49664	-100	1120
3031.55024	52.95659	72165.61719	225161.21875	4	2	4	758.89484	52.95659	52.98166	0	0	[58, 59, 60, 61]	[72165.61719, 39372.46094, 63040.66406, 50582.46094]	58	1.07216	-100	1121
2231.35191	53.1339	96395.69531	942840.5625	6	2	16	372.89926	53.07027	53.17936	0	0	[72, 73, 74, 75, 76, 77, 78, 79, 80, 81, 82, 83, 84, 85, 86, 87]	[62722.51953, 22425.16992, 66419.41406, 83696.85938, 56728.32812, 72092.26562, 24128.13477, 53164.46875, 71890.09375, 96395.69531, 80530.82031, 55983.30859, 82343.11719, 33404.19922, 36836.99219, 44079.17969]	81	-6.32814	-100	1122
1244.71779	53.0276	32331.07031	53415.36719	3	2	2	415.91321	53.0276	53.0379	0	0	[66, 67]	[32331.07031, 21084.29883]	66	5.72152	-100	1123
2465.56614	52.94309	52822.28125	69427.71875	6	2	2	411.93497	52.94309	52.94903	0	0	[56, 57]	[52822.28125, 16605.43555]	56	2.14452	-100	1124
2704.90385	52.97574	46088.40234	64754.80469	6	2	2	451.82458	52.97574	52.98166	0	0	[60, 61]	[46088.40234, 18666.4043]	60	-2.56711	-100	1125
527.88433	52.70083	185837.29688	4171300.25	1	2	35	528.8916	52.45331	52.74671	0	0	[0, 1, 2, 3, 4, 5, 6, 7, 8, 9, 10, 11, 12, 13, 14, 15, 16, 17, 18, 19, 20, 21, 22, 23, 24, 25, 26, 27, 28, 29, 30, 31, 32, 33, 34]	[111745.58594, 82504.20312, 102800.84375, 102850.14062, 137532.73438, 157954.89062, 120235.29688, 84716.70312, 109353.38281, 82412.82812, 107175.67188, 109567.27344, 79159.35938, 143069.625, 137475.95312, 131604.76562, 117277.63281, 119460.71094, 144983.04688, 91782.28125, 134514.28125, 112981.125, 126456.42969, 146692.57812, 114587.54688, 146631.84375, 108597.85156, 133553.84375, 127096.69531, 185837.29688, 154200.26562, 82995.66406, 73554.57812, 127172.27344, 122765.28906]	29	-2.08363	-100	1126
431.94835	53.1127	20721.86328	59282.69531	1	2	3	432.95563	53.10174	53.1127	0	0	[76, 77, 78]	[18348.00195, 20212.83008, 20721.86328]	78	-3.55567	-100	1127
442.89028	52.94309	30701.86133	47055.48438	1	2	2	443.89755	52.94309	52.94903	0	0	[56, 57]	[30701.86133, 16353.625]	56	-0.15932	-100	1128
2134.36547	52.70979	65849.61719	96176.75	5	2	2	427.88037	52.70083	52.70979	0	0	[29, 30]	[30327.13477, 65849.61719]	30	-7.1739	-100	1129
473.90911	52.992	60611	179508.6875	1	2	5	474.91638	52.97574	53.00682	0	0	[60, 61, 62, 63, 64]	[21085.44727, 19861.46094, 60611, 22588.91797, 55361.86328]	62	-2.15996	-100	1130
748.06668	52.51793	12839.96289	21998.33398	2	2	2	375.04062	52.50758	52.51793	0	0	[7, 8]	[9158.37109, 12839.96289]	8	-7.70369	-100	1131
503.88579	52.89437	63760.84766	202502.34375	1	2	4	504.89307	52.87779	52.90324	0	0	[48, 49, 50, 51]	[51117.83203, 55349.01953, 63760.84766, 32274.64844]	50	-3.15337	-100	1132
2274.45039	52.60733	25035.16211	44286.40234	4	2	2	569.61987	52.60733	52.61341	0	0	[18, 19]	[25035.16211, 19251.24023]	18	1.53858	-100	1133
421.08025	53.31494	25243.36914	92012.01562	1	2	5	422.08752	53.31494	53.34909	0	0	[104, 105, 106, 107, 108]	[25243.36914, 20917.44141, 17996.26562, 11969.91895, 15885.0166]	104	-2.14741	-100	1134
1153.69295	52.66554	51523.55469	126609.73438	3	2	3	385.57159	52.65658	52.67161	0	0	[24, 25, 26]	[26245.90625, 51523.55469, 48840.27344]	25	6.80381	-100	1135
1655.32075	53.32662	20874.66797	36458.20312	4	2	2	414.83746	53.31494	53.32662	0	0	[104, 105]	[15583.53516, 20874.66797]	105	-4.24284	-100	1136
507.89726	53.0379	91929.07031	756287.5	1	2	11	508.90454	52.96548	53.05422	0	0	[59, 60, 61, 62, 63, 64, 65, 66, 67, 68, 69]	[75154.95312, 57391.26172, 63893.75781, 52994.5, 82713.96875, 83313.35156, 47526.86328, 57704.10156, 91929.07031, 69967.40625, 73698.23438]	67	-6.75183	-100	1137
384.05742	52.51793	21189.35938	51373.54688	1	2	3	385.0647	52.51793	52.53982	0	0	[8, 9, 10]	[21189.35938, 13787.00586, 16397.18164]	8	1.97088	-100	1138
2374.48358	52.48153	64128.87109	146264.54688	5	2	3	475.90399	52.45944	52.48153	0	0	[1, 2, 3]	[26672.00977, 55463.66406, 64128.87109]	3	-6.18829	-100	1139
1754.83506	53.00682	24196.99219	47908.91016	2	2	2	878.4248	53.0009	53.00682	0	0	[63, 64]	[23711.91797, 24196.99219]	64	1.03276	-100	1140
1619.55622	52.70083	1163321.375	42538980	4	2	68	405.89633	52.45331	53.0379	0	0	[0, 1, 2, 3, 4, 5, 6, 7, 8, 9, 10, 11, 12, 13, 14, 15, 16, 17, 18, 19, 20, 21, 22, 23, 24, 25, 26, 27, 28, 29, 30, 31, 32, 33, 34, 35, 36, 37, 38, 39, 40, 41, 42, 43, 44, 45, 46, 47, 48, 49, 50, 51, 52, 53, 54, 55, 56, 57, 58, 59, 60, 61, 62, 63, 64, 65, 66, 67]	[474489.96875, 404575.84375, 525060.875, 415987.15625, 607030.9375, 681931.625, 566163.6875, 423197.09375, 443777.21875, 282336.3125, 672261.25, 624437.5625, 420382.71875, 860211.375, 892279.4375, 827443.875, 479900.28125, 788335.625, 806966.375, 498894.84375, 633309.6875, 693530.875, 737900.8125, 655303.625, 500923.75, 869900.375, 765838, 591854.625, 602530.4375, 1163321.375, 715746.5, 567038.5, 763061, 977853, 599017.625, 453677.46875, 707497.3125, 732310.625, 650982.3125, 205429.65625, 509816.8125, 646686.375, 694346.4375, 352314.0625, 534533.125, 465249.125, 571734.1875, 463698.46875, 666046.5, 613434.125, 460953.875, 848191.125, 677873.125, 873606.5625, 632516.1875, 703484.875, 691522.3125, 522959.09375, 882404.5625, 456352.34375, 811195.75, 577953.1875, 518819.96875, 548256.375, 656338.9375, 499880.375, 516717.75, 859404.1875]	29	-7.21486	-100	1141
2244.37722	52.89437	79255.51562	132245.53125	5	2	3	449.88272	52.89437	52.90917	0	0	[50, 51, 52]	[79255.51562, 26060.29102, 26929.72852]	50	-3.83603	-100	1142
511.9243	52.77719	56395.64062	80407.89062	1	2	2	512.93158	52.77719	52.78476	0	0	[37, 38]	[56395.64062, 24012.25]	37	-4.36287	-100	1143
1919.4616	52.45331	63817.25	462273.4375	5	2	13	384.8996	52.45331	52.55588	0	0	[0, 1, 2, 3, 4, 5, 6, 7, 8, 9, 10, 11, 12]	[63817.25, 34598.77734, 22065.56445, 47056.45312, 24839.0293, 54184.47656, 26128.52344, 48011.98438, 23423.04297, 57442.64062, 13363.14062, 27368.36328, 19974.18164]	0	-0.79133	-100	1144
1027.59665	53.24847	51551.83203	96543.64062	2	2	2	514.8056	53.24254	53.24847	0	0	[95, 96]	[44991.80469, 51551.83203]	96	-3.19519	-100	1145
441.10469	52.81844	30102.00977	93414.45312	1	2	4	442.11197	52.80812	52.83323	0	0	[40, 41, 42, 43]	[17300.96484, 30102.00977, 28430.67773, 17580.79883]	41	3.04533	-100	1146
754.88175	52.46841	13403.01172	22614.56641	2	2	2	378.44815	52.46841	52.48153	0	0	[2, 3]	[13403.01172, 9211.55469]	2	2.33067	-100	1147
2405.6696	52.98166	45250.4375	83947.85938	6	2	2	401.95221	52.98166	52.992	0	0	[61, 62]	[45250.4375, 38697.42578]	61	3.43001	-100	1148
386.08522	53.05422	23725.56836	104857.72656	1	2	6	387.0925	53.0276	53.06523	0	0	[66, 67, 68, 69, 70, 71]	[10714.96289, 19426.85352, 18350.37305, 23725.56836, 23484.36328, 9155.60254]	69	3.03095	-100	1149
361.94045	53.26325	26465.25	52353.75781	1	2	3	362.94772	53.25744	53.27224	0	0	[97, 98, 99]	[15344.99121, 26465.25, 10543.51562]	98	-5.27542	-100	1150
2303.35392	52.97574	72722.33594	257773.32812	6	2	7	384.8996	52.95659	53.00682	0	0	[58, 59, 60, 61, 62, 63, 64]	[22045.00781, 16884.97266, 72722.33594, 70064.53125, 18791.17773, 29021.64062, 28243.67383]	60	-7.12285	-100	1151
789.99363	52.86425	14979.50781	25314.11328	2	2	2	396.00409	52.85389	52.86425	0	0	[45, 46]	[10334.60645, 14979.50781]	46	-2.84036	-100	1152
418.06105	52.48818	19565.65234	38654.80078	1	2	2	419.06833	52.48818	52.4941	0	0	[4, 5]	[19565.65234, 19089.14844]	4	0.86824	-100	1153
2226.39103	52.69494	349376.3125	11104329	6	2	42	372.07245	52.45331	52.81844	0	0	[0, 1, 2, 3, 4, 5, 6, 7, 8, 9, 10, 11, 12, 13, 14, 15, 16, 17, 18, 19, 20, 21, 22, 23, 24, 25, 26, 27, 28, 29, 30, 31, 32, 33, 34, 35, 36, 37, 38, 39, 40, 41]	[231496.3125, 254077.26562, 239936.46875, 284909.21875, 293723.375, 279377.1875, 309380.375, 238579.03125, 228353.04688, 252378.1875, 230924.35938, 269743.65625, 251168.82812, 279292.28125, 293532.65625, 343074.3125, 230431.79688, 293041.53125, 255054.8125, 201763.92188, 289269.0625, 273490.375, 281059.28125, 223456.5, 237171.60938, 235524.25, 222751.32812, 318043.0625, 349376.3125, 329188.5, 307060.96875, 226150.84375, 244431.625, 343681.125, 203934.5625, 201771.25, 346278.3125, 296267.34375, 237546.14062, 124952.67969, 316335.4375, 236350.10938]	28	-3.53892	-100	1154
503.85314	52.92554	57232.63281	102738.52344	1	2	3	504.86041	52.90917	52.92554	0	0	[52, 53, 54]	[17378.10547, 28127.78711, 57232.63281]	54	-4.79621	-100	1155
3565.21025	53.09276	61480.73828	171854.90625	6	2	4	595.20898	53.07027	53.09276	0	0	[72, 73, 74, 75]	[24547.41602, 29578.56445, 56248.1875, 61480.73828]	75	-3.60194	-100	1156
376.04885	52.90324	24554.58789	42243.76562	1	2	2	377.05612	52.90324	52.90917	0	0	[51, 52]	[24554.58789, 17689.17773]	51	6.60996	-100	1157
362.95384	53.00682	22777.25195	58590.74219	1	2	3	363.96112	52.992	53.00682	0	0	[62, 63, 64]	[13144.98926, 22668.50391, 22777.25195]	64	-7.61216	-100	1158
3304.92619	52.46841	46264.62109	87887.46875	6	2	2	551.82831	52.46841	52.48153	0	0	[2, 3]	[46264.62109, 41622.85156]	2	0.92224	-100	1159
396.92034	53.34909	19845.24609	31658.26562	1	2	2	397.92761	53.34312	53.34909	0	0	[107, 108]	[11813.01855, 19845.24609]	108	-4.59701	-100	1160
2639.28251	53.32662	76151.64062	452443.5625	6	2	10	440.8877	53.31494	53.3955	0	0	[104, 105, 106, 107, 108, 109, 110, 111, 112, 113]	[42613.38281, 76151.64062, 23868.37109, 48460.85156, 26073.41406, 71855.90625, 50649.97656, 25554.31055, 40588.75, 46626.96484]	105	-3.63161	-100	1161
743.0264	53.1942	16032.10742	28999.16406	2	2	2	372.52048	53.1942	53.20315	0	0	[89, 90]	[16032.10742, 12967.05762]	89	-7.88565	-100	1162
507.89711	53.1127	97800.19531	642771	1	2	11	508.90439	53.06523	53.1339	0	0	[71, 72, 73, 74, 75, 76, 77, 78, 79, 80, 81]	[45149.50391, 23491.39648, 87993.35938, 60444.40234, 86326.8125, 65064.75, 54058.24219, 97800.19531, 26765.96484, 67154.65625, 28521.75586]	78	-5.19372	-100	1163
467.89903	52.48818	52179.04688	222067.39062	1	2	5	468.90631	52.45331	52.48818	0	0	[0, 1, 2, 3, 4]	[46609.60156, 37919.75, 50419.57031, 34939.42188, 52179.04688]	4	3.37569	-100	1164
2196.22537	52.87779	86727.60938	187438.26562	5	2	4	440.25235	52.87188	52.89437	0	0	[47, 48, 49, 50]	[49892.1875, 86727.60938, 29414.02148, 21404.44727]	48	4.44774	-100	1165
456.28517	53.27224	41625.14844	87346.9375	1	2	3	457.29245	53.25744	53.27224	0	0	[97, 98, 99]	[20682.42969, 25039.35547, 41625.14844]	99	0.9143	-100	1166
2729.4116	52.87188	56026.19531	75477.13281	6	2	2	455.90921	52.86425	52.87188	0	0	[46, 47]	[19450.93555, 56026.19531]	47	-4.7584	-100	1167
1210.69872	52.45331	18043.67578	41988.92188	3	2	3	404.57352	52.45331	52.46841	0	0	[0, 1, 2]	[18043.67578, 11325.16992, 12620.0752]	0	-7.52324	-100	1168
377.9344	53.28849	28983.79102	81569.07031	1	2	4	378.94168	53.26325	53.28849	0	0	[98, 99, 100, 101]	[22901.98633, 19401.76758, 10281.52637, 28983.79102]	101	-1.00936	-100	1169
1363.85674	53.32662	22323.41797	63008.94141	3	2	3	455.62619	53.31494	53.33276	0	0	[104, 105, 106]	[19368.87305, 22323.41797, 21316.65234]	105	0.15356	-100	1170
692.84276	53.07922	51181.29297	74246.10938	1	2	2	693.85004	53.07922	53.08517	0	0	[73, 74]	[51181.29297, 23064.8125]	73	-4.32605	-100	1171
442.89006	53.05422	67339.14844	514606.875	1	2	14	443.89734	52.98166	53.08517	0	0	[61, 62, 63, 64, 65, 66, 67, 68, 69, 70, 71, 72, 73, 74]	[44900.44141, 40758.50781, 21478.10742, 44710.74609, 20689.37109, 16242.65918, 64457.05469, 22405.76758, 67339.14844, 31111.56641, 60792.48047, 33209.25, 24255.08789, 22256.6543]	69	-0.71692	-100	1172
507.89711	53.25744	91590.70312	648492.8125	1	2	11	508.90439	53.22235	53.29732	0	0	[92, 93, 94, 95, 96, 97, 98, 99, 100, 101, 102]	[27063.26562, 57753.93359, 56971.5625, 80335.82812, 54567.45703, 91590.70312, 72120.08594, 63787.10156, 60373.26953, 57489.66797, 26439.95508]	97	-5.64817	-100	1173
2351.27409	52.89437	276904.46875	6593182	6	2	41	392.88629	52.58808	52.94309	0	0	[16, 17, 18, 19, 20, 21, 22, 23, 24, 25, 26, 27, 28, 29, 30, 31, 32, 33, 34, 35, 36, 37, 38, 39, 40, 41, 42, 43, 44, 45, 46, 47, 48, 49, 50, 51, 52, 53, 54, 55, 56]	[162858.53125, 136062.01562, 144308.76562, 152885.625, 122600.27344, 126307, 108171.40625, 150302.09375, 178167.48438, 104346.4375, 132136.67188, 186811.45312, 209370.40625, 120973.90625, 197501.9375, 99847.70312, 109769.83594, 104826.51562, 101760.17188, 185214.9375, 228794.0625, 192355.875, 166164.625, 71438.66406, 201618.875, 187668.28125, 174685.79688, 129047.92188, 249607.78125, 140440.28125, 234474.23438, 213052.17188, 188712.60938, 151808.73438, 276904.46875, 152489.6875, 123840.47656, 214036.20312, 236699.98438, 69861.41406, 155257.65625]	50	1.72671	-100	1174
2504.4613	53.41626	75968.57812	217933.04688	5	2	5	501.89954	53.38512	53.41626	0	0	[112, 113, 114, 115, 116]	[33741.87109, 34635.85156, 51330.08594, 22256.66016, 75968.57812]	116	-4.85024	-100	1175
386.08528	52.45944	19531.15234	51364.07031	1	2	3	387.09256	52.45331	52.46841	0	0	[0, 1, 2]	[15326.33496, 19531.15234, 16506.58398]	1	3.71536	-100	1176
1036.70261	53.27224	38480.68359	61089.72266	2	2	2	519.35858	53.27224	53.27819	0	0	[99, 100]	[38480.68359, 22609.03906]	99	-1.13519	-100	1177
3389.78875	53.26325	118102.26562	299644.6875	5	2	5	678.96503	53.26325	53.29732	0	0	[98, 99, 100, 101, 102]	[118102.26562, 48943.03516, 65115.67969, 39906.44531, 27577.26953]	98	0.50681	-100	1178
503.88649	52.70979	53168.62109	76656.66406	1	2	2	504.89377	52.70979	52.72279	0	0	[30, 31]	[53168.62109, 23488.04297]	30	-5.05852	-100	1179
414.94405	52.74671	25970.7207	46457.25781	1	2	2	415.95132	52.74671	52.75836	0	0	[34, 35]	[25970.7207, 20486.53906]	34	-3.16078	-100	1180
1046.69761	53.09276	26570.6543	51970.12109	2	2	2	524.35608	53.08517	53.09276	0	0	[74, 75]	[25399.4668, 26570.6543]	75	2.23803	-100	1181
743.02591	52.4941	18780.80469	34089.97656	2	2	2	372.52023	52.4941	52.50173	0	0	[5, 6]	[18780.80469, 15309.17188]	5	-6.32928	-100	1182
381.98912	52.84353	27619.5332	87179.82812	1	2	4	382.9964	52.81844	52.84353	0	0	[41, 42, 43, 44]	[16641.8418, 19408.01758, 23510.43555, 27619.5332]	44	-0.19868	-100	1183
641.89519	52.87779	47342.76953	116676.29688	1	2	3	642.90247	52.86425	52.87779	0	0	[46, 47, 48]	[35536.04688, 33797.48828, 47342.76953]	48	1.7385	-100	1184
503.88512	52.95659	63104.35938	311956.71875	1	2	7	504.8924	52.93421	52.98166	0	0	[55, 56, 57, 58, 59, 60, 61]	[29979.86328, 30713.4043, 59006.57812, 63104.35938, 42332.84766, 25134.87305, 61684.80859]	58	-0.91973	-100	1185
964.7988	52.46841	22739.39258	57070.30469	2	2	3	483.40668	52.45331	52.46841	0	0	[0, 1, 2]	[15721.97266, 18608.94336, 22739.39258]	2	-2.52804	-100	1186
431.86272	52.60733	50246.64062	118022.98438	1	2	3	432.87	52.60733	52.621	0	0	[18, 19, 20]	[50246.64062, 19245.62305, 48530.71484]	18	-0.24814	-100	1187
435.02761	52.45331	18336.38867	33156.34375	1	2	2	436.03488	52.45331	52.45944	0	0	[0, 1]	[18336.38867, 14819.9541]	0	4.74542	-100	1188
361.94029	53.08517	22246.02734	36256.44531	1	2	2	362.94757	53.07922	53.08517	0	0	[73, 74]	[14010.41699, 22246.02734]	74	-5.27543	-100	1189
469.96861	53.31494	26169.48438	48401.10156	1	2	2	470.97589	53.30325	53.31494	0	0	[103, 104]	[22231.61523, 26169.48438]	104	-6.48831	-100	1190
377.93389	53.32662	24419.48242	105842.78125	1	2	6	378.94116	53.30325	53.34909	0	0	[103, 104, 105, 106, 107, 108]	[15952.61035, 15517.16504, 24419.48242, 22324.78516, 11073.48438, 16555.25195]	105	1.21123	-100	1191
376.04949	53.41034	26308.71289	197871.57812	1	2	10	377.05676	53.34312	53.41626	0	0	[107, 108, 109, 110, 111, 112, 113, 114, 115, 116]	[13162.52832, 19226.72461, 9351.92676, 20039.89648, 22203.90625, 13342.44922, 24555.48828, 24026.38281, 26308.71289, 25653.54297]	115	5.79641	-100	1192
420.07787	53.10769	17989.97461	35692	1	2	2	421.08514	53.10174	53.10769	0	0	[76, 77]	[17702.02344, 17989.97461]	77	-2.24127	-100	1193
407.86104	53.0379	37165.70312	114980.21875	1	2	5	408.86832	53.00682	53.04385	0	0	[64, 65, 66, 67, 68]	[30170.22461, 18529.9668, 16268.94922, 37165.70312, 12845.37695]	67	1.71162	-100	1194
378.96535	52.89437	28027.23828	85790.79688	1	2	4	379.97263	52.87188	52.89437	0	0	[47, 48, 49, 50]	[16708.61523, 24524.31445, 16530.62891, 28027.23828]	50	3.31736	-100	1195
1367.85842	53.07922	21756.9043	39712.23047	3	2	2	456.96008	53.07922	53.08517	0	0	[73, 74]	[21756.9043, 17955.32617]	73	-4.66296	-100	1196
399.93971	52.92554	62620.16016	333787.90625	1	2	12	400.94699	52.84353	52.93421	0	0	[44, 45, 46, 47, 48, 49, 50, 51, 52, 53, 54, 55]	[15651.12988, 20516.76172, 26400.39844, 36894.57812, 19758.16602, 18008.54883, 30947.25977, 29540.25781, 27122.41211, 25126.54883, 62620.16016, 21201.68555]	54	4.45254	-100	1197
1300.68133	53.33276	23709.91016	43744.8125	3	2	2	434.56772	53.33276	53.34312	0	0	[106, 107]	[23709.91016, 20034.9043]	106	-4.53316	-100	1198
360.00374	53.32662	88028.20312	771130.5625	1	2	13	361.01102	53.31494	53.41626	0	0	[104, 105, 106, 107, 108, 109, 110, 111, 112, 113, 114, 115, 116]	[64260.60938, 88028.20312, 64691.71484, 53000.23828, 62271.875, 37420.39062, 42141.21484, 63508.91406, 39285.03906, 69131.76562, 55555.07812, 47655.73438, 84179.75]	105	3.03875	-100	1199
386.9272	53.41626	35950.65625	62453.52734	1	2	2	387.93448	53.41034	53.41626	0	0	[115, 116]	[26502.87109, 35950.65625]	116	2.63129	-100	1200
814.12839	52.50173	48539.55078	128733.07812	2	2	5	408.07147	52.48818	52.51793	0	0	[4, 5, 6, 7, 8]	[21273.72852, 18975.20508, 48539.55078, 18161.48438, 21783.11133]	6	6.15503	-100	1201
373.94158	52.91945	145753.78125	4200796	1	2	46	374.94885	52.83323	53.18824	0	0	[43, 44, 45, 46, 47, 48, 49, 50, 51, 52, 53, 54, 55, 56, 57, 58, 59, 60, 61, 62, 63, 64, 65, 66, 67, 68, 69, 70, 71, 72, 73, 74, 75, 76, 77, 78, 79, 80, 81, 82, 83, 84, 85, 86, 87, 88]	[68260.98438, 74701.29688, 50960.88281, 107679.22656, 97410.52344, 101537.60156, 79035.11719, 94160.4375, 87197.83594, 74564.47656, 145753.78125, 95569.00781, 89532.97656, 101108.46094, 67548.66406, 102877.91406, 61482.95703, 122432.16406, 102840.15625, 46534.57422, 81639.35156, 101720.625, 109528.32031, 73360.875, 138622.60938, 116617.96094, 130275.39062, 57574.60547, 50034.42969, 69337.30469, 69600.42188, 143523.04688, 111564.8125, 115685.23438, 49741.99609, 107042.92188, 99752.89844, 87008.6875, 91307.78125, 111919.96094, 65366.11328, 116733.36719, 70758.96875, 71682.83594, 102199.22656, 87007.11719]	53	-2.66625	-100	1202
842.19638	53.15384	23597.80664	64701.27344	2	2	4	422.10547	53.14284	53.16146	0	0	[82, 83, 84, 85]	[15767.34473, 11208.94629, 23597.80664, 14127.17578]	84	-1.89297	-100	1203
435.98653	53.22899	22108.95508	73543.66406	1	2	4	436.9938	53.22899	53.24847	0	0	[93, 94, 95, 96]	[22108.95508, 20205.60156, 15219.07227, 16010.04004]	93	-3.26196	-100	1204
447.90938	52.46841	200302.65625	829703.8125	1	2	5	448.91666	52.45331	52.48818	0	0	[0, 1, 2, 3, 4]	[155589.29688, 149282.53125, 200302.65625, 187737.40625, 136791.92188]	2	-3.91645	-100	1205
360.00353	53.26325	90224.54688	717555.1875	1	2	12	361.0108	53.21347	53.29732	0	0	[91, 92, 93, 94, 95, 96, 97, 98, 99, 100, 101, 102]	[39394.83203, 43500.26172, 83319.08594, 53390.58984, 52374.61719, 68434.36719, 72761.42969, 90224.54688, 64750.00391, 38560.64453, 81203.14062, 29641.69922]	98	3.03875	-100	1206
398.94982	53.07027	22722.08008	53058.83984	1	2	3	399.95709	53.07027	53.08517	0	0	[72, 73, 74]	[22722.08008, 15523.91016, 14812.84766]	72	1.39658	-100	1207
1262.74718	53.30325	27641.08984	76921.17188	3	2	3	421.923	53.29732	53.31494	0	0	[102, 103, 104]	[22675.01953, 27641.08984, 26605.06055]	103	5.94441	-100	1208
2250.34105	52.50173	86562.42969	936003.8125	6	2	17	376.06412	52.45331	52.58808	0	0	[0, 1, 2, 3, 4, 5, 6, 7, 8, 9, 10, 11, 12, 13, 14, 15, 16]	[57349.83984, 49481.66797, 54339.97266, 37709.13281, 65695.60938, 65882.09375, 86562.42969, 50073.54297, 58806.02734, 54343.90625, 28919.60938, 41834.76953, 77448.80469, 67679.50781, 49417.73047, 50474.66406, 39984.4375]	6	6.04359	-100	1209
2351.27317	52.48153	248010.0625	2703471.75	6	2	16	392.88614	52.45331	52.58212	0	0	[0, 1, 2, 3, 4, 5, 6, 7, 8, 9, 10, 11, 12, 13, 14, 15]	[137463.17188, 183902.76562, 213453.89062, 248010.0625, 138076.45312, 167753.85938, 180172.5, 175721.45312, 172584.65625, 210881.03125, 137898.51562, 228588.26562, 204190.42188, 103616.82812, 108703.45312, 92454.48438]	3	1.63079	-100	1210
508.84908	53.17936	31733.38672	115651.85156	1	2	5	509.85635	53.16146	53.1942	0	0	[85, 86, 87, 88, 89]	[20393.2207, 19981.28516, 31733.38672, 22604.28516, 20939.68164]	87	2.2659	-100	1211
1256.82445	53.0379	28234.38477	94954.36719	3	2	5	419.94876	53.00682	53.04385	0	0	[64, 65, 66, 67, 68]	[17673.08594, 13161.38184, 20401.2793, 28234.38477, 15484.23145]	67	-7.72152	-100	1212
1230.77395	52.74168	20687.40625	39215.42969	3	2	2	411.26526	52.73576	52.74168	0	0	[32, 33]	[18528.02344, 20687.40625]	33	1.52182	-100	1213
408.041	53.41034	18473.18164	36176.75391	1	2	2	409.04828	53.41034	53.41626	0	0	[115, 116]	[18473.18164, 17703.57227]	115	1.44042	-100	1214
384.05724	53.12135	17935.10156	44825.19531	1	2	3	385.06451	53.10769	53.12135	0	0	[77, 78, 79]	[14271.47949, 12618.61523, 17935.10156]	79	1.5767	-100	1215
507.89754	53.41626	71037.79688	197536.0625	1	2	3	508.90482	53.40141	53.41626	0	0	[114, 115, 116]	[67244.60938, 59253.65625, 71037.79688]	116	-7.66072	-100	1216
1603.07404	52.87779	29340.25	89493.79688	4	2	4	401.77579	52.87779	52.90324	0	0	[48, 49, 50, 51]	[29340.25, 16106.0791, 18427.10547, 25620.35938]	48	1.76196	-100	1217
1127.57029	53.14284	24572.04688	44721.42969	2	2	2	564.79242	53.14284	53.14882	0	0	[82, 83]	[24572.04688, 20149.38086]	82	1.66853	-100	1218
406.06035	52.94309	32238.08984	71373.39062	1	2	3	407.06763	52.92554	52.94309	0	0	[54, 55, 56]	[22262.20703, 16873.08984, 32238.08984]	56	0.45341	-100	1219
382.00713	53.10769	22321.13086	57274.5625	1	2	3	383.0144	53.09276	53.10769	0	0	[75, 76, 77]	[17665.21289, 17288.21484, 22321.13086]	77	1.19201	-100	1220
390.02944	52.621	21378.94531	35049.70703	1	2	2	391.03671	52.61341	52.621	0	0	[19, 20]	[13670.76172, 21378.94531]	20	-5.20024	-100	1221
397.89098	52.54578	52308.80469	75506.11719	1	2	2	398.89825	52.54578	52.55588	0	0	[11, 12]	[52308.80469, 23197.31445]	11	-3.64553	-100	1222
431.86199	53.10174	61555.17188	78366.3125	1	2	2	432.86926	53.09276	53.10174	0	0	[75, 76]	[16811.13672, 61555.17188]	76	3.55673	-100	1223
478.94621	53.29732	44201.42188	149172.1875	1	2	4	479.95349	53.29732	53.32662	0	0	[102, 103, 104, 105]	[44201.42188, 24775.49414, 39760.83594, 40434.4375]	102	1.55915	-100	1224
360.00362	53.1127	91472.3125	3133949	1	2	51	361.01089	52.80812	53.20315	0	0	[40, 41, 42, 43, 44, 45, 46, 47, 48, 49, 50, 51, 52, 53, 54, 55, 56, 57, 58, 59, 60, 61, 62, 63, 64, 65, 66, 67, 68, 69, 70, 71, 72, 73, 74, 75, 76, 77, 78, 79, 80, 81, 82, 83, 84, 85, 86, 87, 88, 89, 90]	[47899.78516, 57015.70312, 63055.01562, 50153.65625, 66165.09375, 42570.63672, 48941.33594, 57961.87109, 74135, 59755.60938, 63534.56641, 57610.13672, 70508.97656, 78695.28906, 33675.00391, 65173.24609, 62581.96094, 51052.18359, 63919.01172, 61371.62109, 79515.78125, 69118.14844, 62200.32422, 78894.52344, 79876, 61785.05859, 52408, 74159.71094, 74081.28125, 51018.12891, 44461.21875, 65317.34375, 61225.08984, 57132.58594, 74170.76562, 72597.26562, 54609.38672, 69567.90625, 91472.3125, 49428.55859, 86226.95312, 47269.48438, 44238.37891, 57771.80078, 38481.91406, 69274.55469, 56631.57031, 61489.42578, 45929.25781, 74477.33594, 53343.01562]	78	2.93022	-100	1225
377.93459	52.94309	28480.25586	193323.29688	1	2	10	378.94186	52.93421	53.00682	0	0	[55, 56, 57, 58, 59, 60, 61, 62, 63, 64]	[20988.72461, 28480.25586, 19705.68945, 23510.52344, 11182.59961, 24412.07422, 19686.88281, 16837.6875, 11515.8457, 17003.01758]	56	-1.00936	-100	1226
1195.68709	52.96548	20212.26953	53680.98828	3	2	3	399.56964	52.96548	52.98166	0	0	[59, 60, 61]	[20212.26953, 18911.48047, 14557.2373]	59	6.07583	-100	1227
507.89681	52.4941	83103.57812	661795.1875	1	2	13	508.90408	52.45944	52.56754	0	0	[1, 2, 3, 4, 5, 6, 7, 8, 9, 10, 11, 12, 13]	[37941.32031, 79052.78125, 51399.39844, 58353.16406, 83103.57812, 48434.63281, 20675.41016, 51266.10938, 52942.63672, 46189.99609, 61198.72266, 41631.37109, 29606.05273]	5	-5.64817	-100	1228
418.06066	52.77719	16801.78125	45329.91016	1	2	3	419.06793	52.77126	52.78476	0	0	[36, 37, 38]	[13908.32812, 16801.78125, 14619.80176]	37	0.86824	-100	1229
377.9742	52.90324	61662.57812	463780.9375	1	2	13	378.98148	52.79515	52.90324	0	0	[39, 40, 41, 42, 43, 44, 45, 46, 47, 48, 49, 50, 51]	[8112.85693, 44473.07422, 29583.74219, 46284.67578, 34263.71094, 25087.01953, 32506.12305, 27908.70117, 43356.72656, 32519.02148, 48121.03125, 29901.69727, 61662.57812]	51	4.23863	-100	1230
964.79551	52.86425	32957.66406	53790.48047	2	2	2	483.40503	52.85389	52.86425	0	0	[45, 46]	[20832.81641, 32957.66406]	46	2.03649	-100	1231
2405.66758	53.0379	91431.48438	244922.09375	6	2	4	401.95187	53.0276	53.05422	0	0	[66, 67, 68, 69]	[38508.71875, 91431.48438, 65875.99219, 49105.91406]	67	3.98623	-100	1232
398.95037	52.46841	11888.58691	23696.60742	1	2	2	399.95764	52.46841	52.48153	0	0	[2, 3]	[11888.58691, 11808.02051]	2	2.14141	-100	1233
1237.66196	53.26325	36230.875	61883.42969	2	2	2	619.83826	53.25744	53.26325	0	0	[97, 98]	[25652.55469, 36230.875]	98	2.03203	-100	1234
457.91286	53.00682	61101.51953	155279.09375	1	2	3	458.92014	53.00682	53.0276	0	0	[64, 65, 66]	[61101.51953, 46054.21484, 48123.36328]	64	-5.98721	-100	1235
994.19461	53.36751	18209.91211	33953.32812	2	2	2	498.10458	53.36084	53.36751	0	0	[109, 110]	[15743.41602, 18209.91211]	110	-5.77414	-100	1236
503.88509	53.28849	54846.45312	103178.20312	1	2	3	504.89236	53.27819	53.29732	0	0	[100, 101, 102]	[20625.89648, 54846.45312, 27705.85352]	101	-2.03655	-100	1237
378.96538	53.28849	33152.83984	150912.42188	1	2	8	379.97266	53.23493	53.28849	0	0	[94, 95, 96, 97, 98, 99, 100, 101]	[16566.42383, 11557.12695, 12401.15332, 14412.55273, 28369.5, 12656.91504, 21795.9082, 33152.83984]	101	5.02631	-100	1238
380.0107	52.77719	24660.74414	121736.50781	1	2	6	381.01797	52.75836	52.80812	0	0	[35, 36, 37, 38, 39, 40]	[22104.79688, 16338.78613, 24660.74414, 24426.46289, 15632.64258, 18573.08008]	37	-1.50171	-100	1239
438.01784	53.14284	19439.14062	38544.99219	1	2	2	439.02512	53.1339	53.14284	0	0	[81, 82]	[19105.85352, 19439.14062]	82	-1.70068	-100	1240
438.01824	53.36751	18644.99609	29463.83594	1	2	2	439.02551	53.36084	53.36751	0	0	[109, 110]	[10818.83984, 18644.99609]	110	-2.91546	-100	1241
442.88976	53.16907	50166.05859	258008.59375	1	2	8	443.89703	53.14882	53.20315	0	0	[83, 84, 85, 86, 87, 88, 89, 90]	[35252.21094, 44862.60938, 36384.55078, 50166.05859, 21781.06055, 27207.21094, 16427.10352, 25927.77344]	86	0.23898	-100	1242
397.89037	52.85389	46816.89844	79095.71875	1	2	3	398.89764	52.83323	52.85389	0	0	[43, 44, 45]	[12107.73828, 20171.08398, 46816.89844]	45	6.4498	-100	1243
517.84325	53.25744	104918.16406	276718.34375	1	2	4	518.85052	53.25744	53.27819	0	0	[97, 98, 99, 100]	[104918.16406, 98158.72656, 23525.66016, 50115.80078]	97	-2.77496	-100	1244
468.86763	52.78476	158580.45312	4117419	1	2	39	469.87491	52.45331	52.78476	0	0	[0, 1, 2, 3, 4, 5, 6, 7, 8, 9, 10, 11, 12, 13, 14, 15, 16, 17, 18, 19, 20, 21, 22, 23, 24, 25, 26, 27, 28, 29, 30, 31, 32, 33, 34, 35, 36, 37, 38]	[128061.79688, 89943.75781, 92425.97656, 110755.39062, 117719.39844, 72454.77344, 105905.28125, 91763.44531, 117362.04688, 83481.25781, 104863.71875, 121209.39062, 103488.88281, 123225.99219, 132992.82812, 70941, 95125.90625, 110271.80469, 133333.14062, 93627.1875, 122476.77344, 94145.07812, 68244.05469, 95520.26562, 77442.82812, 106550.69531, 108800.03125, 95668.99219, 129208.33594, 112233.32031, 88377.10938, 78250.99219, 78936.03906, 102001.09375, 106882.41406, 99330.86719, 157636.73438, 138180.39062, 158580.45312]	38	0.80474	-100	1245
376.87642	52.69494	17121.51172	33504.64844	1	2	2	377.8837	52.68333	52.69494	0	0	[27, 28]	[16383.13867, 17121.51172]	28	6.18288	-100	1246
377.97414	52.57346	58789.46094	726025.1875	1	2	20	378.98141	52.45331	52.61341	0	0	[0, 1, 2, 3, 4, 5, 6, 7, 8, 9, 10, 11, 12, 13, 14, 15, 16, 17, 18, 19]	[57145.40234, 23952.84766, 40633.5, 41054.34766, 43149.58984, 49475.54688, 50399.81641, 37757.00391, 24510.8457, 34937.19922, 26800.5957, 21028.46484, 41549.00781, 21257.24414, 58789.46094, 47936.95312, 38894.60938, 22427.99023, 23461.3457, 20863.4043]	14	5.75243	-100	1247
1195.68654	53.10769	35953.28906	82005.5	3	2	3	399.56946	53.10769	53.12135	0	0	[77, 78, 79]	[35953.28906, 28509.52539, 17542.68945]	77	4.29982	-100	1248
378.96517	52.4941	23246.65234	97658.30469	1	2	5	379.97244	52.46841	52.50173	0	0	[2, 3, 4, 5, 6]	[15412.82227, 15629.42188, 20286.86523, 23246.65234, 23082.53711]	5	3.11631	-100	1249
507.89693	52.70083	83273.86719	982203.4375	1	2	16	508.90421	52.65047	52.78476	0	0	[23, 24, 25, 26, 27, 28, 29, 30, 31, 32, 33, 34, 35, 36, 37, 38]	[77596.875, 67213.10156, 71277.65625, 60517.87891, 56838.10938, 75452.27344, 83273.86719, 68052.99219, 56934.19141, 56546.17188, 65156.76172, 54326.32031, 41203.55859, 24335.00391, 61475.46094, 62003.25781]	29	-5.90786	-100	1250
1009.62247	53.37916	24068.76367	44127.80078	2	2	2	505.81851	53.37916	53.38512	0	0	[111, 112]	[24068.76367, 20059.03711]	111	-7.02056	-100	1251
483.78667	52.67161	60349.82422	132401.26562	1	2	4	484.79395	52.66554	52.69494	0	0	[25, 26, 27, 28]	[31151.13672, 60349.82422, 20774.00391, 20126.30273]	26	-4.39829	-100	1252
523.89311	52.78476	93617.78125	972626.3125	1	2	17	524.90039	52.70979	52.86425	0	0	[30, 31, 32, 33, 34, 35, 36, 37, 38, 39, 40, 41, 42, 43, 44, 45, 46]	[78270.05469, 49701.4375, 56985.88281, 77209.02344, 47682.71484, 51467.91797, 30176.18164, 52964.10938, 93617.78125, 18569.19922, 24316.69336, 50574.53516, 88944.53125, 76898.76562, 62370.85547, 52598.78906, 60277.76562]	38	-5.45442	-100	1253
503.88448	53.34909	49231.33203	154899.67188	1	2	5	504.89175	53.34312	53.37916	0	0	[107, 108, 109, 110, 111]	[45961.54297, 49231.33203, 19007.51367, 19780.94531, 20918.33203]	108	0.45987	-100	1254
403.89821	53.16907	46920.60156	157187.04688	1	2	4	404.90549	53.15384	53.17936	0	0	[84, 85, 86, 87]	[27553.05273, 44605.15234, 46920.60156, 38108.23828]	86	-2.3766	-100	1255
384.0573	53.36751	17184.94336	70512.85156	1	2	5	385.06458	53.34909	53.38512	0	0	[108, 109, 110, 111, 112]	[16113.30859, 11299.43652, 17184.94336, 14485.22363, 11429.94434]	110	1.5767	-100	1256
447.90901	53.34909	192998.26562	2708026.5	1	2	20	448.91629	53.25744	53.41626	0	0	[97, 98, 99, 100, 101, 102, 103, 104, 105, 106, 107, 108, 109, 110, 111, 112, 113, 114, 115, 116]	[80352.71875, 107792.60938, 125241.05469, 133925.6875, 153157.21875, 189734.20312, 63281.85938, 130372.34375, 179344.09375, 143993.03125, 115485.32812, 192998.26562, 94395.00781, 148258.78125, 115645.38281, 143121.53125, 129375.47656, 136465.3125, 174072.1875, 151014.57812]	108	-2.89818	-100	1257
386.92711	53.37916	32087.92969	109174.07031	1	2	4	387.93439	53.36751	53.3955	0	0	[110, 111, 112, 113]	[24556.00586, 32087.92969, 20921.75781, 31608.37305]	111	-1.07201	-100	1258
523.89324	52.58212	102573.94531	1111050.125	1	2	16	524.90051	52.53982	52.66554	0	0	[10, 11, 12, 13, 14, 15, 16, 17, 18, 19, 20, 21, 22, 23, 24, 25]	[74271.82031, 74466.67188, 60148.64062, 59691.22266, 66316.11719, 102573.94531, 63818.10156, 83255.55469, 72791.07812, 61717.94531, 27576.11133, 56405.65234, 58865.60938, 82571.10156, 73866.61719, 92713.9375]	15	-7.06596	-100	1259
398.95091	52.4941	19739.51562	38339.67188	1	2	2	399.95819	52.4941	52.50173	0	0	[5, 6]	[19739.51562, 18600.15625]	5	-2.0483	-100	1260
394.02675	53.31494	56154.69922	500112.1875	1	2	13	395.03403	53.31494	53.41626	0	0	[104, 105, 106, 107, 108, 109, 110, 111, 112, 113, 114, 115, 116]	[56154.69922, 23867.22852, 24540.59766, 42719.86328, 44088.73438, 52728.06641, 51521.04688, 55545.66406, 22079.50586, 28417.49023, 51766.60547, 13983.49707, 32699.1875]	104	-3.79386	-100	1261
386.92809	52.66554	31437.50781	234672.17188	1	2	10	387.93536	52.65047	52.73576	0	0	[23, 24, 25, 26, 27, 28, 29, 30, 31, 32]	[17547.32031, 29202.82617, 31437.50781, 26509.10156, 16041.08496, 20857.73828, 25760.60547, 15339.63086, 23211.9043, 28764.45312]	25	-3.11856	-100	1262
418.87047	53.0379	36405.78125	108774.625	1	2	5	419.87775	53.0379	53.06523	0	0	[67, 68, 69, 70, 71]	[36405.78125, 25835.73047, 12209.75488, 18239.46289, 16083.89746]	67	-3.2898	-100	1263
442.89015	53.34909	44980.04297	187220.5625	1	2	6	443.89743	53.31494	53.36084	0	0	[104, 105, 106, 107, 108, 109]	[26150.66797, 28915.69727, 26555.64844, 17874.17188, 44980.04297, 42744.33203]	108	-0.47795	-100	1264
852.73856	52.95659	27771.5332	52584.92969	2	2	2	427.37656	52.94903	52.95659	0	0	[57, 58]	[24813.39453, 27771.5332]	58	1.18242	-100	1265
432.24501	52.48153	44049.34375	69659.34375	1	2	2	433.25229	52.46841	52.48153	0	0	[2, 3]	[25610.00195, 44049.34375]	3	4.7911	-100	1266
964.79422	53.34909	26816.81836	45797.18359	2	2	2	483.40439	53.34312	53.34909	0	0	[107, 108]	[18980.36523, 26816.81836]	108	3.37074	-100	1267
418.87142	53.16146	45400.90625	98279.46875	1	2	3	419.87869	53.15384	53.16907	0	0	[84, 85, 86]	[30996.9043, 45400.90625, 21881.65234]	85	-4.15553	-100	1268
377.97399	53.28849	58342.92188	1146970.875	1	2	32	378.98126	53.06523	53.29732	0	0	[71, 72, 73, 74, 75, 76, 77, 78, 79, 80, 81, 82, 83, 84, 85, 86, 87, 88, 89, 90, 91, 92, 93, 94, 95, 96, 97, 98, 99, 100, 101, 102]	[17285.71289, 24731.95898, 23087.12695, 41291.06641, 45579.04297, 22988.88086, 31984.64648, 25864.51367, 27309.125, 54029.79688, 24558.53711, 27257.30664, 54633.27734, 17136.76758, 48766.09375, 35436.6875, 49276.39062, 42626.32031, 47330.87109, 47586.38281, 32269.25195, 49633.80469, 40632.81641, 17179.0332, 46244.73438, 21576.69141, 45649.66016, 34712.87109, 37832.04297, 33482.69922, 58342.92188, 20653.7832]	101	6.45887	-100	1269
1300.68123	53.40141	26682.74414	72110.72656	3	2	3	434.56769	53.40141	53.41626	0	0	[114, 115, 116]	[26682.74414, 21155.35547, 24272.62695]	114	-3.95621	-100	1270
3489.58515	52.46841	84768.14844	104753.29688	4	2	2	873.40356	52.46841	52.48153	0	0	[2, 3]	[84768.14844, 19985.14648]	2	-2.83689	-100	1271
517.84172	52.70083	126533.41406	777653.25	1	2	14	518.849	52.65658	52.77719	0	0	[24, 25, 26, 27, 28, 29, 30, 31, 32, 33, 34, 35, 36, 37]	[53697.84766, 49286.14062, 24893.89648, 59114.71094, 23227.69727, 126533.41406, 69624.58594, 61174.48438, 59987.88281, 80638.05469, 25818.37109, 63291.65234, 51487.23047, 28877.25781]	29	-0.50454	-100	1272
398.95217	52.52826	25611.96289	70074.97656	1	2	3	399.95944	52.51793	52.53982	0	0	[8, 9, 10]	[20109.33789, 25611.96289, 24353.67383]	9	-6.98282	-100	1273
381.98876	53.16146	43285.6875	98758.57812	1	2	4	382.99603	53.14882	53.16907	0	0	[83, 84, 85, 86]	[18524.75781, 17805.51562, 43285.6875, 19142.61328]	85	-0.69539	-100	1274
1052.85727	52.95659	25709.7832	42868.15625	2	2	2	527.43591	52.94903	52.95659	0	0	[57, 58]	[17158.37109, 25709.7832]	58	-5.66943	-100	1275
445.99205	53.3955	86333.9375	741292.625	1	2	13	446.99933	53.31494	53.41626	0	0	[104, 105, 106, 107, 108, 109, 110, 111, 112, 113, 114, 115, 116]	[21656.65039, 51033.23828, 69646.5625, 59017.08203, 62922.55078, 44631.10547, 59549.79688, 56650.45312, 43256.39062, 86333.9375, 63511.98047, 64865.02734, 58217.89844]	113	-3.23213	-100	1276
408.03893	52.46841	13850.46484	33489.89844	1	2	3	409.0462	52.45331	52.46841	0	0	[0, 1, 2]	[8854.05176, 10785.38281, 13850.46484]	2	2.79083	-100	1277
373.94179	53.41626	112028.60156	494507.53125	1	2	6	374.94907	53.37916	53.41626	0	0	[111, 112, 113, 114, 115, 116]	[96795.15625, 42360.62109, 70872.07812, 104970.5625, 67480.48438, 112028.60156]	116	-4.30701	-100	1278
386.92751	52.80812	35811.29688	94590.64062	1	2	3	387.93478	52.80812	52.82727	0	0	[40, 41, 42]	[35811.29688, 34037.21484, 24742.12109]	40	-0.48728	-100	1279
417.95415	53.3955	56890.51953	130589.8125	1	2	5	418.96143	53.38512	53.41626	0	0	[112, 113, 114, 115, 116]	[11852.13477, 56890.51953, 26401.48438, 15306.66406, 20139.00781]	113	0.34743	-100	1280
380.0107	52.70979	53990.96875	308960.9375	1	2	10	381.01797	52.65658	52.74168	0	0	[24, 25, 26, 27, 28, 29, 30, 31, 32, 33]	[18446.61133, 25624.21875, 22380.05273, 48907.18359, 29754.73438, 31905.04688, 53990.96875, 15180.71484, 43659.51953, 19111.88672]	30	-1.80205	-100	1281
414.94338	53.0009	27818.43359	61764.35156	1	2	3	415.95065	52.992	53.00682	0	0	[62, 63, 64]	[15804.67578, 27818.43359, 18141.24414]	63	-2.45839	-100	1282
403.90016	52.54578	30765.38672	59739.50781	1	2	2	404.90744	52.54578	52.55588	0	0	[11, 12]	[30765.38672, 28974.12305]	11	-7.49538	-100	1283
446.86879	53.27819	26718.43555	72164.6875	1	2	3	447.87607	53.27819	53.29732	0	0	[100, 101, 102]	[26718.43555, 20689.16602, 24757.08594]	100	1.33623	-100	1284
414.94386	53.33276	24296.75586	39712.24219	1	2	2	415.95114	53.33276	53.34312	0	0	[106, 107]	[24296.75586, 15415.48535]	106	-2.45839	-100	1285
1195.68801	53.32662	17126.78906	55951.17969	3	2	4	399.56995	53.31494	53.34312	0	0	[104, 105, 106, 107]	[11897.125, 17126.78906, 10526.69727, 16400.56836]	105	1.21516	-100	1286
894.11972	52.57346	23146.69336	87235.89062	2	2	4	448.06714	52.57346	52.59703	0	0	[14, 15, 16, 17]	[23146.69336, 21477.42969, 20441.02734, 22170.74023]	14	5.58651	-100	1287
378.06526	53.1339	53415.65625	356336.75	1	2	14	379.07254	53.08517	53.17936	0	0	[74, 75, 76, 77, 78, 79, 80, 81, 82, 83, 84, 85, 86, 87]	[24620.64844, 44321.10156, 24082.11914, 20336.56445, 16002.30469, 29919.69922, 11051.22266, 53415.65625, 17986.82422, 43797.89844, 26049.74805, 9165.36914, 15531.70312, 20055.88281]	81	-0.70618	-100	1288
445.9922	53.21347	93139.77344	473669.8125	1	2	7	446.99948	53.18824	53.23493	0	0	[88, 89, 90, 91, 92, 93, 94]	[86921.67188, 47738.02344, 55811.54688, 93139.77344, 76757.64062, 63770.01172, 49531.17188]	91	-3.78395	-100	1289
378.06505	52.58212	53776.17578	426859.625	1	2	23	379.07233	52.51793	52.70979	0	0	[8, 9, 10, 11, 12, 13, 14, 15, 16, 17, 18, 19, 20, 21, 22, 23, 24, 25, 26, 27, 28, 29, 30]	[21867.14648, 14237.08496, 11677.59473, 23796.83984, 12860.57129, 16342.75879, 15382.9834, 53776.17578, 10392.08203, 21628.58789, 12877.79102, 17780.47852, 24392.23633, 17542.61914, 15290.76465, 16268.24512, 19419.51758, 12434.54297, 16271.42285, 14642.71387, 16634.69727, 21338.23438, 20004.50586]	15	-0.10088	-100	1290
493.8972	52.53982	74105.40625	670387.125	1	2	14	494.90448	52.53982	52.65047	0	0	[10, 11, 12, 13, 14, 15, 16, 17, 18, 19, 20, 21, 22, 23]	[74105.40625, 39740.32812, 64974.83594, 55913.39844, 58708.58203, 64284.02344, 16482.70117, 56011.52344, 61110.47656, 60631.66797, 25629.39062, 27015.05273, 36411.97656, 29367.7207]	10	6.29517	-100	1291
378.96529	52.63889	17093.76562	29675.77344	1	2	2	379.97256	52.63889	52.65047	0	0	[22, 23]	[17093.76562, 12582.00781]	22	4.42315	-100	1292
378.06529	53.40141	54185.08203	165007.51562	1	2	5	379.07257	53.38512	53.41626	0	0	[112, 113, 114, 115, 116]	[18631.75, 23237.58594, 54185.08203, 45935.23047, 23017.86328]	114	-0.40353	-100	1293
493.89842	52.70083	71314.16406	298312.0625	1	2	7	494.9057	52.65658	52.70979	0	0	[24, 25, 26, 27, 28, 29, 30]	[21019.63281, 55614.55469, 29338.875, 41940.10938, 25848.94922, 71314.16406, 53235.76562]	29	4.33214	-100	1294
466.87398	52.77719	23894.60742	66019.53906	1	2	3	467.88126	52.75836	52.77719	0	0	[35, 36, 37]	[19508.16992, 22616.75781, 23894.60742]	37	-5.89002	-100	1295
1065.69358	53.04385	30311.90625	58881.94141	2	2	2	533.85406	53.0379	53.04385	0	0	[67, 68]	[28570.03516, 30311.90625]	68	-1.08931	-100	1296
377.97429	53.3955	52719.86719	493265.34375	1	2	13	378.98157	53.31494	53.41626	0	0	[104, 105, 106, 107, 108, 109, 110, 111, 112, 113, 114, 115, 116]	[42050.80859, 22139.97656, 46594.29297, 28166.5625, 47692.96875, 37493.56641, 15839.13184, 31499.20312, 45893.97266, 52719.86719, 30115.33984, 42170.12109, 50889.54297]	113	4.13771	-100	1297
379.89763	53.17936	19977.42773	113676.82031	1	2	7	380.90491	53.1339	53.17936	0	0	[81, 82, 83, 84, 85, 86, 87]	[18358.69531, 13782.65918, 15917.92773, 18896.61719, 13413.5957, 13329.89453, 19977.42773]	87	-5.90934	-100	1298
363.8474	53.32662	18972.60156	44900.07031	1	2	3	364.85468	53.32662	53.34312	0	0	[105, 106, 107]	[18972.60156, 15668.54199, 10258.92676]	105	-7.90476	-100	1299
396.02471	53.32662	29210.95898	68844.50781	1	2	4	397.03198	53.31494	53.34312	0	0	[104, 105, 106, 107]	[13818.52344, 29210.95898, 15666.15625, 10148.86719]	105	-6.68346	-100	1300
379.89711	52.59703	25182.99414	79148.24219	1	2	4	380.90439	52.58808	52.61341	0	0	[16, 17, 18, 19]	[20070.76953, 25182.99414, 11463.32617, 22431.14844]	17	-5.20824	-100	1301
418.87142	52.83323	32697.55859	75768.28125	1	2	3	419.87869	52.81844	52.83323	0	0	[41, 42, 43]	[26579.6582, 16491.07031, 32697.55859]	43	-4.5884	-100	1302
380.08092	53.00682	14033.66016	39906.26172	1	2	3	381.0882	53.00682	53.0276	0	0	[64, 65, 66]	[14033.66016, 12181.24414, 13691.3584]	64	2.00173	-100	1303
372.98995	53.12135	96353.05469	3689886.75	1	2	62	373.99722	52.93421	53.41626	0	0	[55, 56, 57, 58, 59, 60, 61, 62, 63, 64, 65, 66, 67, 68, 69, 70, 71, 72, 73, 74, 75, 76, 77, 78, 79, 80, 81, 82, 83, 84, 85, 86, 87, 88, 89, 90, 91, 92, 93, 94, 95, 96, 97, 98, 99, 100, 101, 102, 103, 104, 105, 106, 107, 108, 109, 110, 111, 112, 113, 114, 115, 116]	[65169.9375, 79675.94531, 18396.10156, 64204.50391, 42027.66797, 55468.60156, 38321.5625, 65453.27734, 70505.71094, 92206.9375, 48157.51562, 22848.53125, 85080.49219, 55465.60156, 59822.50391, 59785.42188, 35260.01562, 60135.54297, 57821.33594, 46623.48828, 58160.16016, 68349.80469, 65155.14844, 77599.59375, 96353.05469, 63464.90625, 78313.07812, 55846.08984, 79405.91406, 55502.36328, 50985.21484, 55460.94141, 68086.82812, 67795.89062, 68108.29688, 61024.77344, 62669.23047, 27109.09961, 50838.14062, 92169.64062, 46792.67969, 71778.89844, 48319.76172, 89092.17969, 40856.95312, 44789.57812, 59394.45312, 60650.18359, 25119.08203, 79468.6875, 59713.19531, 51391.02734, 43948.54688, 79216.64844, 16536.2168, 58491.24219, 88476.28906, 38807.18359, 78700.14844, 58951.60547, 56424.92969, 68137.67188]	79	3.70579	-100	1304
377.93428	52.68333	26385.36719	189036.53125	1	2	10	378.94156	52.65658	52.74168	0	0	[24, 25, 26, 27, 28, 29, 30, 31, 32, 33]	[13247.20996, 24026.30859, 25395.18555, 26385.36719, 11181.34961, 16433.89453, 23182.49023, 13735.13281, 10873.20898, 24576.39258]	27	1.31216	-100	1305
363.01479	53.34909	21403.97852	57356.74219	1	2	4	364.02206	53.34312	53.36751	0	0	[107, 108, 109, 110]	[13118.5166, 21403.97852, 9744.94336, 13089.30469]	108	-6.10964	-100	1306
386.92729	52.96548	29519.72266	203800.375	1	2	10	387.93457	52.93421	53.00682	0	0	[55, 56, 57, 58, 59, 60, 61, 62, 63, 64]	[26129.77539, 20044.68359, 21105.29492, 14705.3623, 29519.72266, 15674.20508, 25905.83203, 9114.36816, 25420.57031, 16180.55566]	59	1.75419	-100	1307
750.79203	52.77719	64814.61328	122329.66406	2	2	4	376.40329	52.77719	52.80812	0	0	[37, 38, 39, 40]	[64814.61328, 26304.7168, 11890.02637, 19320.31055]	37	-6.94683	-100	1308
401.88768	53.37916	60750.21484	192137.79688	1	2	6	402.89496	53.34312	53.38512	0	0	[107, 108, 109, 110, 111, 112]	[28681.72656, 22023.98242, 24559.33789, 24626.22461, 60750.21484, 31496.3125]	111	3.49946	-100	1309
515.84471	52.8854	26261.83398	52093.09766	1	2	2	516.85199	52.8854	52.89437	0	0	[49, 50]	[26261.83398, 25831.26367]	49	6.597	-100	1310
386.851	52.58212	54074.50781	512432.75	1	2	20	387.85828	52.45331	52.61341	0	0	[0, 1, 2, 3, 4, 5, 6, 7, 8, 9, 10, 11, 12, 13, 14, 15, 16, 17, 18, 19]	[14231.03027, 20022.95508, 26956.64648, 20446.74219, 46221.35156, 49497.35547, 23756.10547, 19864.54297, 17102.74023, 15180.48242, 49080.66016, 16810.90234, 15237.06348, 25068.12695, 27383.35938, 54074.50781, 11265.05762, 26172.16016, 22552.73438, 11508.24219]	15	-7.79871	-100	1311
382.97878	53.34312	11164.30859	21219.32812	1	2	2	383.98605	53.33276	53.34312	0	0	[106, 107]	[10055.01953, 11164.30859]	107	3.85938	-100	1312
516.88787	52.992	32938.29297	82854.07031	1	2	3	517.89514	52.97574	52.992	0	0	[60, 61, 62]	[25523.94727, 24391.83008, 32938.29297]	62	5.69173	-100	1313
442.89037	52.75836	25935.5957	85693.90625	1	2	4	443.89764	52.73576	52.75836	0	0	[32, 33, 34, 35]	[19955.12891, 22969.97656, 16833.20312, 25935.5957]	35	-2.07111	-100	1314
